[    1076ms] [WARNING] [expo-notifications] Listening to push token changes is not yet fully supported on web. Adding a listener will have no effect. @ http://localhost:8083/index.ts.bundle?platform=web&dev=true&hot=false&lazy=true&transform.engine=hermes&transform.routerRoot=app&unstable_transformProfile=hermes-stable:124750
[    1082ms] [LOG] Running application "main" with appParams:
 {rootTag: #root, hydrate: undefined} 
Development-level warnings: ON.
Performance optimizations: OFF. @ http://localhost:8083/index.ts.bundle?platform=web&dev=true&hot=false&lazy=true&transform.engine=hermes&transform.routerRoot=app&unstable_transformProfile=hermes-stable:124750
[    1085ms] [INFO] %cDownload the React DevTools for a better development experience: https://react.dev/link/react-devtools font-weight:bold @ http://localhost:8083/index.ts.bundle?platform=web&dev=true&hot=false&lazy=true&transform.engine=hermes&transform.routerRoot=app&unstable_transformProfile=hermes-stable:124750
[    1117ms] [WARNING] [sslPinning] status: not-installed. Initialisation failed — pinning NOT active. Error: Cannot find module 'react-native-ssl-public-key-pinning'
    at metroRequire (http://localhost:8083/index.ts.bundle?platform=web&dev=true&hot=false&lazy=true&transform.engine=hermes&transform.routerRoot=app&unstable_transformProfile=hermes-stable:61:15)
    at metroRequire.metroImportAll [as importAll] (http://localhost:8083/index.ts.bundle?platform=web&dev=true&hot=false&lazy=true&transform.engine=hermes&transform.routerRoot=app&unstable_transformProfile=hermes-stable:105:21)
    at importAll (http://localhost:8083/index.ts.bundle?platform=web&dev=true&hot=false&lazy=true&transform.engine=hermes&transform.routerRoot=app&unstable_transformProfile=hermes-stable:153047:37)
    at asyncRequireImpl (http://localhost:8083/index.ts.bundle?platform=web&dev=true&hot=false&lazy=true&transform.engine=hermes&transform.routerRoot=app&unstable_transformProfile=hermes-stable:153055:16)
    at asyncRequire (http://localhost:8083/index.ts.bundle?platform=web&dev=true&hot=false&lazy=true&transform.engine=hermes&transform.routerRoot=app&unstable_transformProfile=hermes-stable:153074:17)
    at initializeSslPinning (http://localhost:8083/index.ts.bundle?platform=web&dev=true&hot=false&lazy=true&transform.engine=hermes&transform.routerRoot=app&unstable_transformProfile=hermes-stable:223577:89)
    at initializeAppBootstrapState (http://localhost:8083/index.ts.bundle?platform=web&dev=true&hot=false&lazy=true&transform.engine=hermes&transform.routerRoot=app&unstable_transformProfile=hermes-stable:120335:96)
    at http://localhost:8083/index.ts.bundle?platform=web&dev=true&hot=false&lazy=true&transform.engine=hermes&transform.routerRoot=app&unstable_transformProfile=hermes-stable:120381:7
    at Object.react_stack_bottom_frame (http://localhost:8083/index.ts.bundle?platform=web&dev=true&hot=false&lazy=true&transform.engine=hermes&transform.routerRoot=app&unstable_transformProfile=hermes-stable:141303:20)
    at runWithFiberInDEV (http://localhost:8083/index.ts.bundle?platform=web&dev=true&hot=false&lazy=true&transform.engine=hermes&transform.routerRoot=app&unstable_transformProfile=hermes-stable:128591:70) @ http://localhost:8083/index.ts.bundle?platform=web&dev=true&hot=false&lazy=true&transform.engine=hermes&transform.routerRoot=app&unstable_transformProfile=hermes-stable:124750
[    1147ms] [WARNING] [apiClient] SecureStore unavailable — auth tokens will fall back to unencrypted AsyncStorage @ http://localhost:8083/index.ts.bundle?platform=web&dev=true&hot=false&lazy=true&transform.engine=hermes&transform.routerRoot=app&unstable_transformProfile=hermes-stable:124750
[    3140ms] [WARNING] "shadow*" style props are deprecated. Use "boxShadow". @ http://localhost:8083/index.ts.bundle?platform=web&dev=true&hot=false&lazy=true&transform.engine=hermes&transform.routerRoot=app&unstable_transformProfile=hermes-stable:124750
[    3144ms] [WARNING] [Reanimated] Reduced motion setting is overwritten with mode 'system'. @ http://localhost:8083/index.ts.bundle?platform=web&dev=true&hot=false&lazy=true&transform.engine=hermes&transform.routerRoot=app&unstable_transformProfile=hermes-stable:124750
[    3167ms] [WARNING] Require cycle: src/i18n/index.ts -> src/i18n/i18n.ts -> src/i18n/index.ts

Require cycles are allowed, but can result in uninitialized values. Consider refactoring to remove the need for a cycle. @ http://localhost:8083/index.ts.bundle?platform=web&dev=true&hot=false&lazy=true&transform.engine=hermes&transform.routerRoot=app&unstable_transformProfile=hermes-stable:124750
[    3168ms] [WARNING] Require cycle: src/i18n/index.ts -> src/i18n/i18n.ts -> src/i18n/index.ts

Require cycles are allowed, but can result in uninitialized values. Consider refactoring to remove the need for a cycle. @ http://localhost:8083/index.ts.bundle?platform=web&dev=true&hot=false&lazy=true&transform.engine=hermes&transform.routerRoot=app&unstable_transformProfile=hermes-stable:124750
[    3169ms] [WARNING] Require cycle: src/i18n/index.ts -> src/i18n/i18n.ts -> src/i18n/index.ts

Require cycles are allowed, but can result in uninitialized values. Consider refactoring to remove the need for a cycle. @ http://localhost:8083/index.ts.bundle?platform=web&dev=true&hot=false&lazy=true&transform.engine=hermes&transform.routerRoot=app&unstable_transformProfile=hermes-stable:124750
[    3170ms] [WARNING] Require cycle: src/i18n/index.ts -> src/i18n/i18n.ts -> src/i18n/index.ts

Require cycles are allowed, but can result in uninitialized values. Consider refactoring to remove the need for a cycle. @ http://localhost:8083/index.ts.bundle?platform=web&dev=true&hot=false&lazy=true&transform.engine=hermes&transform.routerRoot=app&unstable_transformProfile=hermes-stable:124750
[    3171ms] [WARNING] Require cycle: src/i18n/index.ts -> src/i18n/i18n.ts -> src/i18n/index.ts

Require cycles are allowed, but can result in uninitialized values. Consider refactoring to remove the need for a cycle. @ http://localhost:8083/index.ts.bundle?platform=web&dev=true&hot=false&lazy=true&transform.engine=hermes&transform.routerRoot=app&unstable_transformProfile=hermes-stable:124750
[    3172ms] [WARNING] Require cycle: src/i18n/index.ts -> src/i18n/i18n.ts -> src/i18n/index.ts

Require cycles are allowed, but can result in uninitialized values. Consider refactoring to remove the need for a cycle. @ http://localhost:8083/index.ts.bundle?platform=web&dev=true&hot=false&lazy=true&transform.engine=hermes&transform.routerRoot=app&unstable_transformProfile=hermes-stable:124750
[    3173ms] [WARNING] Require cycle: src/i18n/index.ts -> src/i18n/i18n.ts -> src/i18n/index.ts

Require cycles are allowed, but can result in uninitialized values. Consider refactoring to remove the need for a cycle. @ http://localhost:8083/index.ts.bundle?platform=web&dev=true&hot=false&lazy=true&transform.engine=hermes&transform.routerRoot=app&unstable_transformProfile=hermes-stable:124750
[    3174ms] [WARNING] Require cycle: src/i18n/index.ts -> src/i18n/i18n.ts -> src/i18n/index.ts

Require cycles are allowed, but can result in uninitialized values. Consider refactoring to remove the need for a cycle. @ http://localhost:8083/index.ts.bundle?platform=web&dev=true&hot=false&lazy=true&transform.engine=hermes&transform.routerRoot=app&unstable_transformProfile=hermes-stable:124750
[    3175ms] [WARNING] Require cycle: src/i18n/index.ts -> src/i18n/i18n.ts -> src/i18n/index.ts

Require cycles are allowed, but can result in uninitialized values. Consider refactoring to remove the need for a cycle. @ http://localhost:8083/index.ts.bundle?platform=web&dev=true&hot=false&lazy=true&transform.engine=hermes&transform.routerRoot=app&unstable_transformProfile=hermes-stable:124750
[    3176ms] [WARNING] Require cycle: src/i18n/index.ts -> src/i18n/i18n.ts -> src/i18n/index.ts

Require cycles are allowed, but can result in uninitialized values. Consider refactoring to remove the need for a cycle. @ http://localhost:8083/index.ts.bundle?platform=web&dev=true&hot=false&lazy=true&transform.engine=hermes&transform.routerRoot=app&unstable_transformProfile=hermes-stable:124750
[    3177ms] [WARNING] Require cycle: src/i18n/index.ts -> src/i18n/i18n.ts -> src/i18n/index.ts

Require cycles are allowed, but can result in uninitialized values. Consider refactoring to remove the need for a cycle. @ http://localhost:8083/index.ts.bundle?platform=web&dev=true&hot=false&lazy=true&transform.engine=hermes&transform.routerRoot=app&unstable_transformProfile=hermes-stable:124750
[    3178ms] [WARNING] Require cycle: src/i18n/index.ts -> src/i18n/i18n.ts -> src/i18n/index.ts

Require cycles are allowed, but can result in uninitialized values. Consider refactoring to remove the need for a cycle. @ http://localhost:8083/index.ts.bundle?platform=web&dev=true&hot=false&lazy=true&transform.engine=hermes&transform.routerRoot=app&unstable_transformProfile=hermes-stable:124750
[    3179ms] [WARNING] Require cycle: src/i18n/index.ts -> src/i18n/i18n.ts -> src/i18n/index.ts

Require cycles are allowed, but can result in uninitialized values. Consider refactoring to remove the need for a cycle. @ http://localhost:8083/index.ts.bundle?platform=web&dev=true&hot=false&lazy=true&transform.engine=hermes&transform.routerRoot=app&unstable_transformProfile=hermes-stable:124750
[    3180ms] [WARNING] Require cycle: src/i18n/index.ts -> src/i18n/i18n.ts -> src/i18n/index.ts

Require cycles are allowed, but can result in uninitialized values. Consider refactoring to remove the need for a cycle. @ http://localhost:8083/index.ts.bundle?platform=web&dev=true&hot=false&lazy=true&transform.engine=hermes&transform.routerRoot=app&unstable_transformProfile=hermes-stable:124750
[    3181ms] [WARNING] Require cycle: src/i18n/index.ts -> src/i18n/i18n.ts -> src/i18n/index.ts

Require cycles are allowed, but can result in uninitialized values. Consider refactoring to remove the need for a cycle. @ http://localhost:8083/index.ts.bundle?platform=web&dev=true&hot=false&lazy=true&transform.engine=hermes&transform.routerRoot=app&unstable_transformProfile=hermes-stable:124750
[    3182ms] [WARNING] Require cycle: src/i18n/index.ts -> src/i18n/i18n.ts -> src/i18n/index.ts

Require cycles are allowed, but can result in uninitialized values. Consider refactoring to remove the need for a cycle. @ http://localhost:8083/index.ts.bundle?platform=web&dev=true&hot=false&lazy=true&transform.engine=hermes&transform.routerRoot=app&unstable_transformProfile=hermes-stable:124750
[    3237ms] [INFO] [telemetry] screen_view {screen: AgeVerification, session_id: eaad8482-a2ca-4a6f-af98-c7dc42a1bf15, timestamp: 2026-09-03T00:22:16.103Z} @ http://localhost:8083/index.ts.bundle?platform=web&dev=true&hot=false&lazy=true&transform.engine=hermes&transform.routerRoot=app&unstable_transformProfile=hermes-stable:124750
[    3246ms] [INFO] [backendDiagnostics] sync — count=10 error=none baseUrl=http://localhost:4000/api/v1 @ http://localhost:8083/index.ts.bundle?platform=web&dev=true&hot=false&lazy=true&transform.engine=hermes&transform.routerRoot=app&unstable_transformProfile=hermes-stable:124750
[    3504ms] [ERROR] WebSocket connection to 'ws://localhost:4000/api/v1/realtime/ws?topics=' failed: HTTP Authentication failed; no valid credentials available @ http://localhost:8083/index.ts.bundle?platform=web&dev=true&hot=false&lazy=true&transform.engine=hermes&transform.routerRoot=app&unstable_transformProfile=hermes-stable:491524
[    4314ms] [ERROR] WebSocket connection to 'ws://localhost:4000/api/v1/realtime/ws?topics=' failed: HTTP Authentication failed; no valid credentials available @ http://localhost:8083/index.ts.bundle?platform=web&dev=true&hot=false&lazy=true&transform.engine=hermes&transform.routerRoot=app&unstable_transformProfile=hermes-stable:491524
[    4936ms] [ERROR] WebSocket connection to 'ws://localhost:4000/api/v1/realtime/ws?topics=' failed: HTTP Authentication failed; no valid credentials available @ http://localhost:8083/index.ts.bundle?platform=web&dev=true&hot=false&lazy=true&transform.engine=hermes&transform.routerRoot=app&unstable_transformProfile=hermes-stable:491524
[    5650ms] [ERROR] WebSocket connection to 'ws://localhost:4000/api/v1/realtime/ws?topics=' failed: HTTP Authentication failed; no valid credentials available @ http://localhost:8083/index.ts.bundle?platform=web&dev=true&hot=false&lazy=true&transform.engine=hermes&transform.routerRoot=app&unstable_transformProfile=hermes-stable:491524
[    7994ms] [ERROR] WebSocket connection to 'ws://localhost:4000/api/v1/realtime/ws?topics=' failed: HTTP Authentication failed; no valid credentials available @ http://localhost:8083/index.ts.bundle?platform=web&dev=true&hot=false&lazy=true&transform.engine=hermes&transform.routerRoot=app&unstable_transformProfile=hermes-stable:491524
[    8523ms] [ERROR] WebSocket connection to 'ws://localhost:4000/api/v1/realtime/ws?topics=' failed: HTTP Authentication failed; no valid credentials available @ http://localhost:8083/index.ts.bundle?platform=web&dev=true&hot=false&lazy=true&transform.engine=hermes&transform.routerRoot=app&unstable_transformProfile=hermes-stable:491524
[   13527ms] [ERROR] WebSocket connection to 'ws://localhost:4000/api/v1/realtime/ws?topics=' failed: HTTP Authentication failed; no valid credentials available @ http://localhost:8083/index.ts.bundle?platform=web&dev=true&hot=false&lazy=true&transform.engine=hermes&transform.routerRoot=app&unstable_transformProfile=hermes-stable:491524
[   14180ms] [ERROR] WebSocket connection to 'ws://localhost:4000/api/v1/realtime/ws?topics=' failed: HTTP Authentication failed; no valid credentials available @ http://localhost:8083/index.ts.bundle?platform=web&dev=true&hot=false&lazy=true&transform.engine=hermes&transform.routerRoot=app&unstable_transformProfile=hermes-stable:491524
[   15942ms] [ERROR] WebSocket connection to 'ws://localhost:4000/api/v1/realtime/ws?topics=' failed: HTTP Authentication failed; no valid credentials available @ http://localhost:8083/index.ts.bundle?platform=web&dev=true&hot=false&lazy=true&transform.engine=hermes&transform.routerRoot=app&unstable_transformProfile=hermes-stable:491524
[   18516ms] [ERROR] WebSocket connection to 'ws://localhost:4000/api/v1/realtime/ws?topics=' failed: HTTP Authentication failed; no valid credentials available @ http://localhost:8083/index.ts.bundle?platform=web&dev=true&hot=false&lazy=true&transform.engine=hermes&transform.routerRoot=app&unstable_transformProfile=hermes-stable:491524
[   21283ms] [ERROR] WebSocket connection to 'ws://localhost:4000/api/v1/realtime/ws?topics=' failed: HTTP Authentication failed; no valid credentials available @ http://localhost:8083/index.ts.bundle?platform=web&dev=true&hot=false&lazy=true&transform.engine=hermes&transform.routerRoot=app&unstable_transformProfile=hermes-stable:491524
[   23530ms] [ERROR] WebSocket connection to 'ws://localhost:4000/api/v1/realtime/ws?topics=' failed: HTTP Authentication failed; no valid credentials available @ http://localhost:8083/index.ts.bundle?platform=web&dev=true&hot=false&lazy=true&transform.engine=hermes&transform.routerRoot=app&unstable_transformProfile=hermes-stable:491524
[   26247ms] [ERROR] WebSocket connection to 'ws://localhost:4000/api/v1/realtime/ws?topics=' failed: HTTP Authentication failed; no valid credentials available @ http://localhost:8083/index.ts.bundle?platform=web&dev=true&hot=false&lazy=true&transform.engine=hermes&transform.routerRoot=app&unstable_transformProfile=hermes-stable:491524
[   28552ms] [ERROR] WebSocket connection to 'ws://localhost:4000/api/v1/realtime/ws?topics=' failed: HTTP Authentication failed; no valid credentials available @ http://localhost:8083/index.ts.bundle?platform=web&dev=true&hot=false&lazy=true&transform.engine=hermes&transform.routerRoot=app&unstable_transformProfile=hermes-stable:491524
[   29732ms] [WARNING] props.pointerEvents is deprecated. Use style.pointerEvents @ http://localhost:8083/index.ts.bundle?platform=web&dev=true&hot=false&lazy=true&transform.engine=hermes&transform.routerRoot=app&unstable_transformProfile=hermes-stable:124750
[   29785ms] [INFO] [visually-complete] Home → mounted: 29777.7ms @ http://localhost:8083/index.ts.bundle?platform=web&dev=true&hot=false&lazy=true&transform.engine=hermes&transform.routerRoot=app&unstable_transformProfile=hermes-stable:124750
[   29786ms] [INFO] [visually-complete] Home: 29778.4ms @ http://localhost:8083/index.ts.bundle?platform=web&dev=true&hot=false&lazy=true&transform.engine=hermes&transform.routerRoot=app&unstable_transformProfile=hermes-stable:124750
[   29795ms] [WARNING] Found screens with the same name nested inside one another. Check:

MainTabs > Home, MainTabs > Home > Home

This can cause confusing behavior during navigation. Consider using unique names for each screen instead. @ http://localhost:8083/index.ts.bundle?platform=web&dev=true&hot=false&lazy=true&transform.engine=hermes&transform.routerRoot=app&unstable_transformProfile=hermes-stable:124750
[   29796ms] [INFO] [telemetry] screen_view {screen: Home, session_id: eaad8482-a2ca-4a6f-af98-c7dc42a1bf15, timestamp: 2026-09-03T00:22:42.662Z} @ http://localhost:8083/index.ts.bundle?platform=web&dev=true&hot=false&lazy=true&transform.engine=hermes&transform.routerRoot=app&unstable_transformProfile=hermes-stable:124750
[   31563ms] [ERROR] WebSocket connection to 'ws://localhost:4000/api/v1/realtime/ws?topics=' failed: HTTP Authentication failed; no valid credentials available @ http://localhost:8083/index.ts.bundle?platform=web&dev=true&hot=false&lazy=true&transform.engine=hermes&transform.routerRoot=app&unstable_transformProfile=hermes-stable:491524
[   33526ms] [ERROR] WebSocket connection to 'ws://localhost:4000/api/v1/realtime/ws?topics=' failed: HTTP Authentication failed; no valid credentials available @ http://localhost:8083/index.ts.bundle?platform=web&dev=true&hot=false&lazy=true&transform.engine=hermes&transform.routerRoot=app&unstable_transformProfile=hermes-stable:491524
[   37592ms] [ERROR] WebSocket connection to 'ws://localhost:4000/api/v1/realtime/ws?topics=' failed: HTTP Authentication failed; no valid credentials available @ http://localhost:8083/index.ts.bundle?platform=web&dev=true&hot=false&lazy=true&transform.engine=hermes&transform.routerRoot=app&unstable_transformProfile=hermes-stable:491524
[   37936ms] [ERROR] WebSocket connection to 'ws://localhost:4000/api/v1/realtime/ws?topics=' failed: HTTP Authentication failed; no valid credentials available @ http://localhost:8083/index.ts.bundle?platform=web&dev=true&hot=false&lazy=true&transform.engine=hermes&transform.routerRoot=app&unstable_transformProfile=hermes-stable:491524
[   38591ms] [ERROR] WebSocket connection to 'ws://localhost:4000/api/v1/realtime/ws?topics=' failed: HTTP Authentication failed; no valid credentials available @ http://localhost:8083/index.ts.bundle?platform=web&dev=true&hot=false&lazy=true&transform.engine=hermes&transform.routerRoot=app&unstable_transformProfile=hermes-stable:491524
[   38716ms] [ERROR] WebSocket connection to 'ws://localhost:4000/api/v1/realtime/ws?topics=' failed: HTTP Authentication failed; no valid credentials available @ http://localhost:8083/index.ts.bundle?platform=web&dev=true&hot=false&lazy=true&transform.engine=hermes&transform.routerRoot=app&unstable_transformProfile=hermes-stable:491524
[   39420ms] [ERROR] WebSocket connection to 'ws://localhost:4000/api/v1/realtime/ws?topics=' failed: HTTP Authentication failed; no valid credentials available @ http://localhost:8083/index.ts.bundle?platform=web&dev=true&hot=false&lazy=true&transform.engine=hermes&transform.routerRoot=app&unstable_transformProfile=hermes-stable:491524
[   42470ms] [ERROR] WebSocket connection to 'ws://localhost:4000/api/v1/realtime/ws?topics=' failed: HTTP Authentication failed; no valid credentials available @ http://localhost:8083/index.ts.bundle?platform=web&dev=true&hot=false&lazy=true&transform.engine=hermes&transform.routerRoot=app&unstable_transformProfile=hermes-stable:491524
[   43541ms] [ERROR] WebSocket connection to 'ws://localhost:4000/api/v1/realtime/ws?topics=' failed: HTTP Authentication failed; no valid credentials available @ http://localhost:8083/index.ts.bundle?platform=web&dev=true&hot=false&lazy=true&transform.engine=hermes&transform.routerRoot=app&unstable_transformProfile=hermes-stable:491524
[   44082ms] [ERROR] WebSocket connection to 'ws://localhost:4000/api/v1/realtime/ws?topics=' failed: HTTP Authentication failed; no valid credentials available @ http://localhost:8083/index.ts.bundle?platform=web&dev=true&hot=false&lazy=true&transform.engine=hermes&transform.routerRoot=app&unstable_transformProfile=hermes-stable:491524
[   44985ms] [ERROR] WebSocket connection to 'ws://localhost:4000/api/v1/realtime/ws?topics=' failed: HTTP Authentication failed; no valid credentials available @ http://localhost:8083/index.ts.bundle?platform=web&dev=true&hot=false&lazy=true&transform.engine=hermes&transform.routerRoot=app&unstable_transformProfile=hermes-stable:491524
[   46771ms] [ERROR] WebSocket connection to 'ws://localhost:4000/api/v1/realtime/ws?topics=' failed: HTTP Authentication failed; no valid credentials available @ http://localhost:8083/index.ts.bundle?platform=web&dev=true&hot=false&lazy=true&transform.engine=hermes&transform.routerRoot=app&unstable_transformProfile=hermes-stable:491524
[   48658ms] [ERROR] WebSocket connection to 'ws://localhost:4000/api/v1/realtime/ws?topics=' failed: HTTP Authentication failed; no valid credentials available @ http://localhost:8083/index.ts.bundle?platform=web&dev=true&hot=false&lazy=true&transform.engine=hermes&transform.routerRoot=app&unstable_transformProfile=hermes-stable:491524
[   50281ms] [ERROR] WebSocket connection to 'ws://localhost:4000/api/v1/realtime/ws?topics=' failed: HTTP Authentication failed; no valid credentials available @ http://localhost:8083/index.ts.bundle?platform=web&dev=true&hot=false&lazy=true&transform.engine=hermes&transform.routerRoot=app&unstable_transformProfile=hermes-stable:491524
[   51845ms] [ERROR] WebSocket connection to 'ws://localhost:4000/api/v1/realtime/ws?topics=' failed: HTTP Authentication failed; no valid credentials available @ http://localhost:8083/index.ts.bundle?platform=web&dev=true&hot=false&lazy=true&transform.engine=hermes&transform.routerRoot=app&unstable_transformProfile=hermes-stable:491524
[   53792ms] [ERROR] WebSocket connection to 'ws://localhost:4000/api/v1/realtime/ws?topics=' failed: HTTP Authentication failed; no valid credentials available @ http://localhost:8083/index.ts.bundle?platform=web&dev=true&hot=false&lazy=true&transform.engine=hermes&transform.routerRoot=app&unstable_transformProfile=hermes-stable:491524
[   58800ms] [ERROR] WebSocket connection to 'ws://localhost:4000/api/v1/realtime/ws?topics=' failed: HTTP Authentication failed; no valid credentials available @ http://localhost:8083/index.ts.bundle?platform=web&dev=true&hot=false&lazy=true&transform.engine=hermes&transform.routerRoot=app&unstable_transformProfile=hermes-stable:491524
[   58877ms] [ERROR] WebSocket connection to 'ws://localhost:4000/api/v1/realtime/ws?topics=' failed: HTTP Authentication failed; no valid credentials available @ http://localhost:8083/index.ts.bundle?platform=web&dev=true&hot=false&lazy=true&transform.engine=hermes&transform.routerRoot=app&unstable_transformProfile=hermes-stable:491524
[   61005ms] [ERROR] WebSocket connection to 'ws://localhost:4000/api/v1/realtime/ws?topics=' failed: HTTP Authentication failed; no valid credentials available @ http://localhost:8083/index.ts.bundle?platform=web&dev=true&hot=false&lazy=true&transform.engine=hermes&transform.routerRoot=app&unstable_transformProfile=hermes-stable:491524
[   61440ms] [ERROR] WebSocket connection to 'ws://localhost:4000/api/v1/realtime/ws?topics=' failed: HTTP Authentication failed; no valid credentials available @ http://localhost:8083/index.ts.bundle?platform=web&dev=true&hot=false&lazy=true&transform.engine=hermes&transform.routerRoot=app&unstable_transformProfile=hermes-stable:491524
[   63230ms] [ERROR] WebSocket connection to 'ws://localhost:4000/api/v1/realtime/ws?topics=' failed: HTTP Authentication failed; no valid credentials available @ http://localhost:8083/index.ts.bundle?platform=web&dev=true&hot=false&lazy=true&transform.engine=hermes&transform.routerRoot=app&unstable_transformProfile=hermes-stable:491524
[   63495ms] [ERROR] WebSocket connection to 'ws://localhost:4000/api/v1/realtime/ws?topics=' failed: HTTP Authentication failed; no valid credentials available @ http://localhost:8083/index.ts.bundle?platform=web&dev=true&hot=false&lazy=true&transform.engine=hermes&transform.routerRoot=app&unstable_transformProfile=hermes-stable:491524
[   64543ms] [ERROR] WebSocket connection to 'ws://localhost:4000/api/v1/realtime/ws?topics=' failed: HTTP Authentication failed; no valid credentials available @ http://localhost:8083/index.ts.bundle?platform=web&dev=true&hot=false&lazy=true&transform.engine=hermes&transform.routerRoot=app&unstable_transformProfile=hermes-stable:491524
[   65336ms] [ERROR] WebSocket connection to 'ws://localhost:4000/api/v1/realtime/ws?topics=' failed: HTTP Authentication failed; no valid credentials available @ http://localhost:8083/index.ts.bundle?platform=web&dev=true&hot=false&lazy=true&transform.engine=hermes&transform.routerRoot=app&unstable_transformProfile=hermes-stable:491524
[   67680ms] [ERROR] WebSocket connection to 'ws://localhost:4000/api/v1/realtime/ws?topics=' failed: HTTP Authentication failed; no valid credentials available @ http://localhost:8083/index.ts.bundle?platform=web&dev=true&hot=false&lazy=true&transform.engine=hermes&transform.routerRoot=app&unstable_transformProfile=hermes-stable:491524
[   69768ms] [ERROR] WebSocket connection to 'ws://localhost:4000/api/v1/realtime/ws?topics=' failed: HTTP Authentication failed; no valid credentials available @ http://localhost:8083/index.ts.bundle?platform=web&dev=true&hot=false&lazy=true&transform.engine=hermes&transform.routerRoot=app&unstable_transformProfile=hermes-stable:491524
[   70363ms] [ERROR] WebSocket connection to 'ws://localhost:4000/api/v1/realtime/ws?topics=' failed: HTTP Authentication failed; no valid credentials available @ http://localhost:8083/index.ts.bundle?platform=web&dev=true&hot=false&lazy=true&transform.engine=hermes&transform.routerRoot=app&unstable_transformProfile=hermes-stable:491524
[   70959ms] [ERROR] WebSocket connection to 'ws://localhost:4000/api/v1/realtime/ws?topics=' failed: HTTP Authentication failed; no valid credentials available @ http://localhost:8083/index.ts.bundle?platform=web&dev=true&hot=false&lazy=true&transform.engine=hermes&transform.routerRoot=app&unstable_transformProfile=hermes-stable:491524
[   71038ms] [ERROR] WebSocket connection to 'ws://localhost:4000/api/v1/realtime/ws?topics=' failed: HTTP Authentication failed; no valid credentials available @ http://localhost:8083/index.ts.bundle?platform=web&dev=true&hot=false&lazy=true&transform.engine=hermes&transform.routerRoot=app&unstable_transformProfile=hermes-stable:491524
[   71746ms] [ERROR] WebSocket connection to 'ws://localhost:4000/api/v1/realtime/ws?topics=' failed: HTTP Authentication failed; no valid credentials available @ http://localhost:8083/index.ts.bundle?platform=web&dev=true&hot=false&lazy=true&transform.engine=hermes&transform.routerRoot=app&unstable_transformProfile=hermes-stable:491524
[   71761ms] [ERROR] WebSocket connection to 'ws://localhost:4000/api/v1/realtime/ws?topics=' failed: HTTP Authentication failed; no valid credentials available @ http://localhost:8083/index.ts.bundle?platform=web&dev=true&hot=false&lazy=true&transform.engine=hermes&transform.routerRoot=app&unstable_transformProfile=hermes-stable:491524
[   73129ms] [ERROR] WebSocket connection to 'ws://localhost:4000/api/v1/realtime/ws?topics=' failed: HTTP Authentication failed; no valid credentials available @ http://localhost:8083/index.ts.bundle?platform=web&dev=true&hot=false&lazy=true&transform.engine=hermes&transform.routerRoot=app&unstable_transformProfile=hermes-stable:491524
[   75048ms] [ERROR] WebSocket connection to 'ws://localhost:4000/api/v1/realtime/ws?topics=' failed: HTTP Authentication failed; no valid credentials available @ http://localhost:8083/index.ts.bundle?platform=web&dev=true&hot=false&lazy=true&transform.engine=hermes&transform.routerRoot=app&unstable_transformProfile=hermes-stable:491524
[   75706ms] [ERROR] WebSocket connection to 'ws://localhost:4000/api/v1/realtime/ws?topics=' failed: HTTP Authentication failed; no valid credentials available @ http://localhost:8083/index.ts.bundle?platform=web&dev=true&hot=false&lazy=true&transform.engine=hermes&transform.routerRoot=app&unstable_transformProfile=hermes-stable:491524
[   75833ms] [ERROR] WebSocket connection to 'ws://localhost:4000/api/v1/realtime/ws?topics=' failed: HTTP Authentication failed; no valid credentials available @ http://localhost:8083/index.ts.bundle?platform=web&dev=true&hot=false&lazy=true&transform.engine=hermes&transform.routerRoot=app&unstable_transformProfile=hermes-stable:491524
[   76709ms] [ERROR] WebSocket connection to 'ws://localhost:4000/api/v1/realtime/ws?topics=' failed: HTTP Authentication failed; no valid credentials available @ http://localhost:8083/index.ts.bundle?platform=web&dev=true&hot=false&lazy=true&transform.engine=hermes&transform.routerRoot=app&unstable_transformProfile=hermes-stable:491524
[   76946ms] [ERROR] WebSocket connection to 'ws://localhost:4000/api/v1/realtime/ws?topics=' failed: HTTP Authentication failed; no valid credentials available @ http://localhost:8083/index.ts.bundle?platform=web&dev=true&hot=false&lazy=true&transform.engine=hermes&transform.routerRoot=app&unstable_transformProfile=hermes-stable:491524
[   77212ms] [ERROR] WebSocket connection to 'ws://localhost:4000/api/v1/realtime/ws?topics=' failed: HTTP Authentication failed; no valid credentials available @ http://localhost:8083/index.ts.bundle?platform=web&dev=true&hot=false&lazy=true&transform.engine=hermes&transform.routerRoot=app&unstable_transformProfile=hermes-stable:491524
[   80086ms] [ERROR] WebSocket connection to 'ws://localhost:4000/api/v1/realtime/ws?topics=' failed: HTTP Authentication failed; no valid credentials available @ http://localhost:8083/index.ts.bundle?platform=web&dev=true&hot=false&lazy=true&transform.engine=hermes&transform.routerRoot=app&unstable_transformProfile=hermes-stable:491524
[   80725ms] [ERROR] WebSocket connection to 'ws://localhost:4000/api/v1/realtime/ws?topics=' failed: HTTP Authentication failed; no valid credentials available @ http://localhost:8083/index.ts.bundle?platform=web&dev=true&hot=false&lazy=true&transform.engine=hermes&transform.routerRoot=app&unstable_transformProfile=hermes-stable:491524
[   82733ms] [ERROR] WebSocket connection to 'ws://localhost:4000/api/v1/realtime/ws?topics=' failed: HTTP Authentication failed; no valid credentials available @ http://localhost:8083/index.ts.bundle?platform=web&dev=true&hot=false&lazy=true&transform.engine=hermes&transform.routerRoot=app&unstable_transformProfile=hermes-stable:491524
[   83887ms] [ERROR] WebSocket connection to 'ws://localhost:4000/api/v1/realtime/ws?topics=' failed: HTTP Authentication failed; no valid credentials available @ http://localhost:8083/index.ts.bundle?platform=web&dev=true&hot=false&lazy=true&transform.engine=hermes&transform.routerRoot=app&unstable_transformProfile=hermes-stable:491524
[   83997ms] [ERROR] WebSocket connection to 'ws://localhost:4000/api/v1/realtime/ws?topics=' failed: HTTP Authentication failed; no valid credentials available @ http://localhost:8083/index.ts.bundle?platform=web&dev=true&hot=false&lazy=true&transform.engine=hermes&transform.routerRoot=app&unstable_transformProfile=hermes-stable:491524
[   84668ms] [ERROR] WebSocket connection to 'ws://localhost:4000/api/v1/realtime/ws?topics=' failed: HTTP Authentication failed; no valid credentials available @ http://localhost:8083/index.ts.bundle?platform=web&dev=true&hot=false&lazy=true&transform.engine=hermes&transform.routerRoot=app&unstable_transformProfile=hermes-stable:491524
[   84715ms] [ERROR] WebSocket connection to 'ws://localhost:4000/api/v1/realtime/ws?topics=' failed: HTTP Authentication failed; no valid credentials available @ http://localhost:8083/index.ts.bundle?platform=web&dev=true&hot=false&lazy=true&transform.engine=hermes&transform.routerRoot=app&unstable_transformProfile=hermes-stable:491524
[   84866ms] [INFO] [backendDiagnostics] sync — count=10 error=none baseUrl=http://localhost:4000/api/v1 @ http://localhost:8083/index.ts.bundle?platform=web&dev=true&hot=false&lazy=true&transform.engine=hermes&transform.routerRoot=app&unstable_transformProfile=hermes-stable:124750
[   85635ms] [ERROR] WebSocket connection to 'ws://localhost:4000/api/v1/realtime/ws?topics=' failed: HTTP Authentication failed; no valid credentials available @ http://localhost:8083/index.ts.bundle?platform=web&dev=true&hot=false&lazy=true&transform.engine=hermes&transform.routerRoot=app&unstable_transformProfile=hermes-stable:491524
[   85884ms] [ERROR] WebSocket connection to 'ws://localhost:4000/api/v1/realtime/ws?topics=' failed: HTTP Authentication failed; no valid credentials available @ http://localhost:8083/index.ts.bundle?platform=web&dev=true&hot=false&lazy=true&transform.engine=hermes&transform.routerRoot=app&unstable_transformProfile=hermes-stable:491524
[   86071ms] [ERROR] WebSocket connection to 'ws://localhost:4000/api/v1/realtime/ws?topics=' failed: HTTP Authentication failed; no valid credentials available @ http://localhost:8083/index.ts.bundle?platform=web&dev=true&hot=false&lazy=true&transform.engine=hermes&transform.routerRoot=app&unstable_transformProfile=hermes-stable:491524
[   86322ms] [ERROR] WebSocket connection to 'ws://localhost:4000/api/v1/realtime/ws?topics=' failed: HTTP Authentication failed; no valid credentials available @ http://localhost:8083/index.ts.bundle?platform=web&dev=true&hot=false&lazy=true&transform.engine=hermes&transform.routerRoot=app&unstable_transformProfile=hermes-stable:491524
[   86696ms] [ERROR] WebSocket connection to 'ws://localhost:4000/api/v1/realtime/ws?topics=' failed: HTTP Authentication failed; no valid credentials available @ http://localhost:8083/index.ts.bundle?platform=web&dev=true&hot=false&lazy=true&transform.engine=hermes&transform.routerRoot=app&unstable_transformProfile=hermes-stable:491524
[   88350ms] [ERROR] WebSocket connection to 'ws://localhost:4000/api/v1/realtime/ws?topics=' failed: HTTP Authentication failed; no valid credentials available @ http://localhost:8083/index.ts.bundle?platform=web&dev=true&hot=false&lazy=true&transform.engine=hermes&transform.routerRoot=app&unstable_transformProfile=hermes-stable:491524
[   90676ms] [ERROR] WebSocket connection to 'ws://localhost:4000/api/v1/realtime/ws?topics=' failed: HTTP Authentication failed; no valid credentials available @ http://localhost:8083/index.ts.bundle?platform=web&dev=true&hot=false&lazy=true&transform.engine=hermes&transform.routerRoot=app&unstable_transformProfile=hermes-stable:491524
[   91174ms] [ERROR] WebSocket connection to 'ws://localhost:4000/api/v1/realtime/ws?topics=' failed: HTTP Authentication failed; no valid credentials available @ http://localhost:8083/index.ts.bundle?platform=web&dev=true&hot=false&lazy=true&transform.engine=hermes&transform.routerRoot=app&unstable_transformProfile=hermes-stable:491524
[   95646ms] [ERROR] WebSocket connection to 'ws://localhost:4000/api/v1/realtime/ws?topics=' failed: HTTP Authentication failed; no valid credentials available @ http://localhost:8083/index.ts.bundle?platform=web&dev=true&hot=false&lazy=true&transform.engine=hermes&transform.routerRoot=app&unstable_transformProfile=hermes-stable:491524
[   97623ms] [ERROR] WebSocket connection to 'ws://localhost:4000/api/v1/realtime/ws?topics=' failed: HTTP Authentication failed; no valid credentials available @ http://localhost:8083/index.ts.bundle?platform=web&dev=true&hot=false&lazy=true&transform.engine=hermes&transform.routerRoot=app&unstable_transformProfile=hermes-stable:491524
[   99838ms] [ERROR] WebSocket connection to 'ws://localhost:4000/api/v1/realtime/ws?topics=' failed: HTTP Authentication failed; no valid credentials available @ http://localhost:8083/index.ts.bundle?platform=web&dev=true&hot=false&lazy=true&transform.engine=hermes&transform.routerRoot=app&unstable_transformProfile=hermes-stable:491524
[  104710ms] [ERROR] WebSocket connection to 'ws://localhost:4000/api/v1/realtime/ws?topics=' failed: HTTP Authentication failed; no valid credentials available @ http://localhost:8083/index.ts.bundle?platform=web&dev=true&hot=false&lazy=true&transform.engine=hermes&transform.routerRoot=app&unstable_transformProfile=hermes-stable:491524
[  109623ms] [ERROR] WebSocket connection to 'ws://localhost:4000/api/v1/realtime/ws?topics=' failed: HTTP Authentication failed; no valid credentials available @ http://localhost:8083/index.ts.bundle?platform=web&dev=true&hot=false&lazy=true&transform.engine=hermes&transform.routerRoot=app&unstable_transformProfile=hermes-stable:491524
[  119846ms] [INFO] [visually-complete] Inbox → mounted: 119837.7ms @ http://localhost:8083/index.ts.bundle?platform=web&dev=true&hot=false&lazy=true&transform.engine=hermes&transform.routerRoot=app&unstable_transformProfile=hermes-stable:124750
[  119846ms] [INFO] [visually-complete] Inbox: 119838.7ms @ http://localhost:8083/index.ts.bundle?platform=web&dev=true&hot=false&lazy=true&transform.engine=hermes&transform.routerRoot=app&unstable_transformProfile=hermes-stable:124750
[  119850ms] [WARNING] Found screens with the same name nested inside one another. Check:

MainTabs > Home, MainTabs > Home > Home,
MainTabs > Inbox, MainTabs > Inbox > Inbox

This can cause confusing behavior during navigation. Consider using unique names for each screen instead. @ http://localhost:8083/index.ts.bundle?platform=web&dev=true&hot=false&lazy=true&transform.engine=hermes&transform.routerRoot=app&unstable_transformProfile=hermes-stable:124750
[  119851ms] [INFO] [telemetry] screen_view {screen: Inbox, session_id: eaad8482-a2ca-4a6f-af98-c7dc42a1bf15, timestamp: 2026-09-03T00:24:12.717Z} @ http://localhost:8083/index.ts.bundle?platform=web&dev=true&hot=false&lazy=true&transform.engine=hermes&transform.routerRoot=app&unstable_transformProfile=hermes-stable:124750
[  120121ms] [ERROR] WebSocket connection to 'ws://localhost:4000/api/v1/realtime/ws?topics=' failed: HTTP Authentication failed; no valid credentials available @ http://localhost:8083/index.ts.bundle?platform=web&dev=true&hot=false&lazy=true&transform.engine=hermes&transform.routerRoot=app&unstable_transformProfile=hermes-stable:491524
[  120733ms] [WARNING] Animated: `useNativeDriver` is not supported because the native animated module is missing. Falling back to JS-based animation. To resolve this, add `RCTAnimation` module to this app, or remove `useNativeDriver`. Make sure to run `bundle exec pod install` first. Read more about autolinking: https://github.com/react-native-community/cli/blob/master/docs/autolinking.md @ http://localhost:8083/index.ts.bundle?platform=web&dev=true&hot=false&lazy=true&transform.engine=hermes&transform.routerRoot=app&unstable_transformProfile=hermes-stable:124750
[  120735ms] [INFO] [visually-complete] Chat → mounted: 120726.8ms @ http://localhost:8083/index.ts.bundle?platform=web&dev=true&hot=false&lazy=true&transform.engine=hermes&transform.routerRoot=app&unstable_transformProfile=hermes-stable:124750
[  120735ms] [INFO] [visually-complete] Chat: 120727.6ms @ http://localhost:8083/index.ts.bundle?platform=web&dev=true&hot=false&lazy=true&transform.engine=hermes&transform.routerRoot=app&unstable_transformProfile=hermes-stable:124750
[  120738ms] [INFO] [telemetry] screen_view {screen: Chat, conversationId: g1, focusQuery: undefined, session_id: eaad8482-a2ca-4a6f-af98-c7dc42a1bf15, timestamp: 2026-09-03T00:24:13.604Z} @ http://localhost:8083/index.ts.bundle?platform=web&dev=true&hot=false&lazy=true&transform.engine=hermes&transform.routerRoot=app&unstable_transformProfile=hermes-stable:124750
[  120801ms] [ERROR] Failed to load resource: the server responded with a status of 403 (Forbidden) @ http://localhost:4000/api/v1/chat/conversations/g1/composer-state:0
[  120802ms] [ERROR] Failed to load resource: the server responded with a status of 404 (Not Found) @ http://localhost:4000/api/v1/chat/conversations/g1/read:0
[  120811ms] [ERROR] Failed to load resource: the server responded with a status of 404 (Not Found) @ http://localhost:4000/api/v1/chat/conversations/g1/typing:0
[  120811ms] [ERROR] Failed to load resource: the server responded with a status of 404 (Not Found) @ http://localhost:4000/api/v1/chat/conversations/g1/read:0
[  121645ms] [ERROR] WebSocket connection to 'ws://localhost:4000/api/v1/realtime/ws?topics=' failed: HTTP Authentication failed; no valid credentials available @ http://localhost:8083/index.ts.bundle?platform=web&dev=true&hot=false&lazy=true&transform.engine=hermes&transform.routerRoot=app&unstable_transformProfile=hermes-stable:491524
[  122248ms] [ERROR] Failed to load resource: the server responded with a status of 403 (Forbidden) @ http://localhost:4000/api/v1/chat/conversations/g1/composer-state:0
[  122808ms] [INFO] [telemetry] screen_view {screen: GroupChatInfo, conversationId: g1, session_id: eaad8482-a2ca-4a6f-af98-c7dc42a1bf15, timestamp: 2026-09-03T00:24:15.674Z} @ http://localhost:8083/index.ts.bundle?platform=web&dev=true&hot=false&lazy=true&transform.engine=hermes&transform.routerRoot=app&unstable_transformProfile=hermes-stable:124750
[  126110ms] [ERROR] WebSocket connection to 'ws://localhost:4000/api/v1/realtime/ws?topics=chat.conversation%3Aseed_conv_1%2Cchat.conversation%3Achatdm_1786675192869_509972%2Cchat.conversation%3Ac1%2Cchat.conversation%3Ac2%2Cchat.conversation%3Ag1' failed: HTTP Authentication failed; no valid credentials available @ http://localhost:8083/index.ts.bundle?platform=web&dev=true&hot=false&lazy=true&transform.engine=hermes&transform.routerRoot=app&unstable_transformProfile=hermes-stable:491524
[  126133ms] [ERROR] Failed to load resource: the server responded with a status of 404 (Not Found) @ http://localhost:4000/api/v1/chat/conversations/g1/group-settings:0
[  126133ms] [ERROR] Failed to load resource: the server responded with a status of 404 (Not Found) @ http://localhost:4000/api/v1/chat/conversations/g1/media?limit=90:0
[  133321ms] [ERROR] WebSocket connection to 'ws://localhost:4000/api/v1/realtime/ws?topics=chat.conversation%3Aseed_conv_1%2Cchat.conversation%3Achatdm_1786675192869_509972%2Cchat.conversation%3Ac1%2Cchat.conversation%3Ac2%2Cchat.conversation%3Ag1' failed: HTTP Authentication failed; no valid credentials available @ http://localhost:8083/index.ts.bundle?platform=web&dev=true&hot=false&lazy=true&transform.engine=hermes&transform.routerRoot=app&unstable_transformProfile=hermes-stable:491524
[  138351ms] [ERROR] WebSocket connection to 'ws://localhost:4000/api/v1/realtime/ws?topics=chat.conversation%3Aseed_conv_1%2Cchat.conversation%3Achatdm_1786675192869_509972%2Cchat.conversation%3Ac1%2Cchat.conversation%3Ac2%2Cchat.conversation%3Ag1' failed: HTTP Authentication failed; no valid credentials available @ http://localhost:8083/index.ts.bundle?platform=web&dev=true&hot=false&lazy=true&transform.engine=hermes&transform.routerRoot=app&unstable_transformProfile=hermes-stable:491524
[  139865ms] [INFO] [backendDiagnostics] sync — count=10 error=none baseUrl=http://localhost:4000/api/v1 @ http://localhost:8083/index.ts.bundle?platform=web&dev=true&hot=false&lazy=true&transform.engine=hermes&transform.routerRoot=app&unstable_transformProfile=hermes-stable:124750
[  142851ms] [ERROR] WebSocket connection to 'ws://localhost:4000/api/v1/realtime/ws?topics=chat.conversation%3Aseed_conv_1%2Cchat.conversation%3Achatdm_1786675192869_509972%2Cchat.conversation%3Ac1%2Cchat.conversation%3Ac2%2Cchat.conversation%3Ag1' failed: HTTP Authentication failed; no valid credentials available @ http://localhost:8083/index.ts.bundle?platform=web&dev=true&hot=false&lazy=true&transform.engine=hermes&transform.routerRoot=app&unstable_transformProfile=hermes-stable:491524
[  144741ms] [ERROR] WebSocket connection to 'ws://localhost:4000/api/v1/realtime/ws?topics=chat.conversation%3Aseed_conv_1%2Cchat.conversation%3Achatdm_1786675192869_509972%2Cchat.conversation%3Ac1%2Cchat.conversation%3Ac2%2Cchat.conversation%3Ag1' failed: HTTP Authentication failed; no valid credentials available @ http://localhost:8083/index.ts.bundle?platform=web&dev=true&hot=false&lazy=true&transform.engine=hermes&transform.routerRoot=app&unstable_transformProfile=hermes-stable:491524
[  152721ms] [ERROR] WebSocket connection to 'ws://localhost:4000/api/v1/realtime/ws?topics=chat.conversation%3Aseed_conv_1%2Cchat.conversation%3Achatdm_1786675192869_509972%2Cchat.conversation%3Ac1%2Cchat.conversation%3Ac2%2Cchat.conversation%3Ag1' failed: HTTP Authentication failed; no valid credentials available @ http://localhost:8083/index.ts.bundle?platform=web&dev=true&hot=false&lazy=true&transform.engine=hermes&transform.routerRoot=app&unstable_transformProfile=hermes-stable:491524
[  156580ms] [ERROR] WebSocket connection to 'ws://localhost:4000/api/v1/realtime/ws?topics=chat.conversation%3Aseed_conv_1%2Cchat.conversation%3Achatdm_1786675192869_509972%2Cchat.conversation%3Ac1%2Cchat.conversation%3Ac2%2Cchat.conversation%3Ag1' failed: HTTP Authentication failed; no valid credentials available @ http://localhost:8083/index.ts.bundle?platform=web&dev=true&hot=false&lazy=true&transform.engine=hermes&transform.routerRoot=app&unstable_transformProfile=hermes-stable:491524
[  163454ms] [ERROR] WebSocket connection to 'ws://localhost:4000/api/v1/realtime/ws?topics=chat.conversation%3Aseed_conv_1%2Cchat.conversation%3Achatdm_1786675192869_509972%2Cchat.conversation%3Ac1%2Cchat.conversation%3Ac2%2Cchat.conversation%3Ag1' failed: HTTP Authentication failed; no valid credentials available @ http://localhost:8083/index.ts.bundle?platform=web&dev=true&hot=false&lazy=true&transform.engine=hermes&transform.routerRoot=app&unstable_transformProfile=hermes-stable:491524
[  166153ms] [ERROR] WebSocket connection to 'ws://localhost:4000/api/v1/realtime/ws?topics=chat.conversation%3Aseed_conv_1%2Cchat.conversation%3Achatdm_1786675192869_509972%2Cchat.conversation%3Ac1%2Cchat.conversation%3Ac2%2Cchat.conversation%3Ag1' failed: HTTP Authentication failed; no valid credentials available @ http://localhost:8083/index.ts.bundle?platform=web&dev=true&hot=false&lazy=true&transform.engine=hermes&transform.routerRoot=app&unstable_transformProfile=hermes-stable:491524
[  171779ms] [ERROR] WebSocket connection to 'ws://localhost:4000/api/v1/realtime/ws?topics=chat.conversation%3Aseed_conv_1%2Cchat.conversation%3Achatdm_1786675192869_509972%2Cchat.conversation%3Ac1%2Cchat.conversation%3Ac2%2Cchat.conversation%3Ag1' failed: HTTP Authentication failed; no valid credentials available @ http://localhost:8083/index.ts.bundle?platform=web&dev=true&hot=false&lazy=true&transform.engine=hermes&transform.routerRoot=app&unstable_transformProfile=hermes-stable:491524
[  175281ms] [ERROR] WebSocket connection to 'ws://localhost:4000/api/v1/realtime/ws?topics=chat.conversation%3Aseed_conv_1%2Cchat.conversation%3Achatdm_1786675192869_509972%2Cchat.conversation%3Ac1%2Cchat.conversation%3Ac2%2Cchat.conversation%3Ag1' failed: HTTP Authentication failed; no valid credentials available @ http://localhost:8083/index.ts.bundle?platform=web&dev=true&hot=false&lazy=true&transform.engine=hermes&transform.routerRoot=app&unstable_transformProfile=hermes-stable:491524
[  180299ms] [ERROR] WebSocket connection to 'ws://localhost:4000/api/v1/realtime/ws?topics=chat.conversation%3Aseed_conv_1%2Cchat.conversation%3Achatdm_1786675192869_509972%2Cchat.conversation%3Ac1%2Cchat.conversation%3Ac2%2Cchat.conversation%3Ag1' failed: HTTP Authentication failed; no valid credentials available @ http://localhost:8083/index.ts.bundle?platform=web&dev=true&hot=false&lazy=true&transform.engine=hermes&transform.routerRoot=app&unstable_transformProfile=hermes-stable:491524
[  185326ms] [ERROR] WebSocket connection to 'ws://localhost:4000/api/v1/realtime/ws?topics=chat.conversation%3Aseed_conv_1%2Cchat.conversation%3Achatdm_1786675192869_509972%2Cchat.conversation%3Ac1%2Cchat.conversation%3Ac2%2Cchat.conversation%3Ag1' failed: HTTP Authentication failed; no valid credentials available @ http://localhost:8083/index.ts.bundle?platform=web&dev=true&hot=false&lazy=true&transform.engine=hermes&transform.routerRoot=app&unstable_transformProfile=hermes-stable:491524
[  188514ms] [ERROR] WebSocket connection to 'ws://localhost:4000/api/v1/realtime/ws?topics=chat.conversation%3Aseed_conv_1%2Cchat.conversation%3Achatdm_1786675192869_509972%2Cchat.conversation%3Ac1%2Cchat.conversation%3Ac2%2Cchat.conversation%3Ag1' failed: HTTP Authentication failed; no valid credentials available @ http://localhost:8083/index.ts.bundle?platform=web&dev=true&hot=false&lazy=true&transform.engine=hermes&transform.routerRoot=app&unstable_transformProfile=hermes-stable:491524
[  193505ms] [ERROR] WebSocket connection to 'ws://localhost:4000/api/v1/realtime/ws?topics=chat.conversation%3Aseed_conv_1%2Cchat.conversation%3Achatdm_1786675192869_509972%2Cchat.conversation%3Ac1%2Cchat.conversation%3Ac2%2Cchat.conversation%3Ag1' failed: HTTP Authentication failed; no valid credentials available @ http://localhost:8083/index.ts.bundle?platform=web&dev=true&hot=false&lazy=true&transform.engine=hermes&transform.routerRoot=app&unstable_transformProfile=hermes-stable:491524
[  194915ms] [INFO] [backendDiagnostics] sync — count=10 error=none baseUrl=http://localhost:4000/api/v1 @ http://localhost:8083/index.ts.bundle?platform=web&dev=true&hot=false&lazy=true&transform.engine=hermes&transform.routerRoot=app&unstable_transformProfile=hermes-stable:124750
[  198513ms] [ERROR] WebSocket connection to 'ws://localhost:4000/api/v1/realtime/ws?topics=chat.conversation%3Aseed_conv_1%2Cchat.conversation%3Achatdm_1786675192869_509972%2Cchat.conversation%3Ac1%2Cchat.conversation%3Ac2%2Cchat.conversation%3Ag1' failed: HTTP Authentication failed; no valid credentials available @ http://localhost:8083/index.ts.bundle?platform=web&dev=true&hot=false&lazy=true&transform.engine=hermes&transform.routerRoot=app&unstable_transformProfile=hermes-stable:491524
[  203499ms] [ERROR] WebSocket connection to 'ws://localhost:4000/api/v1/realtime/ws?topics=chat.conversation%3Aseed_conv_1%2Cchat.conversation%3Achatdm_1786675192869_509972%2Cchat.conversation%3Ac1%2Cchat.conversation%3Ac2%2Cchat.conversation%3Ag1' failed: HTTP Authentication failed; no valid credentials available @ http://localhost:8083/index.ts.bundle?platform=web&dev=true&hot=false&lazy=true&transform.engine=hermes&transform.routerRoot=app&unstable_transformProfile=hermes-stable:491524
[  208521ms] [ERROR] WebSocket connection to 'ws://localhost:4000/api/v1/realtime/ws?topics=chat.conversation%3Aseed_conv_1%2Cchat.conversation%3Achatdm_1786675192869_509972%2Cchat.conversation%3Ac1%2Cchat.conversation%3Ac2%2Cchat.conversation%3Ag1' failed: HTTP Authentication failed; no valid credentials available @ http://localhost:8083/index.ts.bundle?platform=web&dev=true&hot=false&lazy=true&transform.engine=hermes&transform.routerRoot=app&unstable_transformProfile=hermes-stable:491524
[  213523ms] [ERROR] WebSocket connection to 'ws://localhost:4000/api/v1/realtime/ws?topics=chat.conversation%3Aseed_conv_1%2Cchat.conversation%3Achatdm_1786675192869_509972%2Cchat.conversation%3Ac1%2Cchat.conversation%3Ac2%2Cchat.conversation%3Ag1' failed: HTTP Authentication failed; no valid credentials available @ http://localhost:8083/index.ts.bundle?platform=web&dev=true&hot=false&lazy=true&transform.engine=hermes&transform.routerRoot=app&unstable_transformProfile=hermes-stable:491524
[  218525ms] [ERROR] WebSocket connection to 'ws://localhost:4000/api/v1/realtime/ws?topics=chat.conversation%3Aseed_conv_1%2Cchat.conversation%3Achatdm_1786675192869_509972%2Cchat.conversation%3Ac1%2Cchat.conversation%3Ac2%2Cchat.conversation%3Ag1' failed: HTTP Authentication failed; no valid credentials available @ http://localhost:8083/index.ts.bundle?platform=web&dev=true&hot=false&lazy=true&transform.engine=hermes&transform.routerRoot=app&unstable_transformProfile=hermes-stable:491524
[  223529ms] [ERROR] WebSocket connection to 'ws://localhost:4000/api/v1/realtime/ws?topics=chat.conversation%3Aseed_conv_1%2Cchat.conversation%3Achatdm_1786675192869_509972%2Cchat.conversation%3Ac1%2Cchat.conversation%3Ac2%2Cchat.conversation%3Ag1' failed: HTTP Authentication failed; no valid credentials available @ http://localhost:8083/index.ts.bundle?platform=web&dev=true&hot=false&lazy=true&transform.engine=hermes&transform.routerRoot=app&unstable_transformProfile=hermes-stable:491524
[  228525ms] [ERROR] WebSocket connection to 'ws://localhost:4000/api/v1/realtime/ws?topics=chat.conversation%3Aseed_conv_1%2Cchat.conversation%3Achatdm_1786675192869_509972%2Cchat.conversation%3Ac1%2Cchat.conversation%3Ac2%2Cchat.conversation%3Ag1' failed: HTTP Authentication failed; no valid credentials available @ http://localhost:8083/index.ts.bundle?platform=web&dev=true&hot=false&lazy=true&transform.engine=hermes&transform.routerRoot=app&unstable_transformProfile=hermes-stable:491524
[  233541ms] [ERROR] WebSocket connection to 'ws://localhost:4000/api/v1/realtime/ws?topics=chat.conversation%3Aseed_conv_1%2Cchat.conversation%3Achatdm_1786675192869_509972%2Cchat.conversation%3Ac1%2Cchat.conversation%3Ac2%2Cchat.conversation%3Ag1' failed: HTTP Authentication failed; no valid credentials available @ http://localhost:8083/index.ts.bundle?platform=web&dev=true&hot=false&lazy=true&transform.engine=hermes&transform.routerRoot=app&unstable_transformProfile=hermes-stable:491524
[  238566ms] [ERROR] WebSocket connection to 'ws://localhost:4000/api/v1/realtime/ws?topics=chat.conversation%3Aseed_conv_1%2Cchat.conversation%3Achatdm_1786675192869_509972%2Cchat.conversation%3Ac1%2Cchat.conversation%3Ac2%2Cchat.conversation%3Ag1' failed: HTTP Authentication failed; no valid credentials available @ http://localhost:8083/index.ts.bundle?platform=web&dev=true&hot=false&lazy=true&transform.engine=hermes&transform.routerRoot=app&unstable_transformProfile=hermes-stable:491524
[  243677ms] [ERROR] WebSocket connection to 'ws://localhost:4000/api/v1/realtime/ws?topics=chat.conversation%3Aseed_conv_1%2Cchat.conversation%3Achatdm_1786675192869_509972%2Cchat.conversation%3Ac1%2Cchat.conversation%3Ac2%2Cchat.conversation%3Ag1' failed: HTTP Authentication failed; no valid credentials available @ http://localhost:8083/index.ts.bundle?platform=web&dev=true&hot=false&lazy=true&transform.engine=hermes&transform.routerRoot=app&unstable_transformProfile=hermes-stable:491524
[  248614ms] [ERROR] WebSocket connection to 'ws://localhost:4000/api/v1/realtime/ws?topics=chat.conversation%3Aseed_conv_1%2Cchat.conversation%3Achatdm_1786675192869_509972%2Cchat.conversation%3Ac1%2Cchat.conversation%3Ac2%2Cchat.conversation%3Ag1' failed: HTTP Authentication failed; no valid credentials available @ http://localhost:8083/index.ts.bundle?platform=web&dev=true&hot=false&lazy=true&transform.engine=hermes&transform.routerRoot=app&unstable_transformProfile=hermes-stable:491524
[  249876ms] [INFO] [backendDiagnostics] sync — count=10 error=none baseUrl=http://localhost:4000/api/v1 @ http://localhost:8083/index.ts.bundle?platform=web&dev=true&hot=false&lazy=true&transform.engine=hermes&transform.routerRoot=app&unstable_transformProfile=hermes-stable:124750
[  253773ms] [ERROR] WebSocket connection to 'ws://localhost:4000/api/v1/realtime/ws?topics=chat.conversation%3Aseed_conv_1%2Cchat.conversation%3Achatdm_1786675192869_509972%2Cchat.conversation%3Ac1%2Cchat.conversation%3Ac2%2Cchat.conversation%3Ag1' failed: HTTP Authentication failed; no valid credentials available @ http://localhost:8083/index.ts.bundle?platform=web&dev=true&hot=false&lazy=true&transform.engine=hermes&transform.routerRoot=app&unstable_transformProfile=hermes-stable:491524
[  259277ms] [ERROR] WebSocket connection to 'ws://localhost:4000/api/v1/realtime/ws?topics=chat.conversation%3Aseed_conv_1%2Cchat.conversation%3Achatdm_1786675192869_509972%2Cchat.conversation%3Ac1%2Cchat.conversation%3Ac2%2Cchat.conversation%3Ag1' failed: HTTP Authentication failed; no valid credentials available @ http://localhost:8083/index.ts.bundle?platform=web&dev=true&hot=false&lazy=true&transform.engine=hermes&transform.routerRoot=app&unstable_transformProfile=hermes-stable:491524
[  265560ms] [ERROR] WebSocket connection to 'ws://localhost:4000/api/v1/realtime/ws?topics=chat.conversation%3Aseed_conv_1%2Cchat.conversation%3Achatdm_1786675192869_509972%2Cchat.conversation%3Ac1%2Cchat.conversation%3Ac2%2Cchat.conversation%3Ag1' failed: HTTP Authentication failed; no valid credentials available @ http://localhost:8083/index.ts.bundle?platform=web&dev=true&hot=false&lazy=true&transform.engine=hermes&transform.routerRoot=app&unstable_transformProfile=hermes-stable:491524
[  269760ms] [ERROR] WebSocket connection to 'ws://localhost:4000/api/v1/realtime/ws?topics=chat.conversation%3Aseed_conv_1%2Cchat.conversation%3Achatdm_1786675192869_509972%2Cchat.conversation%3Ac1%2Cchat.conversation%3Ac2%2Cchat.conversation%3Ag1' failed: HTTP Authentication failed; no valid credentials available @ http://localhost:8083/index.ts.bundle?platform=web&dev=true&hot=false&lazy=true&transform.engine=hermes&transform.routerRoot=app&unstable_transformProfile=hermes-stable:491524
[  278029ms] [ERROR] WebSocket connection to 'ws://localhost:4000/api/v1/realtime/ws?topics=chat.conversation%3Aseed_conv_1%2Cchat.conversation%3Achatdm_1786675192869_509972%2Cchat.conversation%3Ac1%2Cchat.conversation%3Ac2%2Cchat.conversation%3Ag1' failed: HTTP Authentication failed; no valid credentials available @ http://localhost:8083/index.ts.bundle?platform=web&dev=true&hot=false&lazy=true&transform.engine=hermes&transform.routerRoot=app&unstable_transformProfile=hermes-stable:491524
[  280607ms] [ERROR] WebSocket connection to 'ws://localhost:4000/api/v1/realtime/ws?topics=chat.conversation%3Aseed_conv_1%2Cchat.conversation%3Achatdm_1786675192869_509972%2Cchat.conversation%3Ac1%2Cchat.conversation%3Ac2%2Cchat.conversation%3Ag1' failed: HTTP Authentication failed; no valid credentials available @ http://localhost:8083/index.ts.bundle?platform=web&dev=true&hot=false&lazy=true&transform.engine=hermes&transform.routerRoot=app&unstable_transformProfile=hermes-stable:491524
[  288379ms] [ERROR] WebSocket connection to 'ws://localhost:4000/api/v1/realtime/ws?topics=chat.conversation%3Aseed_conv_1%2Cchat.conversation%3Achatdm_1786675192869_509972%2Cchat.conversation%3Ac1%2Cchat.conversation%3Ac2%2Cchat.conversation%3Ag1' failed: HTTP Authentication failed; no valid credentials available @ http://localhost:8083/index.ts.bundle?platform=web&dev=true&hot=false&lazy=true&transform.engine=hermes&transform.routerRoot=app&unstable_transformProfile=hermes-stable:491524
[  292381ms] [ERROR] WebSocket connection to 'ws://localhost:4000/api/v1/realtime/ws?topics=chat.conversation%3Aseed_conv_1%2Cchat.conversation%3Achatdm_1786675192869_509972%2Cchat.conversation%3Ac1%2Cchat.conversation%3Ac2%2Cchat.conversation%3Ag1' failed: HTTP Authentication failed; no valid credentials available @ http://localhost:8083/index.ts.bundle?platform=web&dev=true&hot=false&lazy=true&transform.engine=hermes&transform.routerRoot=app&unstable_transformProfile=hermes-stable:491524
[  296507ms] [ERROR] WebSocket connection to 'ws://localhost:4000/api/v1/realtime/ws?topics=chat.conversation%3Aseed_conv_1%2Cchat.conversation%3Achatdm_1786675192869_509972%2Cchat.conversation%3Ac1%2Cchat.conversation%3Ac2%2Cchat.conversation%3Ag1' failed: HTTP Authentication failed; no valid credentials available @ http://localhost:8083/index.ts.bundle?platform=web&dev=true&hot=false&lazy=true&transform.engine=hermes&transform.routerRoot=app&unstable_transformProfile=hermes-stable:491524
[  301162ms] [ERROR] WebSocket connection to 'ws://localhost:4000/api/v1/realtime/ws?topics=chat.conversation%3Aseed_conv_1%2Cchat.conversation%3Achatdm_1786675192869_509972%2Cchat.conversation%3Ac1%2Cchat.conversation%3Ac2%2Cchat.conversation%3Ag1' failed: HTTP Authentication failed; no valid credentials available @ http://localhost:8083/index.ts.bundle?platform=web&dev=true&hot=false&lazy=true&transform.engine=hermes&transform.routerRoot=app&unstable_transformProfile=hermes-stable:491524
[  304860ms] [INFO] [backendDiagnostics] sync — count=10 error=none baseUrl=http://localhost:4000/api/v1 @ http://localhost:8083/index.ts.bundle?platform=web&dev=true&hot=false&lazy=true&transform.engine=hermes&transform.routerRoot=app&unstable_transformProfile=hermes-stable:124750
[  305488ms] [ERROR] WebSocket connection to 'ws://localhost:4000/api/v1/realtime/ws?topics=chat.conversation%3Aseed_conv_1%2Cchat.conversation%3Achatdm_1786675192869_509972%2Cchat.conversation%3Ac1%2Cchat.conversation%3Ac2%2Cchat.conversation%3Ag1' failed: HTTP Authentication failed; no valid credentials available @ http://localhost:8083/index.ts.bundle?platform=web&dev=true&hot=false&lazy=true&transform.engine=hermes&transform.routerRoot=app&unstable_transformProfile=hermes-stable:491524
[  311847ms] [ERROR] WebSocket connection to 'ws://localhost:4000/api/v1/realtime/ws?topics=chat.conversation%3Aseed_conv_1%2Cchat.conversation%3Achatdm_1786675192869_509972%2Cchat.conversation%3Ac1%2Cchat.conversation%3Ac2%2Cchat.conversation%3Ag1' failed: HTTP Authentication failed; no valid credentials available @ http://localhost:8083/index.ts.bundle?platform=web&dev=true&hot=false&lazy=true&transform.engine=hermes&transform.routerRoot=app&unstable_transformProfile=hermes-stable:491524
[  315462ms] [ERROR] WebSocket connection to 'ws://localhost:4000/api/v1/realtime/ws?topics=chat.conversation%3Aseed_conv_1%2Cchat.conversation%3Achatdm_1786675192869_509972%2Cchat.conversation%3Ac1%2Cchat.conversation%3Ac2%2Cchat.conversation%3Ag1' failed: HTTP Authentication failed; no valid credentials available @ http://localhost:8083/index.ts.bundle?platform=web&dev=true&hot=false&lazy=true&transform.engine=hermes&transform.routerRoot=app&unstable_transformProfile=hermes-stable:491524
[  320892ms] [ERROR] WebSocket connection to 'ws://localhost:4000/api/v1/realtime/ws?topics=chat.conversation%3Aseed_conv_1%2Cchat.conversation%3Achatdm_1786675192869_509972%2Cchat.conversation%3Ac1%2Cchat.conversation%3Ac2%2Cchat.conversation%3Ag1' failed: HTTP Authentication failed; no valid credentials available @ http://localhost:8083/index.ts.bundle?platform=web&dev=true&hot=false&lazy=true&transform.engine=hermes&transform.routerRoot=app&unstable_transformProfile=hermes-stable:491524
[  328030ms] [ERROR] WebSocket connection to 'ws://localhost:4000/api/v1/realtime/ws?topics=chat.conversation%3Aseed_conv_1%2Cchat.conversation%3Achatdm_1786675192869_509972%2Cchat.conversation%3Ac1%2Cchat.conversation%3Ac2%2Cchat.conversation%3Ag1' failed: HTTP Authentication failed; no valid credentials available @ http://localhost:8083/index.ts.bundle?platform=web&dev=true&hot=false&lazy=true&transform.engine=hermes&transform.routerRoot=app&unstable_transformProfile=hermes-stable:491524
[  330166ms] [ERROR] WebSocket connection to 'ws://localhost:4000/api/v1/realtime/ws?topics=chat.conversation%3Aseed_conv_1%2Cchat.conversation%3Achatdm_1786675192869_509972%2Cchat.conversation%3Ac1%2Cchat.conversation%3Ac2%2Cchat.conversation%3Ag1' failed: HTTP Authentication failed; no valid credentials available @ http://localhost:8083/index.ts.bundle?platform=web&dev=true&hot=false&lazy=true&transform.engine=hermes&transform.routerRoot=app&unstable_transformProfile=hermes-stable:491524
[  333912ms] [ERROR] Failed to load resource: the server responded with a status of 404 (Not Found) @ http://localhost:4000/api/v1/chat/conversations/g1/group-settings:0
[  336839ms] [ERROR] WebSocket connection to 'ws://localhost:4000/api/v1/realtime/ws?topics=chat.conversation%3Aseed_conv_1%2Cchat.conversation%3Achatdm_1786675192869_509972%2Cchat.conversation%3Ac1%2Cchat.conversation%3Ac2%2Cchat.conversation%3Ag1' failed: HTTP Authentication failed; no valid credentials available @ http://localhost:8083/index.ts.bundle?platform=web&dev=true&hot=false&lazy=true&transform.engine=hermes&transform.routerRoot=app&unstable_transformProfile=hermes-stable:491524
[  340735ms] [ERROR] WebSocket connection to 'ws://localhost:4000/api/v1/realtime/ws?topics=chat.conversation%3Aseed_conv_1%2Cchat.conversation%3Achatdm_1786675192869_509972%2Cchat.conversation%3Ac1%2Cchat.conversation%3Ac2%2Cchat.conversation%3Ag1' failed: HTTP Authentication failed; no valid credentials available @ http://localhost:8083/index.ts.bundle?platform=web&dev=true&hot=false&lazy=true&transform.engine=hermes&transform.routerRoot=app&unstable_transformProfile=hermes-stable:491524
[  341804ms] [ERROR] Failed to load resource: the server responded with a status of 404 (Not Found) @ http://localhost:4000/api/v1/chat/conversations/g1/group-settings:0
[  345779ms] [ERROR] WebSocket connection to 'ws://localhost:4000/api/v1/realtime/ws?topics=chat.conversation%3Aseed_conv_1%2Cchat.conversation%3Achatdm_1786675192869_509972%2Cchat.conversation%3Ac1%2Cchat.conversation%3Ac2%2Cchat.conversation%3Ag1' failed: HTTP Authentication failed; no valid credentials available @ http://localhost:8083/index.ts.bundle?platform=web&dev=true&hot=false&lazy=true&transform.engine=hermes&transform.routerRoot=app&unstable_transformProfile=hermes-stable:491524
[  346668ms] [ERROR] Failed to load resource: the server responded with a status of 404 (Not Found) @ http://localhost:4000/api/v1/chat/conversations/g1/group-settings:0
[  352304ms] [ERROR] Failed to load resource: the server responded with a status of 404 (Not Found) @ http://localhost:4000/api/v1/chat/conversations/g1/group-settings:0
[  352643ms] [ERROR] WebSocket connection to 'ws://localhost:4000/api/v1/realtime/ws?topics=chat.conversation%3Aseed_conv_1%2Cchat.conversation%3Achatdm_1786675192869_509972%2Cchat.conversation%3Ac1%2Cchat.conversation%3Ac2%2Cchat.conversation%3Ag1' failed: HTTP Authentication failed; no valid credentials available @ http://localhost:8083/index.ts.bundle?platform=web&dev=true&hot=false&lazy=true&transform.engine=hermes&transform.routerRoot=app&unstable_transformProfile=hermes-stable:491524
[  354862ms] [ERROR] WebSocket connection to 'ws://localhost:4000/api/v1/realtime/ws?topics=chat.conversation%3Aseed_conv_1%2Cchat.conversation%3Achatdm_1786675192869_509972%2Cchat.conversation%3Ac1%2Cchat.conversation%3Ac2%2Cchat.conversation%3Ag1' failed: HTTP Authentication failed; no valid credentials available @ http://localhost:8083/index.ts.bundle?platform=web&dev=true&hot=false&lazy=true&transform.engine=hermes&transform.routerRoot=app&unstable_transformProfile=hermes-stable:491524
[  359881ms] [INFO] [backendDiagnostics] sync — count=10 error=none baseUrl=http://localhost:4000/api/v1 @ http://localhost:8083/index.ts.bundle?platform=web&dev=true&hot=false&lazy=true&transform.engine=hermes&transform.routerRoot=app&unstable_transformProfile=hermes-stable:124750
[  360019ms] [ERROR] WebSocket connection to 'ws://localhost:4000/api/v1/realtime/ws?topics=chat.conversation%3Aseed_conv_1%2Cchat.conversation%3Achatdm_1786675192869_509972%2Cchat.conversation%3Ac1%2Cchat.conversation%3Ac2%2Cchat.conversation%3Ag1' failed: HTTP Authentication failed; no valid credentials available @ http://localhost:8083/index.ts.bundle?platform=web&dev=true&hot=false&lazy=true&transform.engine=hermes&transform.routerRoot=app&unstable_transformProfile=hermes-stable:491524
[  368382ms] [ERROR] WebSocket connection to 'ws://localhost:4000/api/v1/realtime/ws?topics=chat.conversation%3Aseed_conv_1%2Cchat.conversation%3Achatdm_1786675192869_509972%2Cchat.conversation%3Ac1%2Cchat.conversation%3Ac2%2Cchat.conversation%3Ag1' failed: HTTP Authentication failed; no valid credentials available @ http://localhost:8083/index.ts.bundle?platform=web&dev=true&hot=false&lazy=true&transform.engine=hermes&transform.routerRoot=app&unstable_transformProfile=hermes-stable:491524
[  370566ms] [ERROR] WebSocket connection to 'ws://localhost:4000/api/v1/realtime/ws?topics=chat.conversation%3Aseed_conv_1%2Cchat.conversation%3Achatdm_1786675192869_509972%2Cchat.conversation%3Ac1%2Cchat.conversation%3Ac2%2Cchat.conversation%3Ag1' failed: HTTP Authentication failed; no valid credentials available @ http://localhost:8083/index.ts.bundle?platform=web&dev=true&hot=false&lazy=true&transform.engine=hermes&transform.routerRoot=app&unstable_transformProfile=hermes-stable:491524
[  374959ms] [ERROR] WebSocket connection to 'ws://localhost:4000/api/v1/realtime/ws?topics=chat.conversation%3Aseed_conv_1%2Cchat.conversation%3Achatdm_1786675192869_509972%2Cchat.conversation%3Ac1%2Cchat.conversation%3Ac2%2Cchat.conversation%3Ag1' failed: HTTP Authentication failed; no valid credentials available @ http://localhost:8083/index.ts.bundle?platform=web&dev=true&hot=false&lazy=true&transform.engine=hermes&transform.routerRoot=app&unstable_transformProfile=hermes-stable:491524
[  382563ms] [ERROR] WebSocket connection to 'ws://localhost:4000/api/v1/realtime/ws?topics=chat.conversation%3Aseed_conv_1%2Cchat.conversation%3Achatdm_1786675192869_509972%2Cchat.conversation%3Ac1%2Cchat.conversation%3Ac2%2Cchat.conversation%3Ag1' failed: HTTP Authentication failed; no valid credentials available @ http://localhost:8083/index.ts.bundle?platform=web&dev=true&hot=false&lazy=true&transform.engine=hermes&transform.routerRoot=app&unstable_transformProfile=hermes-stable:491524
[  386744ms] [ERROR] WebSocket connection to 'ws://localhost:4000/api/v1/realtime/ws?topics=chat.conversation%3Aseed_conv_1%2Cchat.conversation%3Achatdm_1786675192869_509972%2Cchat.conversation%3Ac1%2Cchat.conversation%3Ac2%2Cchat.conversation%3Ag1' failed: HTTP Authentication failed; no valid credentials available @ http://localhost:8083/index.ts.bundle?platform=web&dev=true&hot=false&lazy=true&transform.engine=hermes&transform.routerRoot=app&unstable_transformProfile=hermes-stable:491524
[  389562ms] [ERROR] WebSocket connection to 'ws://localhost:4000/api/v1/realtime/ws?topics=chat.conversation%3Aseed_conv_1%2Cchat.conversation%3Achatdm_1786675192869_509972%2Cchat.conversation%3Ac1%2Cchat.conversation%3Ac2%2Cchat.conversation%3Ag1' failed: HTTP Authentication failed; no valid credentials available @ http://localhost:8083/index.ts.bundle?platform=web&dev=true&hot=false&lazy=true&transform.engine=hermes&transform.routerRoot=app&unstable_transformProfile=hermes-stable:491524
[  398354ms] [ERROR] WebSocket connection to 'ws://localhost:4000/api/v1/realtime/ws?topics=chat.conversation%3Aseed_conv_1%2Cchat.conversation%3Achatdm_1786675192869_509972%2Cchat.conversation%3Ac1%2Cchat.conversation%3Ac2%2Cchat.conversation%3Ag1' failed: HTTP Authentication failed; no valid credentials available @ http://localhost:8083/index.ts.bundle?platform=web&dev=true&hot=false&lazy=true&transform.engine=hermes&transform.routerRoot=app&unstable_transformProfile=hermes-stable:491524
[  402038ms] [ERROR] WebSocket connection to 'ws://localhost:4000/api/v1/realtime/ws?topics=chat.conversation%3Aseed_conv_1%2Cchat.conversation%3Achatdm_1786675192869_509972%2Cchat.conversation%3Ac1%2Cchat.conversation%3Ac2%2Cchat.conversation%3Ag1' failed: HTTP Authentication failed; no valid credentials available @ http://localhost:8083/index.ts.bundle?platform=web&dev=true&hot=false&lazy=true&transform.engine=hermes&transform.routerRoot=app&unstable_transformProfile=hermes-stable:491524
[  405300ms] [ERROR] WebSocket connection to 'ws://localhost:4000/api/v1/realtime/ws?topics=chat.conversation%3Aseed_conv_1%2Cchat.conversation%3Achatdm_1786675192869_509972%2Cchat.conversation%3Ac1%2Cchat.conversation%3Ac2%2Cchat.conversation%3Ag1' failed: HTTP Authentication failed; no valid credentials available @ http://localhost:8083/index.ts.bundle?platform=web&dev=true&hot=false&lazy=true&transform.engine=hermes&transform.routerRoot=app&unstable_transformProfile=hermes-stable:491524
[  412773ms] [ERROR] WebSocket connection to 'ws://localhost:4000/api/v1/realtime/ws?topics=chat.conversation%3Aseed_conv_1%2Cchat.conversation%3Achatdm_1786675192869_509972%2Cchat.conversation%3Ac1%2Cchat.conversation%3Ac2%2Cchat.conversation%3Ag1' failed: HTTP Authentication failed; no valid credentials available @ http://localhost:8083/index.ts.bundle?platform=web&dev=true&hot=false&lazy=true&transform.engine=hermes&transform.routerRoot=app&unstable_transformProfile=hermes-stable:491524
[  414873ms] [INFO] [backendDiagnostics] sync — count=10 error=none baseUrl=http://localhost:4000/api/v1 @ http://localhost:8083/index.ts.bundle?platform=web&dev=true&hot=false&lazy=true&transform.engine=hermes&transform.routerRoot=app&unstable_transformProfile=hermes-stable:124750
[  417260ms] [ERROR] WebSocket connection to 'ws://localhost:4000/api/v1/realtime/ws?topics=chat.conversation%3Aseed_conv_1%2Cchat.conversation%3Achatdm_1786675192869_509972%2Cchat.conversation%3Ac1%2Cchat.conversation%3Ac2%2Cchat.conversation%3Ag1' failed: HTTP Authentication failed; no valid credentials available @ http://localhost:8083/index.ts.bundle?platform=web&dev=true&hot=false&lazy=true&transform.engine=hermes&transform.routerRoot=app&unstable_transformProfile=hermes-stable:491524
[  422232ms] [ERROR] WebSocket connection to 'ws://localhost:4000/api/v1/realtime/ws?topics=chat.conversation%3Aseed_conv_1%2Cchat.conversation%3Achatdm_1786675192869_509972%2Cchat.conversation%3Ac1%2Cchat.conversation%3Ac2%2Cchat.conversation%3Ag1' failed: HTTP Authentication failed; no valid credentials available @ http://localhost:8083/index.ts.bundle?platform=web&dev=true&hot=false&lazy=true&transform.engine=hermes&transform.routerRoot=app&unstable_transformProfile=hermes-stable:491524
[  428339ms] [ERROR] WebSocket connection to 'ws://localhost:4000/api/v1/realtime/ws?topics=chat.conversation%3Aseed_conv_1%2Cchat.conversation%3Achatdm_1786675192869_509972%2Cchat.conversation%3Ac1%2Cchat.conversation%3Ac2%2Cchat.conversation%3Ag1' failed: HTTP Authentication failed; no valid credentials available @ http://localhost:8083/index.ts.bundle?platform=web&dev=true&hot=false&lazy=true&transform.engine=hermes&transform.routerRoot=app&unstable_transformProfile=hermes-stable:491524
[  430044ms] [ERROR] WebSocket connection to 'ws://localhost:4000/api/v1/realtime/ws?topics=chat.conversation%3Aseed_conv_1%2Cchat.conversation%3Achatdm_1786675192869_509972%2Cchat.conversation%3Ac1%2Cchat.conversation%3Ac2%2Cchat.conversation%3Ag1' failed: HTTP Authentication failed; no valid credentials available @ http://localhost:8083/index.ts.bundle?platform=web&dev=true&hot=false&lazy=true&transform.engine=hermes&transform.routerRoot=app&unstable_transformProfile=hermes-stable:491524
[  438142ms] [ERROR] WebSocket connection to 'ws://localhost:4000/api/v1/realtime/ws?topics=chat.conversation%3Aseed_conv_1%2Cchat.conversation%3Achatdm_1786675192869_509972%2Cchat.conversation%3Ac1%2Cchat.conversation%3Ac2%2Cchat.conversation%3Ag1' failed: HTTP Authentication failed; no valid credentials available @ http://localhost:8083/index.ts.bundle?platform=web&dev=true&hot=false&lazy=true&transform.engine=hermes&transform.routerRoot=app&unstable_transformProfile=hermes-stable:491524
[  440683ms] [ERROR] WebSocket connection to 'ws://localhost:4000/api/v1/realtime/ws?topics=chat.conversation%3Aseed_conv_1%2Cchat.conversation%3Achatdm_1786675192869_509972%2Cchat.conversation%3Ac1%2Cchat.conversation%3Ac2%2Cchat.conversation%3Ag1' failed: HTTP Authentication failed; no valid credentials available @ http://localhost:8083/index.ts.bundle?platform=web&dev=true&hot=false&lazy=true&transform.engine=hermes&transform.routerRoot=app&unstable_transformProfile=hermes-stable:491524
[  446423ms] [ERROR] WebSocket connection to 'ws://localhost:4000/api/v1/realtime/ws?topics=chat.conversation%3Aseed_conv_1%2Cchat.conversation%3Achatdm_1786675192869_509972%2Cchat.conversation%3Ac1%2Cchat.conversation%3Ac2%2Cchat.conversation%3Ag1' failed: HTTP Authentication failed; no valid credentials available @ http://localhost:8083/index.ts.bundle?platform=web&dev=true&hot=false&lazy=true&transform.engine=hermes&transform.routerRoot=app&unstable_transformProfile=hermes-stable:491524
[  450549ms] [ERROR] WebSocket connection to 'ws://localhost:4000/api/v1/realtime/ws?topics=chat.conversation%3Aseed_conv_1%2Cchat.conversation%3Achatdm_1786675192869_509972%2Cchat.conversation%3Ac1%2Cchat.conversation%3Ac2%2Cchat.conversation%3Ag1' failed: HTTP Authentication failed; no valid credentials available @ http://localhost:8083/index.ts.bundle?platform=web&dev=true&hot=false&lazy=true&transform.engine=hermes&transform.routerRoot=app&unstable_transformProfile=hermes-stable:491524
[  456437ms] [ERROR] WebSocket connection to 'ws://localhost:4000/api/v1/realtime/ws?topics=chat.conversation%3Aseed_conv_1%2Cchat.conversation%3Achatdm_1786675192869_509972%2Cchat.conversation%3Ac1%2Cchat.conversation%3Ac2%2Cchat.conversation%3Ag1' failed: HTTP Authentication failed; no valid credentials available @ http://localhost:8083/index.ts.bundle?platform=web&dev=true&hot=false&lazy=true&transform.engine=hermes&transform.routerRoot=app&unstable_transformProfile=hermes-stable:491524
[  462333ms] [ERROR] WebSocket connection to 'ws://localhost:4000/api/v1/realtime/ws?topics=chat.conversation%3Aseed_conv_1%2Cchat.conversation%3Achatdm_1786675192869_509972%2Cchat.conversation%3Ac1%2Cchat.conversation%3Ac2%2Cchat.conversation%3Ag1' failed: HTTP Authentication failed; no valid credentials available @ http://localhost:8083/index.ts.bundle?platform=web&dev=true&hot=false&lazy=true&transform.engine=hermes&transform.routerRoot=app&unstable_transformProfile=hermes-stable:491524
[  466129ms] [ERROR] WebSocket connection to 'ws://localhost:4000/api/v1/realtime/ws?topics=chat.conversation%3Aseed_conv_1%2Cchat.conversation%3Achatdm_1786675192869_509972%2Cchat.conversation%3Ac1%2Cchat.conversation%3Ac2%2Cchat.conversation%3Ag1' failed: HTTP Authentication failed; no valid credentials available @ http://localhost:8083/index.ts.bundle?platform=web&dev=true&hot=false&lazy=true&transform.engine=hermes&transform.routerRoot=app&unstable_transformProfile=hermes-stable:491524
[  469892ms] [INFO] [backendDiagnostics] sync — count=10 error=none baseUrl=http://localhost:4000/api/v1 @ http://localhost:8083/index.ts.bundle?platform=web&dev=true&hot=false&lazy=true&transform.engine=hermes&transform.routerRoot=app&unstable_transformProfile=hermes-stable:124750
[  471956ms] [ERROR] WebSocket connection to 'ws://localhost:4000/api/v1/realtime/ws?topics=chat.conversation%3Aseed_conv_1%2Cchat.conversation%3Achatdm_1786675192869_509972%2Cchat.conversation%3Ac1%2Cchat.conversation%3Ac2%2Cchat.conversation%3Ag1' failed: HTTP Authentication failed; no valid credentials available @ http://localhost:8083/index.ts.bundle?platform=web&dev=true&hot=false&lazy=true&transform.engine=hermes&transform.routerRoot=app&unstable_transformProfile=hermes-stable:491524
[  474993ms] [ERROR] WebSocket connection to 'ws://localhost:4000/api/v1/realtime/ws?topics=chat.conversation%3Aseed_conv_1%2Cchat.conversation%3Achatdm_1786675192869_509972%2Cchat.conversation%3Ac1%2Cchat.conversation%3Ac2%2Cchat.conversation%3Ag1' failed: HTTP Authentication failed; no valid credentials available @ http://localhost:8083/index.ts.bundle?platform=web&dev=true&hot=false&lazy=true&transform.engine=hermes&transform.routerRoot=app&unstable_transformProfile=hermes-stable:491524
[  481952ms] [ERROR] WebSocket connection to 'ws://localhost:4000/api/v1/realtime/ws?topics=chat.conversation%3Aseed_conv_1%2Cchat.conversation%3Achatdm_1786675192869_509972%2Cchat.conversation%3Ac1%2Cchat.conversation%3Ac2%2Cchat.conversation%3Ag1' failed: HTTP Authentication failed; no valid credentials available @ http://localhost:8083/index.ts.bundle?platform=web&dev=true&hot=false&lazy=true&transform.engine=hermes&transform.routerRoot=app&unstable_transformProfile=hermes-stable:491524
[  487409ms] [ERROR] WebSocket connection to 'ws://localhost:4000/api/v1/realtime/ws?topics=chat.conversation%3Aseed_conv_1%2Cchat.conversation%3Achatdm_1786675192869_509972%2Cchat.conversation%3Ac1%2Cchat.conversation%3Ac2%2Cchat.conversation%3Ag1' failed: HTTP Authentication failed; no valid credentials available @ http://localhost:8083/index.ts.bundle?platform=web&dev=true&hot=false&lazy=true&transform.engine=hermes&transform.routerRoot=app&unstable_transformProfile=hermes-stable:491524
[  491678ms] [ERROR] WebSocket connection to 'ws://localhost:4000/api/v1/realtime/ws?topics=chat.conversation%3Aseed_conv_1%2Cchat.conversation%3Achatdm_1786675192869_509972%2Cchat.conversation%3Ac1%2Cchat.conversation%3Ac2%2Cchat.conversation%3Ag1' failed: HTTP Authentication failed; no valid credentials available @ http://localhost:8083/index.ts.bundle?platform=web&dev=true&hot=false&lazy=true&transform.engine=hermes&transform.routerRoot=app&unstable_transformProfile=hermes-stable:491524
[  497001ms] [ERROR] WebSocket connection to 'ws://localhost:4000/api/v1/realtime/ws?topics=chat.conversation%3Aseed_conv_1%2Cchat.conversation%3Achatdm_1786675192869_509972%2Cchat.conversation%3Ac1%2Cchat.conversation%3Ac2%2Cchat.conversation%3Ag1' failed: HTTP Authentication failed; no valid credentials available @ http://localhost:8083/index.ts.bundle?platform=web&dev=true&hot=false&lazy=true&transform.engine=hermes&transform.routerRoot=app&unstable_transformProfile=hermes-stable:491524
[  500612ms] [ERROR] WebSocket connection to 'ws://localhost:4000/api/v1/realtime/ws?topics=chat.conversation%3Aseed_conv_1%2Cchat.conversation%3Achatdm_1786675192869_509972%2Cchat.conversation%3Ac1%2Cchat.conversation%3Ac2%2Cchat.conversation%3Ag1' failed: HTTP Authentication failed; no valid credentials available @ http://localhost:8083/index.ts.bundle?platform=web&dev=true&hot=false&lazy=true&transform.engine=hermes&transform.routerRoot=app&unstable_transformProfile=hermes-stable:491524
[  507365ms] [ERROR] WebSocket connection to 'ws://localhost:4000/api/v1/realtime/ws?topics=chat.conversation%3Aseed_conv_1%2Cchat.conversation%3Achatdm_1786675192869_509972%2Cchat.conversation%3Ac1%2Cchat.conversation%3Ac2%2Cchat.conversation%3Ag1' failed: HTTP Authentication failed; no valid credentials available @ http://localhost:8083/index.ts.bundle?platform=web&dev=true&hot=false&lazy=true&transform.engine=hermes&transform.routerRoot=app&unstable_transformProfile=hermes-stable:491524
[  511552ms] [ERROR] WebSocket connection to 'ws://localhost:4000/api/v1/realtime/ws?topics=chat.conversation%3Aseed_conv_1%2Cchat.conversation%3Achatdm_1786675192869_509972%2Cchat.conversation%3Ac1%2Cchat.conversation%3Ac2%2Cchat.conversation%3Ag1' failed: HTTP Authentication failed; no valid credentials available @ http://localhost:8083/index.ts.bundle?platform=web&dev=true&hot=false&lazy=true&transform.engine=hermes&transform.routerRoot=app&unstable_transformProfile=hermes-stable:491524
[  514810ms] [ERROR] WebSocket connection to 'ws://localhost:4000/api/v1/realtime/ws?topics=chat.conversation%3Aseed_conv_1%2Cchat.conversation%3Achatdm_1786675192869_509972%2Cchat.conversation%3Ac1%2Cchat.conversation%3Ac2%2Cchat.conversation%3Ag1' failed: HTTP Authentication failed; no valid credentials available @ http://localhost:8083/index.ts.bundle?platform=web&dev=true&hot=false&lazy=true&transform.engine=hermes&transform.routerRoot=app&unstable_transformProfile=hermes-stable:491524
[  519745ms] [ERROR] WebSocket connection to 'ws://localhost:4000/api/v1/realtime/ws?topics=chat.conversation%3Aseed_conv_1%2Cchat.conversation%3Achatdm_1786675192869_509972%2Cchat.conversation%3Ac1%2Cchat.conversation%3Ac2%2Cchat.conversation%3Ag1' failed: HTTP Authentication failed; no valid credentials available @ http://localhost:8083/index.ts.bundle?platform=web&dev=true&hot=false&lazy=true&transform.engine=hermes&transform.routerRoot=app&unstable_transformProfile=hermes-stable:491524
[  524869ms] [INFO] [backendDiagnostics] sync — count=10 error=none baseUrl=http://localhost:4000/api/v1 @ http://localhost:8083/index.ts.bundle?platform=web&dev=true&hot=false&lazy=true&transform.engine=hermes&transform.routerRoot=app&unstable_transformProfile=hermes-stable:124750
[  525453ms] [ERROR] WebSocket connection to 'ws://localhost:4000/api/v1/realtime/ws?topics=chat.conversation%3Aseed_conv_1%2Cchat.conversation%3Achatdm_1786675192869_509972%2Cchat.conversation%3Ac1%2Cchat.conversation%3Ac2%2Cchat.conversation%3Ag1' failed: HTTP Authentication failed; no valid credentials available @ http://localhost:8083/index.ts.bundle?platform=web&dev=true&hot=false&lazy=true&transform.engine=hermes&transform.routerRoot=app&unstable_transformProfile=hermes-stable:491524
[  529781ms] [ERROR] WebSocket connection to 'ws://localhost:4000/api/v1/realtime/ws?topics=chat.conversation%3Aseed_conv_1%2Cchat.conversation%3Achatdm_1786675192869_509972%2Cchat.conversation%3Ac1%2Cchat.conversation%3Ac2%2Cchat.conversation%3Ag1' failed: HTTP Authentication failed; no valid credentials available @ http://localhost:8083/index.ts.bundle?platform=web&dev=true&hot=false&lazy=true&transform.engine=hermes&transform.routerRoot=app&unstable_transformProfile=hermes-stable:491524
[  536265ms] [ERROR] WebSocket connection to 'ws://localhost:4000/api/v1/realtime/ws?topics=chat.conversation%3Aseed_conv_1%2Cchat.conversation%3Achatdm_1786675192869_509972%2Cchat.conversation%3Ac1%2Cchat.conversation%3Ac2%2Cchat.conversation%3Ag1' failed: HTTP Authentication failed; no valid credentials available @ http://localhost:8083/index.ts.bundle?platform=web&dev=true&hot=false&lazy=true&transform.engine=hermes&transform.routerRoot=app&unstable_transformProfile=hermes-stable:491524
[  542409ms] [ERROR] WebSocket connection to 'ws://localhost:4000/api/v1/realtime/ws?topics=chat.conversation%3Aseed_conv_1%2Cchat.conversation%3Achatdm_1786675192869_509972%2Cchat.conversation%3Ac1%2Cchat.conversation%3Ac2%2Cchat.conversation%3Ag1' failed: HTTP Authentication failed; no valid credentials available @ http://localhost:8083/index.ts.bundle?platform=web&dev=true&hot=false&lazy=true&transform.engine=hermes&transform.routerRoot=app&unstable_transformProfile=hermes-stable:491524
[  546212ms] [ERROR] WebSocket connection to 'ws://localhost:4000/api/v1/realtime/ws?topics=chat.conversation%3Aseed_conv_1%2Cchat.conversation%3Achatdm_1786675192869_509972%2Cchat.conversation%3Ac1%2Cchat.conversation%3Ac2%2Cchat.conversation%3Ag1' failed: HTTP Authentication failed; no valid credentials available @ http://localhost:8083/index.ts.bundle?platform=web&dev=true&hot=false&lazy=true&transform.engine=hermes&transform.routerRoot=app&unstable_transformProfile=hermes-stable:491524
[  552777ms] [ERROR] WebSocket connection to 'ws://localhost:4000/api/v1/realtime/ws?topics=chat.conversation%3Aseed_conv_1%2Cchat.conversation%3Achatdm_1786675192869_509972%2Cchat.conversation%3Ac1%2Cchat.conversation%3Ac2%2Cchat.conversation%3Ag1' failed: HTTP Authentication failed; no valid credentials available @ http://localhost:8083/index.ts.bundle?platform=web&dev=true&hot=false&lazy=true&transform.engine=hermes&transform.routerRoot=app&unstable_transformProfile=hermes-stable:491524
[  557791ms] [ERROR] WebSocket connection to 'ws://localhost:4000/api/v1/realtime/ws?topics=chat.conversation%3Aseed_conv_1%2Cchat.conversation%3Achatdm_1786675192869_509972%2Cchat.conversation%3Ac1%2Cchat.conversation%3Ac2%2Cchat.conversation%3Ag1' failed: HTTP Authentication failed; no valid credentials available @ http://localhost:8083/index.ts.bundle?platform=web&dev=true&hot=false&lazy=true&transform.engine=hermes&transform.routerRoot=app&unstable_transformProfile=hermes-stable:491524
[  562153ms] [ERROR] WebSocket connection to 'ws://localhost:4000/api/v1/realtime/ws?topics=chat.conversation%3Aseed_conv_1%2Cchat.conversation%3Achatdm_1786675192869_509972%2Cchat.conversation%3Ac1%2Cchat.conversation%3Ac2%2Cchat.conversation%3Ag1' failed: HTTP Authentication failed; no valid credentials available @ http://localhost:8083/index.ts.bundle?platform=web&dev=true&hot=false&lazy=true&transform.engine=hermes&transform.routerRoot=app&unstable_transformProfile=hermes-stable:491524
[  565475ms] [ERROR] WebSocket connection to 'ws://localhost:4000/api/v1/realtime/ws?topics=chat.conversation%3Aseed_conv_1%2Cchat.conversation%3Achatdm_1786675192869_509972%2Cchat.conversation%3Ac1%2Cchat.conversation%3Ac2%2Cchat.conversation%3Ag1' failed: HTTP Authentication failed; no valid credentials available @ http://localhost:8083/index.ts.bundle?platform=web&dev=true&hot=false&lazy=true&transform.engine=hermes&transform.routerRoot=app&unstable_transformProfile=hermes-stable:491524
[  571780ms] [ERROR] WebSocket connection to 'ws://localhost:4000/api/v1/realtime/ws?topics=chat.conversation%3Aseed_conv_1%2Cchat.conversation%3Achatdm_1786675192869_509972%2Cchat.conversation%3Ac1%2Cchat.conversation%3Ac2%2Cchat.conversation%3Ag1' failed: HTTP Authentication failed; no valid credentials available @ http://localhost:8083/index.ts.bundle?platform=web&dev=true&hot=false&lazy=true&transform.engine=hermes&transform.routerRoot=app&unstable_transformProfile=hermes-stable:491524
[  577898ms] [ERROR] WebSocket connection to 'ws://localhost:4000/api/v1/realtime/ws?topics=chat.conversation%3Aseed_conv_1%2Cchat.conversation%3Achatdm_1786675192869_509972%2Cchat.conversation%3Ac1%2Cchat.conversation%3Ac2%2Cchat.conversation%3Ag1' failed: HTTP Authentication failed; no valid credentials available @ http://localhost:8083/index.ts.bundle?platform=web&dev=true&hot=false&lazy=true&transform.engine=hermes&transform.routerRoot=app&unstable_transformProfile=hermes-stable:491524
[  579875ms] [INFO] [backendDiagnostics] sync — count=10 error=none baseUrl=http://localhost:4000/api/v1 @ http://localhost:8083/index.ts.bundle?platform=web&dev=true&hot=false&lazy=true&transform.engine=hermes&transform.routerRoot=app&unstable_transformProfile=hermes-stable:124750
[  582016ms] [ERROR] WebSocket connection to 'ws://localhost:4000/api/v1/realtime/ws?topics=chat.conversation%3Aseed_conv_1%2Cchat.conversation%3Achatdm_1786675192869_509972%2Cchat.conversation%3Ac1%2Cchat.conversation%3Ac2%2Cchat.conversation%3Ag1' failed: HTTP Authentication failed; no valid credentials available @ http://localhost:8083/index.ts.bundle?platform=web&dev=true&hot=false&lazy=true&transform.engine=hermes&transform.routerRoot=app&unstable_transformProfile=hermes-stable:491524
[  588500ms] [ERROR] WebSocket connection to 'ws://localhost:4000/api/v1/realtime/ws?topics=chat.conversation%3Aseed_conv_1%2Cchat.conversation%3Achatdm_1786675192869_509972%2Cchat.conversation%3Ac1%2Cchat.conversation%3Ac2%2Cchat.conversation%3Ag1' failed: HTTP Authentication failed; no valid credentials available @ http://localhost:8083/index.ts.bundle?platform=web&dev=true&hot=false&lazy=true&transform.engine=hermes&transform.routerRoot=app&unstable_transformProfile=hermes-stable:491524
[  590763ms] [ERROR] WebSocket connection to 'ws://localhost:4000/api/v1/realtime/ws?topics=chat.conversation%3Aseed_conv_1%2Cchat.conversation%3Achatdm_1786675192869_509972%2Cchat.conversation%3Ac1%2Cchat.conversation%3Ac2%2Cchat.conversation%3Ag1' failed: HTTP Authentication failed; no valid credentials available @ http://localhost:8083/index.ts.bundle?platform=web&dev=true&hot=false&lazy=true&transform.engine=hermes&transform.routerRoot=app&unstable_transformProfile=hermes-stable:491524
[  597638ms] [ERROR] WebSocket connection to 'ws://localhost:4000/api/v1/realtime/ws?topics=chat.conversation%3Aseed_conv_1%2Cchat.conversation%3Achatdm_1786675192869_509972%2Cchat.conversation%3Ac1%2Cchat.conversation%3Ac2%2Cchat.conversation%3Ag1' failed: HTTP Authentication failed; no valid credentials available @ http://localhost:8083/index.ts.bundle?platform=web&dev=true&hot=false&lazy=true&transform.engine=hermes&transform.routerRoot=app&unstable_transformProfile=hermes-stable:491524
[  600753ms] [ERROR] WebSocket connection to 'ws://localhost:4000/api/v1/realtime/ws?topics=chat.conversation%3Aseed_conv_1%2Cchat.conversation%3Achatdm_1786675192869_509972%2Cchat.conversation%3Ac1%2Cchat.conversation%3Ac2%2Cchat.conversation%3Ag1' failed: HTTP Authentication failed; no valid credentials available @ http://localhost:8083/index.ts.bundle?platform=web&dev=true&hot=false&lazy=true&transform.engine=hermes&transform.routerRoot=app&unstable_transformProfile=hermes-stable:491524
[  607803ms] [ERROR] WebSocket connection to 'ws://localhost:4000/api/v1/realtime/ws?topics=chat.conversation%3Aseed_conv_1%2Cchat.conversation%3Achatdm_1786675192869_509972%2Cchat.conversation%3Ac1%2Cchat.conversation%3Ac2%2Cchat.conversation%3Ag1' failed: HTTP Authentication failed; no valid credentials available @ http://localhost:8083/index.ts.bundle?platform=web&dev=true&hot=false&lazy=true&transform.engine=hermes&transform.routerRoot=app&unstable_transformProfile=hermes-stable:491524
[  612783ms] [ERROR] WebSocket connection to 'ws://localhost:4000/api/v1/realtime/ws?topics=chat.conversation%3Aseed_conv_1%2Cchat.conversation%3Achatdm_1786675192869_509972%2Cchat.conversation%3Ac1%2Cchat.conversation%3Ac2%2Cchat.conversation%3Ag1' failed: HTTP Authentication failed; no valid credentials available @ http://localhost:8083/index.ts.bundle?platform=web&dev=true&hot=false&lazy=true&transform.engine=hermes&transform.routerRoot=app&unstable_transformProfile=hermes-stable:491524
[  617217ms] [ERROR] WebSocket connection to 'ws://localhost:4000/api/v1/realtime/ws?topics=chat.conversation%3Aseed_conv_1%2Cchat.conversation%3Achatdm_1786675192869_509972%2Cchat.conversation%3Ac1%2Cchat.conversation%3Ac2%2Cchat.conversation%3Ag1' failed: HTTP Authentication failed; no valid credentials available @ http://localhost:8083/index.ts.bundle?platform=web&dev=true&hot=false&lazy=true&transform.engine=hermes&transform.routerRoot=app&unstable_transformProfile=hermes-stable:491524
[  621742ms] [ERROR] WebSocket connection to 'ws://localhost:4000/api/v1/realtime/ws?topics=chat.conversation%3Aseed_conv_1%2Cchat.conversation%3Achatdm_1786675192869_509972%2Cchat.conversation%3Ac1%2Cchat.conversation%3Ac2%2Cchat.conversation%3Ag1' failed: HTTP Authentication failed; no valid credentials available @ http://localhost:8083/index.ts.bundle?platform=web&dev=true&hot=false&lazy=true&transform.engine=hermes&transform.routerRoot=app&unstable_transformProfile=hermes-stable:491524
[  625055ms] [ERROR] WebSocket connection to 'ws://localhost:4000/api/v1/realtime/ws?topics=chat.conversation%3Aseed_conv_1%2Cchat.conversation%3Achatdm_1786675192869_509972%2Cchat.conversation%3Ac1%2Cchat.conversation%3Ac2%2Cchat.conversation%3Ag1' failed: HTTP Authentication failed; no valid credentials available @ http://localhost:8083/index.ts.bundle?platform=web&dev=true&hot=false&lazy=true&transform.engine=hermes&transform.routerRoot=app&unstable_transformProfile=hermes-stable:491524
[  632742ms] [ERROR] WebSocket connection to 'ws://localhost:4000/api/v1/realtime/ws?topics=chat.conversation%3Aseed_conv_1%2Cchat.conversation%3Achatdm_1786675192869_509972%2Cchat.conversation%3Ac1%2Cchat.conversation%3Ac2%2Cchat.conversation%3Ag1' failed: HTTP Authentication failed; no valid credentials available @ http://localhost:8083/index.ts.bundle?platform=web&dev=true&hot=false&lazy=true&transform.engine=hermes&transform.routerRoot=app&unstable_transformProfile=hermes-stable:491524
[  634880ms] [INFO] [backendDiagnostics] sync — count=10 error=none baseUrl=http://localhost:4000/api/v1 @ http://localhost:8083/index.ts.bundle?platform=web&dev=true&hot=false&lazy=true&transform.engine=hermes&transform.routerRoot=app&unstable_transformProfile=hermes-stable:124750
[  637091ms] [ERROR] WebSocket connection to 'ws://localhost:4000/api/v1/realtime/ws?topics=chat.conversation%3Aseed_conv_1%2Cchat.conversation%3Achatdm_1786675192869_509972%2Cchat.conversation%3Ac1%2Cchat.conversation%3Ac2%2Cchat.conversation%3Ag1' failed: HTTP Authentication failed; no valid credentials available @ http://localhost:8083/index.ts.bundle?platform=web&dev=true&hot=false&lazy=true&transform.engine=hermes&transform.routerRoot=app&unstable_transformProfile=hermes-stable:491524
[  643301ms] [ERROR] WebSocket connection to 'ws://localhost:4000/api/v1/realtime/ws?topics=chat.conversation%3Aseed_conv_1%2Cchat.conversation%3Achatdm_1786675192869_509972%2Cchat.conversation%3Ac1%2Cchat.conversation%3Ac2%2Cchat.conversation%3Ag1' failed: HTTP Authentication failed; no valid credentials available @ http://localhost:8083/index.ts.bundle?platform=web&dev=true&hot=false&lazy=true&transform.engine=hermes&transform.routerRoot=app&unstable_transformProfile=hermes-stable:491524
[  646955ms] [ERROR] WebSocket connection to 'ws://localhost:4000/api/v1/realtime/ws?topics=chat.conversation%3Aseed_conv_1%2Cchat.conversation%3Achatdm_1786675192869_509972%2Cchat.conversation%3Ac1%2Cchat.conversation%3Ac2%2Cchat.conversation%3Ag1' failed: HTTP Authentication failed; no valid credentials available @ http://localhost:8083/index.ts.bundle?platform=web&dev=true&hot=false&lazy=true&transform.engine=hermes&transform.routerRoot=app&unstable_transformProfile=hermes-stable:491524
[  650503ms] [ERROR] WebSocket connection to 'ws://localhost:4000/api/v1/realtime/ws?topics=chat.conversation%3Aseed_conv_1%2Cchat.conversation%3Achatdm_1786675192869_509972%2Cchat.conversation%3Ac1%2Cchat.conversation%3Ac2%2Cchat.conversation%3Ag1' failed: HTTP Authentication failed; no valid credentials available @ http://localhost:8083/index.ts.bundle?platform=web&dev=true&hot=false&lazy=true&transform.engine=hermes&transform.routerRoot=app&unstable_transformProfile=hermes-stable:491524
[  657787ms] [ERROR] WebSocket connection to 'ws://localhost:4000/api/v1/realtime/ws?topics=chat.conversation%3Aseed_conv_1%2Cchat.conversation%3Achatdm_1786675192869_509972%2Cchat.conversation%3Ac1%2Cchat.conversation%3Ac2%2Cchat.conversation%3Ag1' failed: HTTP Authentication failed; no valid credentials available @ http://localhost:8083/index.ts.bundle?platform=web&dev=true&hot=false&lazy=true&transform.engine=hermes&transform.routerRoot=app&unstable_transformProfile=hermes-stable:491524
[  662569ms] [ERROR] WebSocket connection to 'ws://localhost:4000/api/v1/realtime/ws?topics=chat.conversation%3Aseed_conv_1%2Cchat.conversation%3Achatdm_1786675192869_509972%2Cchat.conversation%3Ac1%2Cchat.conversation%3Ac2%2Cchat.conversation%3Ag1' failed: HTTP Authentication failed; no valid credentials available @ http://localhost:8083/index.ts.bundle?platform=web&dev=true&hot=false&lazy=true&transform.engine=hermes&transform.routerRoot=app&unstable_transformProfile=hermes-stable:491524
[  666867ms] [ERROR] WebSocket connection to 'ws://localhost:4000/api/v1/realtime/ws?topics=chat.conversation%3Aseed_conv_1%2Cchat.conversation%3Achatdm_1786675192869_509972%2Cchat.conversation%3Ac1%2Cchat.conversation%3Ac2%2Cchat.conversation%3Ag1' failed: HTTP Authentication failed; no valid credentials available @ http://localhost:8083/index.ts.bundle?platform=web&dev=true&hot=false&lazy=true&transform.engine=hermes&transform.routerRoot=app&unstable_transformProfile=hermes-stable:491524
[  669641ms] [ERROR] WebSocket connection to 'ws://localhost:4000/api/v1/realtime/ws?topics=chat.conversation%3Aseed_conv_1%2Cchat.conversation%3Achatdm_1786675192869_509972%2Cchat.conversation%3Ac1%2Cchat.conversation%3Ac2%2Cchat.conversation%3Ag1' failed: HTTP Authentication failed; no valid credentials available @ http://localhost:8083/index.ts.bundle?platform=web&dev=true&hot=false&lazy=true&transform.engine=hermes&transform.routerRoot=app&unstable_transformProfile=hermes-stable:491524
[  678379ms] [ERROR] WebSocket connection to 'ws://localhost:4000/api/v1/realtime/ws?topics=chat.conversation%3Aseed_conv_1%2Cchat.conversation%3Achatdm_1786675192869_509972%2Cchat.conversation%3Ac1%2Cchat.conversation%3Ac2%2Cchat.conversation%3Ag1' failed: HTTP Authentication failed; no valid credentials available @ http://localhost:8083/index.ts.bundle?platform=web&dev=true&hot=false&lazy=true&transform.engine=hermes&transform.routerRoot=app&unstable_transformProfile=hermes-stable:491524
[  681481ms] [ERROR] WebSocket connection to 'ws://localhost:4000/api/v1/realtime/ws?topics=chat.conversation%3Aseed_conv_1%2Cchat.conversation%3Achatdm_1786675192869_509972%2Cchat.conversation%3Ac1%2Cchat.conversation%3Ac2%2Cchat.conversation%3Ag1' failed: HTTP Authentication failed; no valid credentials available @ http://localhost:8083/index.ts.bundle?platform=web&dev=true&hot=false&lazy=true&transform.engine=hermes&transform.routerRoot=app&unstable_transformProfile=hermes-stable:491524
[  684603ms] [ERROR] WebSocket connection to 'ws://localhost:4000/api/v1/realtime/ws?topics=chat.conversation%3Aseed_conv_1%2Cchat.conversation%3Achatdm_1786675192869_509972%2Cchat.conversation%3Ac1%2Cchat.conversation%3Ac2%2Cchat.conversation%3Ag1' failed: HTTP Authentication failed; no valid credentials available @ http://localhost:8083/index.ts.bundle?platform=web&dev=true&hot=false&lazy=true&transform.engine=hermes&transform.routerRoot=app&unstable_transformProfile=hermes-stable:491524
[  689888ms] [INFO] [backendDiagnostics] sync — count=10 error=none baseUrl=http://localhost:4000/api/v1 @ http://localhost:8083/index.ts.bundle?platform=web&dev=true&hot=false&lazy=true&transform.engine=hermes&transform.routerRoot=app&unstable_transformProfile=hermes-stable:124750
[  691377ms] [ERROR] WebSocket connection to 'ws://localhost:4000/api/v1/realtime/ws?topics=chat.conversation%3Aseed_conv_1%2Cchat.conversation%3Achatdm_1786675192869_509972%2Cchat.conversation%3Ac1%2Cchat.conversation%3Ac2%2Cchat.conversation%3Ag1' failed: HTTP Authentication failed; no valid credentials available @ http://localhost:8083/index.ts.bundle?platform=web&dev=true&hot=false&lazy=true&transform.engine=hermes&transform.routerRoot=app&unstable_transformProfile=hermes-stable:491524
[  698316ms] [ERROR] WebSocket connection to 'ws://localhost:4000/api/v1/realtime/ws?topics=chat.conversation%3Aseed_conv_1%2Cchat.conversation%3Achatdm_1786675192869_509972%2Cchat.conversation%3Ac1%2Cchat.conversation%3Ac2%2Cchat.conversation%3Ag1' failed: HTTP Authentication failed; no valid credentials available @ http://localhost:8083/index.ts.bundle?platform=web&dev=true&hot=false&lazy=true&transform.engine=hermes&transform.routerRoot=app&unstable_transformProfile=hermes-stable:491524
[  702361ms] [ERROR] WebSocket connection to 'ws://localhost:4000/api/v1/realtime/ws?topics=chat.conversation%3Aseed_conv_1%2Cchat.conversation%3Achatdm_1786675192869_509972%2Cchat.conversation%3Ac1%2Cchat.conversation%3Ac2%2Cchat.conversation%3Ag1' failed: HTTP Authentication failed; no valid credentials available @ http://localhost:8083/index.ts.bundle?platform=web&dev=true&hot=false&lazy=true&transform.engine=hermes&transform.routerRoot=app&unstable_transformProfile=hermes-stable:491524
[  706058ms] [ERROR] WebSocket connection to 'ws://localhost:4000/api/v1/realtime/ws?topics=chat.conversation%3Aseed_conv_1%2Cchat.conversation%3Achatdm_1786675192869_509972%2Cchat.conversation%3Ac1%2Cchat.conversation%3Ac2%2Cchat.conversation%3Ag1' failed: HTTP Authentication failed; no valid credentials available @ http://localhost:8083/index.ts.bundle?platform=web&dev=true&hot=false&lazy=true&transform.engine=hermes&transform.routerRoot=app&unstable_transformProfile=hermes-stable:491524
[  710995ms] [ERROR] WebSocket connection to 'ws://localhost:4000/api/v1/realtime/ws?topics=chat.conversation%3Aseed_conv_1%2Cchat.conversation%3Achatdm_1786675192869_509972%2Cchat.conversation%3Ac1%2Cchat.conversation%3Ac2%2Cchat.conversation%3Ag1' failed: HTTP Authentication failed; no valid credentials available @ http://localhost:8083/index.ts.bundle?platform=web&dev=true&hot=false&lazy=true&transform.engine=hermes&transform.routerRoot=app&unstable_transformProfile=hermes-stable:491524
[  717812ms] [ERROR] WebSocket connection to 'ws://localhost:4000/api/v1/realtime/ws?topics=chat.conversation%3Aseed_conv_1%2Cchat.conversation%3Achatdm_1786675192869_509972%2Cchat.conversation%3Ac1%2Cchat.conversation%3Ac2%2Cchat.conversation%3Ag1' failed: HTTP Authentication failed; no valid credentials available @ http://localhost:8083/index.ts.bundle?platform=web&dev=true&hot=false&lazy=true&transform.engine=hermes&transform.routerRoot=app&unstable_transformProfile=hermes-stable:491524
[  720025ms] [ERROR] WebSocket connection to 'ws://localhost:4000/api/v1/realtime/ws?topics=chat.conversation%3Aseed_conv_1%2Cchat.conversation%3Achatdm_1786675192869_509972%2Cchat.conversation%3Ac1%2Cchat.conversation%3Ac2%2Cchat.conversation%3Ag1' failed: HTTP Authentication failed; no valid credentials available @ http://localhost:8083/index.ts.bundle?platform=web&dev=true&hot=false&lazy=true&transform.engine=hermes&transform.routerRoot=app&unstable_transformProfile=hermes-stable:491524
[  728029ms] [ERROR] WebSocket connection to 'ws://localhost:4000/api/v1/realtime/ws?topics=chat.conversation%3Aseed_conv_1%2Cchat.conversation%3Achatdm_1786675192869_509972%2Cchat.conversation%3Ac1%2Cchat.conversation%3Ac2%2Cchat.conversation%3Ag1' failed: HTTP Authentication failed; no valid credentials available @ http://localhost:8083/index.ts.bundle?platform=web&dev=true&hot=false&lazy=true&transform.engine=hermes&transform.routerRoot=app&unstable_transformProfile=hermes-stable:491524
[  732938ms] [ERROR] WebSocket connection to 'ws://localhost:4000/api/v1/realtime/ws?topics=chat.conversation%3Aseed_conv_1%2Cchat.conversation%3Achatdm_1786675192869_509972%2Cchat.conversation%3Ac1%2Cchat.conversation%3Ac2%2Cchat.conversation%3Ag1' failed: HTTP Authentication failed; no valid credentials available @ http://localhost:8083/index.ts.bundle?platform=web&dev=true&hot=false&lazy=true&transform.engine=hermes&transform.routerRoot=app&unstable_transformProfile=hermes-stable:491524
[  737516ms] [ERROR] WebSocket connection to 'ws://localhost:4000/api/v1/realtime/ws?topics=chat.conversation%3Aseed_conv_1%2Cchat.conversation%3Achatdm_1786675192869_509972%2Cchat.conversation%3Ac1%2Cchat.conversation%3Ac2%2Cchat.conversation%3Ag1' failed: HTTP Authentication failed; no valid credentials available @ http://localhost:8083/index.ts.bundle?platform=web&dev=true&hot=false&lazy=true&transform.engine=hermes&transform.routerRoot=app&unstable_transformProfile=hermes-stable:491524
[  742599ms] [ERROR] WebSocket connection to 'ws://localhost:4000/api/v1/realtime/ws?topics=chat.conversation%3Aseed_conv_1%2Cchat.conversation%3Achatdm_1786675192869_509972%2Cchat.conversation%3Ac1%2Cchat.conversation%3Ac2%2Cchat.conversation%3Ag1' failed: HTTP Authentication failed; no valid credentials available @ http://localhost:8083/index.ts.bundle?platform=web&dev=true&hot=false&lazy=true&transform.engine=hermes&transform.routerRoot=app&unstable_transformProfile=hermes-stable:491524
[  744866ms] [INFO] [backendDiagnostics] sync — count=10 error=none baseUrl=http://localhost:4000/api/v1 @ http://localhost:8083/index.ts.bundle?platform=web&dev=true&hot=false&lazy=true&transform.engine=hermes&transform.routerRoot=app&unstable_transformProfile=hermes-stable:124750
[  747715ms] [ERROR] WebSocket connection to 'ws://localhost:4000/api/v1/realtime/ws?topics=chat.conversation%3Aseed_conv_1%2Cchat.conversation%3Achatdm_1786675192869_509972%2Cchat.conversation%3Ac1%2Cchat.conversation%3Ac2%2Cchat.conversation%3Ag1' failed: HTTP Authentication failed; no valid credentials available @ http://localhost:8083/index.ts.bundle?platform=web&dev=true&hot=false&lazy=true&transform.engine=hermes&transform.routerRoot=app&unstable_transformProfile=hermes-stable:491524
[  751572ms] [ERROR] WebSocket connection to 'ws://localhost:4000/api/v1/realtime/ws?topics=chat.conversation%3Aseed_conv_1%2Cchat.conversation%3Achatdm_1786675192869_509972%2Cchat.conversation%3Ac1%2Cchat.conversation%3Ac2%2Cchat.conversation%3Ag1' failed: HTTP Authentication failed; no valid credentials available @ http://localhost:8083/index.ts.bundle?platform=web&dev=true&hot=false&lazy=true&transform.engine=hermes&transform.routerRoot=app&unstable_transformProfile=hermes-stable:491524
[  757219ms] [ERROR] WebSocket connection to 'ws://localhost:4000/api/v1/realtime/ws?topics=chat.conversation%3Aseed_conv_1%2Cchat.conversation%3Achatdm_1786675192869_509972%2Cchat.conversation%3Ac1%2Cchat.conversation%3Ac2%2Cchat.conversation%3Ag1' failed: HTTP Authentication failed; no valid credentials available @ http://localhost:8083/index.ts.bundle?platform=web&dev=true&hot=false&lazy=true&transform.engine=hermes&transform.routerRoot=app&unstable_transformProfile=hermes-stable:491524
[  762932ms] [ERROR] WebSocket connection to 'ws://localhost:4000/api/v1/realtime/ws?topics=chat.conversation%3Aseed_conv_1%2Cchat.conversation%3Achatdm_1786675192869_509972%2Cchat.conversation%3Ac1%2Cchat.conversation%3Ac2%2Cchat.conversation%3Ag1' failed: HTTP Authentication failed; no valid credentials available @ http://localhost:8083/index.ts.bundle?platform=web&dev=true&hot=false&lazy=true&transform.engine=hermes&transform.routerRoot=app&unstable_transformProfile=hermes-stable:491524
[  765776ms] [ERROR] WebSocket connection to 'ws://localhost:4000/api/v1/realtime/ws?topics=chat.conversation%3Aseed_conv_1%2Cchat.conversation%3Achatdm_1786675192869_509972%2Cchat.conversation%3Ac1%2Cchat.conversation%3Ac2%2Cchat.conversation%3Ag1' failed: HTTP Authentication failed; no valid credentials available @ http://localhost:8083/index.ts.bundle?platform=web&dev=true&hot=false&lazy=true&transform.engine=hermes&transform.routerRoot=app&unstable_transformProfile=hermes-stable:491524
[  771019ms] [ERROR] WebSocket connection to 'ws://localhost:4000/api/v1/realtime/ws?topics=chat.conversation%3Aseed_conv_1%2Cchat.conversation%3Achatdm_1786675192869_509972%2Cchat.conversation%3Ac1%2Cchat.conversation%3Ac2%2Cchat.conversation%3Ag1' failed: HTTP Authentication failed; no valid credentials available @ http://localhost:8083/index.ts.bundle?platform=web&dev=true&hot=false&lazy=true&transform.engine=hermes&transform.routerRoot=app&unstable_transformProfile=hermes-stable:491524
[  776383ms] [ERROR] WebSocket connection to 'ws://localhost:4000/api/v1/realtime/ws?topics=chat.conversation%3Aseed_conv_1%2Cchat.conversation%3Achatdm_1786675192869_509972%2Cchat.conversation%3Ac1%2Cchat.conversation%3Ac2%2Cchat.conversation%3Ag1' failed: HTTP Authentication failed; no valid credentials available @ http://localhost:8083/index.ts.bundle?platform=web&dev=true&hot=false&lazy=true&transform.engine=hermes&transform.routerRoot=app&unstable_transformProfile=hermes-stable:491524
[  782862ms] [ERROR] WebSocket connection to 'ws://localhost:4000/api/v1/realtime/ws?topics=chat.conversation%3Aseed_conv_1%2Cchat.conversation%3Achatdm_1786675192869_509972%2Cchat.conversation%3Ac1%2Cchat.conversation%3Ac2%2Cchat.conversation%3Ag1' failed: HTTP Authentication failed; no valid credentials available @ http://localhost:8083/index.ts.bundle?platform=web&dev=true&hot=false&lazy=true&transform.engine=hermes&transform.routerRoot=app&unstable_transformProfile=hermes-stable:491524
[  787316ms] [ERROR] WebSocket connection to 'ws://localhost:4000/api/v1/realtime/ws?topics=chat.conversation%3Aseed_conv_1%2Cchat.conversation%3Achatdm_1786675192869_509972%2Cchat.conversation%3Ac1%2Cchat.conversation%3Ac2%2Cchat.conversation%3Ag1' failed: HTTP Authentication failed; no valid credentials available @ http://localhost:8083/index.ts.bundle?platform=web&dev=true&hot=false&lazy=true&transform.engine=hermes&transform.routerRoot=app&unstable_transformProfile=hermes-stable:491524
[  790904ms] [ERROR] WebSocket connection to 'ws://localhost:4000/api/v1/realtime/ws?topics=chat.conversation%3Aseed_conv_1%2Cchat.conversation%3Achatdm_1786675192869_509972%2Cchat.conversation%3Ac1%2Cchat.conversation%3Ac2%2Cchat.conversation%3Ag1' failed: HTTP Authentication failed; no valid credentials available @ http://localhost:8083/index.ts.bundle?platform=web&dev=true&hot=false&lazy=true&transform.engine=hermes&transform.routerRoot=app&unstable_transformProfile=hermes-stable:491524
[  795390ms] [ERROR] WebSocket connection to 'ws://localhost:4000/api/v1/realtime/ws?topics=chat.conversation%3Aseed_conv_1%2Cchat.conversation%3Achatdm_1786675192869_509972%2Cchat.conversation%3Ac1%2Cchat.conversation%3Ac2%2Cchat.conversation%3Ag1' failed: HTTP Authentication failed; no valid credentials available @ http://localhost:8083/index.ts.bundle?platform=web&dev=true&hot=false&lazy=true&transform.engine=hermes&transform.routerRoot=app&unstable_transformProfile=hermes-stable:491524
[  799603ms] [ERROR] WebSocket connection to 'ws://localhost:4000/api/v1/realtime/ws?topics=chat.conversation%3Aseed_conv_1%2Cchat.conversation%3Achatdm_1786675192869_509972%2Cchat.conversation%3Ac1%2Cchat.conversation%3Ac2%2Cchat.conversation%3Ag1' failed: HTTP Authentication failed; no valid credentials available @ http://localhost:8083/index.ts.bundle?platform=web&dev=true&hot=false&lazy=true&transform.engine=hermes&transform.routerRoot=app&unstable_transformProfile=hermes-stable:491524
[  799880ms] [INFO] [backendDiagnostics] sync — count=10 error=none baseUrl=http://localhost:4000/api/v1 @ http://localhost:8083/index.ts.bundle?platform=web&dev=true&hot=false&lazy=true&transform.engine=hermes&transform.routerRoot=app&unstable_transformProfile=hermes-stable:124750
[  808362ms] [ERROR] WebSocket connection to 'ws://localhost:4000/api/v1/realtime/ws?topics=chat.conversation%3Aseed_conv_1%2Cchat.conversation%3Achatdm_1786675192869_509972%2Cchat.conversation%3Ac1%2Cchat.conversation%3Ac2%2Cchat.conversation%3Ag1' failed: HTTP Authentication failed; no valid credentials available @ http://localhost:8083/index.ts.bundle?platform=web&dev=true&hot=false&lazy=true&transform.engine=hermes&transform.routerRoot=app&unstable_transformProfile=hermes-stable:491524
[  811184ms] [ERROR] WebSocket connection to 'ws://localhost:4000/api/v1/realtime/ws?topics=chat.conversation%3Aseed_conv_1%2Cchat.conversation%3Achatdm_1786675192869_509972%2Cchat.conversation%3Ac1%2Cchat.conversation%3Ac2%2Cchat.conversation%3Ag1' failed: HTTP Authentication failed; no valid credentials available @ http://localhost:8083/index.ts.bundle?platform=web&dev=true&hot=false&lazy=true&transform.engine=hermes&transform.routerRoot=app&unstable_transformProfile=hermes-stable:491524
[  817312ms] [ERROR] WebSocket connection to 'ws://localhost:4000/api/v1/realtime/ws?topics=chat.conversation%3Aseed_conv_1%2Cchat.conversation%3Achatdm_1786675192869_509972%2Cchat.conversation%3Ac1%2Cchat.conversation%3Ac2%2Cchat.conversation%3Ag1' failed: HTTP Authentication failed; no valid credentials available @ http://localhost:8083/index.ts.bundle?platform=web&dev=true&hot=false&lazy=true&transform.engine=hermes&transform.routerRoot=app&unstable_transformProfile=hermes-stable:491524
[  821198ms] [ERROR] WebSocket connection to 'ws://localhost:4000/api/v1/realtime/ws?topics=chat.conversation%3Aseed_conv_1%2Cchat.conversation%3Achatdm_1786675192869_509972%2Cchat.conversation%3Ac1%2Cchat.conversation%3Ac2%2Cchat.conversation%3Ag1' failed: HTTP Authentication failed; no valid credentials available @ http://localhost:8083/index.ts.bundle?platform=web&dev=true&hot=false&lazy=true&transform.engine=hermes&transform.routerRoot=app&unstable_transformProfile=hermes-stable:491524
[  825409ms] [ERROR] WebSocket connection to 'ws://localhost:4000/api/v1/realtime/ws?topics=chat.conversation%3Aseed_conv_1%2Cchat.conversation%3Achatdm_1786675192869_509972%2Cchat.conversation%3Ac1%2Cchat.conversation%3Ac2%2Cchat.conversation%3Ag1' failed: HTTP Authentication failed; no valid credentials available @ http://localhost:8083/index.ts.bundle?platform=web&dev=true&hot=false&lazy=true&transform.engine=hermes&transform.routerRoot=app&unstable_transformProfile=hermes-stable:491524
[  833200ms] [ERROR] WebSocket connection to 'ws://localhost:4000/api/v1/realtime/ws?topics=chat.conversation%3Aseed_conv_1%2Cchat.conversation%3Achatdm_1786675192869_509972%2Cchat.conversation%3Ac1%2Cchat.conversation%3Ac2%2Cchat.conversation%3Ag1' failed: HTTP Authentication failed; no valid credentials available @ http://localhost:8083/index.ts.bundle?platform=web&dev=true&hot=false&lazy=true&transform.engine=hermes&transform.routerRoot=app&unstable_transformProfile=hermes-stable:491524
[  836918ms] [ERROR] WebSocket connection to 'ws://localhost:4000/api/v1/realtime/ws?topics=chat.conversation%3Aseed_conv_1%2Cchat.conversation%3Achatdm_1786675192869_509972%2Cchat.conversation%3Ac1%2Cchat.conversation%3Ac2%2Cchat.conversation%3Ag1' failed: HTTP Authentication failed; no valid credentials available @ http://localhost:8083/index.ts.bundle?platform=web&dev=true&hot=false&lazy=true&transform.engine=hermes&transform.routerRoot=app&unstable_transformProfile=hermes-stable:491524
[  842935ms] [ERROR] WebSocket connection to 'ws://localhost:4000/api/v1/realtime/ws?topics=chat.conversation%3Aseed_conv_1%2Cchat.conversation%3Achatdm_1786675192869_509972%2Cchat.conversation%3Ac1%2Cchat.conversation%3Ac2%2Cchat.conversation%3Ag1' failed: HTTP Authentication failed; no valid credentials available @ http://localhost:8083/index.ts.bundle?platform=web&dev=true&hot=false&lazy=true&transform.engine=hermes&transform.routerRoot=app&unstable_transformProfile=hermes-stable:491524
[  846417ms] [ERROR] WebSocket connection to 'ws://localhost:4000/api/v1/realtime/ws?topics=chat.conversation%3Aseed_conv_1%2Cchat.conversation%3Achatdm_1786675192869_509972%2Cchat.conversation%3Ac1%2Cchat.conversation%3Ac2%2Cchat.conversation%3Ag1' failed: HTTP Authentication failed; no valid credentials available @ http://localhost:8083/index.ts.bundle?platform=web&dev=true&hot=false&lazy=true&transform.engine=hermes&transform.routerRoot=app&unstable_transformProfile=hermes-stable:491524
[  850811ms] [ERROR] WebSocket connection to 'ws://localhost:4000/api/v1/realtime/ws?topics=chat.conversation%3Aseed_conv_1%2Cchat.conversation%3Achatdm_1786675192869_509972%2Cchat.conversation%3Ac1%2Cchat.conversation%3Ac2%2Cchat.conversation%3Ag1' failed: HTTP Authentication failed; no valid credentials available @ http://localhost:8083/index.ts.bundle?platform=web&dev=true&hot=false&lazy=true&transform.engine=hermes&transform.routerRoot=app&unstable_transformProfile=hermes-stable:491524
[  854893ms] [INFO] [backendDiagnostics] sync — count=10 error=none baseUrl=http://localhost:4000/api/v1 @ http://localhost:8083/index.ts.bundle?platform=web&dev=true&hot=false&lazy=true&transform.engine=hermes&transform.routerRoot=app&unstable_transformProfile=hermes-stable:124750
[  855292ms] [ERROR] WebSocket connection to 'ws://localhost:4000/api/v1/realtime/ws?topics=chat.conversation%3Aseed_conv_1%2Cchat.conversation%3Achatdm_1786675192869_509972%2Cchat.conversation%3Ac1%2Cchat.conversation%3Ac2%2Cchat.conversation%3Ag1' failed: HTTP Authentication failed; no valid credentials available @ http://localhost:8083/index.ts.bundle?platform=web&dev=true&hot=false&lazy=true&transform.engine=hermes&transform.routerRoot=app&unstable_transformProfile=hermes-stable:491524
[  860665ms] [ERROR] WebSocket connection to 'ws://localhost:4000/api/v1/realtime/ws?topics=chat.conversation%3Aseed_conv_1%2Cchat.conversation%3Achatdm_1786675192869_509972%2Cchat.conversation%3Ac1%2Cchat.conversation%3Ac2%2Cchat.conversation%3Ag1' failed: HTTP Authentication failed; no valid credentials available @ http://localhost:8083/index.ts.bundle?platform=web&dev=true&hot=false&lazy=true&transform.engine=hermes&transform.routerRoot=app&unstable_transformProfile=hermes-stable:491524
[  868441ms] [ERROR] WebSocket connection to 'ws://localhost:4000/api/v1/realtime/ws?topics=chat.conversation%3Aseed_conv_1%2Cchat.conversation%3Achatdm_1786675192869_509972%2Cchat.conversation%3Ac1%2Cchat.conversation%3Ac2%2Cchat.conversation%3Ag1' failed: HTTP Authentication failed; no valid credentials available @ http://localhost:8083/index.ts.bundle?platform=web&dev=true&hot=false&lazy=true&transform.engine=hermes&transform.routerRoot=app&unstable_transformProfile=hermes-stable:491524
