[    1152ms] [WARNING] [expo-notifications] Listening to push token changes is not yet fully supported on web. Adding a listener will have no effect. @ http://localhost:8083/index.ts.bundle?platform=web&dev=true&hot=false&lazy=true&transform.engine=hermes&transform.routerRoot=app&unstable_transformProfile=hermes-stable:124750
[    1156ms] [LOG] Running application "main" with appParams:
 {rootTag: #root, hydrate: undefined} 
Development-level warnings: ON.
Performance optimizations: OFF. @ http://localhost:8083/index.ts.bundle?platform=web&dev=true&hot=false&lazy=true&transform.engine=hermes&transform.routerRoot=app&unstable_transformProfile=hermes-stable:124750
[    1158ms] [INFO] %cDownload the React DevTools for a better development experience: https://react.dev/link/react-devtools font-weight:bold @ http://localhost:8083/index.ts.bundle?platform=web&dev=true&hot=false&lazy=true&transform.engine=hermes&transform.routerRoot=app&unstable_transformProfile=hermes-stable:124750
[    1178ms] [WARNING] [sslPinning] status: not-installed. Initialisation failed — pinning NOT active. Error: Cannot find module 'react-native-ssl-public-key-pinning'
    at metroRequire (http://localhost:8083/index.ts.bundle?platform=web&dev=true&hot=false&lazy=true&transform.engine=hermes&transform.routerRoot=app&unstable_transformProfile=hermes-stable:61:15)
    at metroRequire.metroImportAll [as importAll] (http://localhost:8083/index.ts.bundle?platform=web&dev=true&hot=false&lazy=true&transform.engine=hermes&transform.routerRoot=app&unstable_transformProfile=hermes-stable:105:21)
    at importAll (http://localhost:8083/index.ts.bundle?platform=web&dev=true&hot=false&lazy=true&transform.engine=hermes&transform.routerRoot=app&unstable_transformProfile=hermes-stable:153047:37)
    at asyncRequireImpl (http://localhost:8083/index.ts.bundle?platform=web&dev=true&hot=false&lazy=true&transform.engine=hermes&transform.routerRoot=app&unstable_transformProfile=hermes-stable:153055:16)
    at asyncRequire (http://localhost:8083/index.ts.bundle?platform=web&dev=true&hot=false&lazy=true&transform.engine=hermes&transform.routerRoot=app&unstable_transformProfile=hermes-stable:153074:17)
    at initializeSslPinning (http://localhost:8083/index.ts.bundle?platform=web&dev=true&hot=false&lazy=true&transform.engine=hermes&transform.routerRoot=app&unstable_transformProfile=hermes-stable:223577:89)
    at initializeAppBootstrapState (http://localhost:8083/index.ts.bundle?platform=web&dev=true&hot=false&lazy=true&transform.engine=hermes&transform.routerRoot=app&unstable_transformProfile=hermes-stable:120335:96)
    at http://localhost:8083/index.ts.bundle?platform=web&dev=true&hot=false&lazy=true&transform.engine=hermes&transform.routerRoot=app&unstable_transformProfile=hermes-stable:120381:7
    at Object.react_stack_bottom_frame (http://localhost:8083/index.ts.bundle?platform=web&dev=true&hot=false&lazy=true&transform.engine=hermes&transform.routerRoot=app&unstable_transformProfile=hermes-stable:141303:20)
    at runWithFiberInDEV (http://localhost:8083/index.ts.bundle?platform=web&dev=true&hot=false&lazy=true&transform.engine=hermes&transform.routerRoot=app&unstable_transformProfile=hermes-stable:128591:70) @ http://localhost:8083/index.ts.bundle?platform=web&dev=true&hot=false&lazy=true&transform.engine=hermes&transform.routerRoot=app&unstable_transformProfile=hermes-stable:124750
[    1210ms] [WARNING] [apiClient] SecureStore unavailable — auth tokens will fall back to unencrypted AsyncStorage @ http://localhost:8083/index.ts.bundle?platform=web&dev=true&hot=false&lazy=true&transform.engine=hermes&transform.routerRoot=app&unstable_transformProfile=hermes-stable:124750
[    3260ms] [WARNING] "shadow*" style props are deprecated. Use "boxShadow". @ http://localhost:8083/index.ts.bundle?platform=web&dev=true&hot=false&lazy=true&transform.engine=hermes&transform.routerRoot=app&unstable_transformProfile=hermes-stable:124750
[    3265ms] [WARNING] [Reanimated] Reduced motion setting is overwritten with mode 'system'. @ http://localhost:8083/index.ts.bundle?platform=web&dev=true&hot=false&lazy=true&transform.engine=hermes&transform.routerRoot=app&unstable_transformProfile=hermes-stable:124750
[    3291ms] [WARNING] Require cycle: src/i18n/index.ts -> src/i18n/i18n.ts -> src/i18n/index.ts

Require cycles are allowed, but can result in uninitialized values. Consider refactoring to remove the need for a cycle. @ http://localhost:8083/index.ts.bundle?platform=web&dev=true&hot=false&lazy=true&transform.engine=hermes&transform.routerRoot=app&unstable_transformProfile=hermes-stable:124750
[    3292ms] [WARNING] Require cycle: src/i18n/index.ts -> src/i18n/i18n.ts -> src/i18n/index.ts

Require cycles are allowed, but can result in uninitialized values. Consider refactoring to remove the need for a cycle. @ http://localhost:8083/index.ts.bundle?platform=web&dev=true&hot=false&lazy=true&transform.engine=hermes&transform.routerRoot=app&unstable_transformProfile=hermes-stable:124750
[    3293ms] [WARNING] Require cycle: src/i18n/index.ts -> src/i18n/i18n.ts -> src/i18n/index.ts

Require cycles are allowed, but can result in uninitialized values. Consider refactoring to remove the need for a cycle. @ http://localhost:8083/index.ts.bundle?platform=web&dev=true&hot=false&lazy=true&transform.engine=hermes&transform.routerRoot=app&unstable_transformProfile=hermes-stable:124750
[    3294ms] [WARNING] Require cycle: src/i18n/index.ts -> src/i18n/i18n.ts -> src/i18n/index.ts

Require cycles are allowed, but can result in uninitialized values. Consider refactoring to remove the need for a cycle. @ http://localhost:8083/index.ts.bundle?platform=web&dev=true&hot=false&lazy=true&transform.engine=hermes&transform.routerRoot=app&unstable_transformProfile=hermes-stable:124750
[    3295ms] [WARNING] Require cycle: src/i18n/index.ts -> src/i18n/i18n.ts -> src/i18n/index.ts

Require cycles are allowed, but can result in uninitialized values. Consider refactoring to remove the need for a cycle. @ http://localhost:8083/index.ts.bundle?platform=web&dev=true&hot=false&lazy=true&transform.engine=hermes&transform.routerRoot=app&unstable_transformProfile=hermes-stable:124750
[    3296ms] [WARNING] Require cycle: src/i18n/index.ts -> src/i18n/i18n.ts -> src/i18n/index.ts

Require cycles are allowed, but can result in uninitialized values. Consider refactoring to remove the need for a cycle. @ http://localhost:8083/index.ts.bundle?platform=web&dev=true&hot=false&lazy=true&transform.engine=hermes&transform.routerRoot=app&unstable_transformProfile=hermes-stable:124750
[    3296ms] [WARNING] Require cycle: src/i18n/index.ts -> src/i18n/i18n.ts -> src/i18n/index.ts

Require cycles are allowed, but can result in uninitialized values. Consider refactoring to remove the need for a cycle. @ http://localhost:8083/index.ts.bundle?platform=web&dev=true&hot=false&lazy=true&transform.engine=hermes&transform.routerRoot=app&unstable_transformProfile=hermes-stable:124750
[    3297ms] [WARNING] Require cycle: src/i18n/index.ts -> src/i18n/i18n.ts -> src/i18n/index.ts

Require cycles are allowed, but can result in uninitialized values. Consider refactoring to remove the need for a cycle. @ http://localhost:8083/index.ts.bundle?platform=web&dev=true&hot=false&lazy=true&transform.engine=hermes&transform.routerRoot=app&unstable_transformProfile=hermes-stable:124750
[    3298ms] [WARNING] Require cycle: src/i18n/index.ts -> src/i18n/i18n.ts -> src/i18n/index.ts

Require cycles are allowed, but can result in uninitialized values. Consider refactoring to remove the need for a cycle. @ http://localhost:8083/index.ts.bundle?platform=web&dev=true&hot=false&lazy=true&transform.engine=hermes&transform.routerRoot=app&unstable_transformProfile=hermes-stable:124750
[    3299ms] [WARNING] Require cycle: src/i18n/index.ts -> src/i18n/i18n.ts -> src/i18n/index.ts

Require cycles are allowed, but can result in uninitialized values. Consider refactoring to remove the need for a cycle. @ http://localhost:8083/index.ts.bundle?platform=web&dev=true&hot=false&lazy=true&transform.engine=hermes&transform.routerRoot=app&unstable_transformProfile=hermes-stable:124750
[    3301ms] [WARNING] Require cycle: src/i18n/index.ts -> src/i18n/i18n.ts -> src/i18n/index.ts

Require cycles are allowed, but can result in uninitialized values. Consider refactoring to remove the need for a cycle. @ http://localhost:8083/index.ts.bundle?platform=web&dev=true&hot=false&lazy=true&transform.engine=hermes&transform.routerRoot=app&unstable_transformProfile=hermes-stable:124750
[    3302ms] [WARNING] Require cycle: src/i18n/index.ts -> src/i18n/i18n.ts -> src/i18n/index.ts

Require cycles are allowed, but can result in uninitialized values. Consider refactoring to remove the need for a cycle. @ http://localhost:8083/index.ts.bundle?platform=web&dev=true&hot=false&lazy=true&transform.engine=hermes&transform.routerRoot=app&unstable_transformProfile=hermes-stable:124750
[    3303ms] [WARNING] Require cycle: src/i18n/index.ts -> src/i18n/i18n.ts -> src/i18n/index.ts

Require cycles are allowed, but can result in uninitialized values. Consider refactoring to remove the need for a cycle. @ http://localhost:8083/index.ts.bundle?platform=web&dev=true&hot=false&lazy=true&transform.engine=hermes&transform.routerRoot=app&unstable_transformProfile=hermes-stable:124750
[    3304ms] [WARNING] Require cycle: src/i18n/index.ts -> src/i18n/i18n.ts -> src/i18n/index.ts

Require cycles are allowed, but can result in uninitialized values. Consider refactoring to remove the need for a cycle. @ http://localhost:8083/index.ts.bundle?platform=web&dev=true&hot=false&lazy=true&transform.engine=hermes&transform.routerRoot=app&unstable_transformProfile=hermes-stable:124750
[    3305ms] [WARNING] Require cycle: src/i18n/index.ts -> src/i18n/i18n.ts -> src/i18n/index.ts

Require cycles are allowed, but can result in uninitialized values. Consider refactoring to remove the need for a cycle. @ http://localhost:8083/index.ts.bundle?platform=web&dev=true&hot=false&lazy=true&transform.engine=hermes&transform.routerRoot=app&unstable_transformProfile=hermes-stable:124750
[    3307ms] [WARNING] Require cycle: src/i18n/index.ts -> src/i18n/i18n.ts -> src/i18n/index.ts

Require cycles are allowed, but can result in uninitialized values. Consider refactoring to remove the need for a cycle. @ http://localhost:8083/index.ts.bundle?platform=web&dev=true&hot=false&lazy=true&transform.engine=hermes&transform.routerRoot=app&unstable_transformProfile=hermes-stable:124750
[    3365ms] [INFO] [telemetry] screen_view {screen: AgeVerification, session_id: 263cd156-4ec7-4b18-954d-7481feb5624b, timestamp: 2026-09-03T00:38:08.928Z} @ http://localhost:8083/index.ts.bundle?platform=web&dev=true&hot=false&lazy=true&transform.engine=hermes&transform.routerRoot=app&unstable_transformProfile=hermes-stable:124750
[    3375ms] [INFO] [backendDiagnostics] sync — count=10 error=none baseUrl=http://localhost:4000/api/v1 @ http://localhost:8083/index.ts.bundle?platform=web&dev=true&hot=false&lazy=true&transform.engine=hermes&transform.routerRoot=app&unstable_transformProfile=hermes-stable:124750
[    3633ms] [ERROR] WebSocket connection to 'ws://localhost:4000/api/v1/realtime/ws?topics=' failed: HTTP Authentication failed; no valid credentials available @ http://localhost:8083/index.ts.bundle?platform=web&dev=true&hot=false&lazy=true&transform.engine=hermes&transform.routerRoot=app&unstable_transformProfile=hermes-stable:491559
[    4397ms] [ERROR] WebSocket connection to 'ws://localhost:4000/api/v1/realtime/ws?topics=' failed: HTTP Authentication failed; no valid credentials available @ http://localhost:8083/index.ts.bundle?platform=web&dev=true&hot=false&lazy=true&transform.engine=hermes&transform.routerRoot=app&unstable_transformProfile=hermes-stable:491559
[    5519ms] [ERROR] WebSocket connection to 'ws://localhost:4000/api/v1/realtime/ws?topics=' failed: HTTP Authentication failed; no valid credentials available @ http://localhost:8083/index.ts.bundle?platform=web&dev=true&hot=false&lazy=true&transform.engine=hermes&transform.routerRoot=app&unstable_transformProfile=hermes-stable:491559
[    7840ms] [ERROR] WebSocket connection to 'ws://localhost:4000/api/v1/realtime/ws?topics=' failed: HTTP Authentication failed; no valid credentials available @ http://localhost:8083/index.ts.bundle?platform=web&dev=true&hot=false&lazy=true&transform.engine=hermes&transform.routerRoot=app&unstable_transformProfile=hermes-stable:491559
[    8309ms] [ERROR] WebSocket connection to 'ws://localhost:4000/api/v1/realtime/ws?topics=' failed: HTTP Authentication failed; no valid credentials available @ http://localhost:8083/index.ts.bundle?platform=web&dev=true&hot=false&lazy=true&transform.engine=hermes&transform.routerRoot=app&unstable_transformProfile=hermes-stable:491559
[    8651ms] [ERROR] WebSocket connection to 'ws://localhost:4000/api/v1/realtime/ws?topics=' failed: HTTP Authentication failed; no valid credentials available @ http://localhost:8083/index.ts.bundle?platform=web&dev=true&hot=false&lazy=true&transform.engine=hermes&transform.routerRoot=app&unstable_transformProfile=hermes-stable:491559
[   12056ms] [ERROR] WebSocket connection to 'ws://localhost:4000/api/v1/realtime/ws?topics=' failed: HTTP Authentication failed; no valid credentials available @ http://localhost:8083/index.ts.bundle?platform=web&dev=true&hot=false&lazy=true&transform.engine=hermes&transform.routerRoot=app&unstable_transformProfile=hermes-stable:491559
[   13641ms] [ERROR] WebSocket connection to 'ws://localhost:4000/api/v1/realtime/ws?topics=' failed: HTTP Authentication failed; no valid credentials available @ http://localhost:8083/index.ts.bundle?platform=web&dev=true&hot=false&lazy=true&transform.engine=hermes&transform.routerRoot=app&unstable_transformProfile=hermes-stable:491559
[   16639ms] [WARNING] props.pointerEvents is deprecated. Use style.pointerEvents @ http://localhost:8083/index.ts.bundle?platform=web&dev=true&hot=false&lazy=true&transform.engine=hermes&transform.routerRoot=app&unstable_transformProfile=hermes-stable:124750
[   16764ms] [INFO] [visually-complete] Home → mounted: 16758.0ms @ http://localhost:8083/index.ts.bundle?platform=web&dev=true&hot=false&lazy=true&transform.engine=hermes&transform.routerRoot=app&unstable_transformProfile=hermes-stable:124750
[   16765ms] [INFO] [visually-complete] Home: 16759.3ms @ http://localhost:8083/index.ts.bundle?platform=web&dev=true&hot=false&lazy=true&transform.engine=hermes&transform.routerRoot=app&unstable_transformProfile=hermes-stable:124750
[   16781ms] [WARNING] Found screens with the same name nested inside one another. Check:

MainTabs > Home, MainTabs > Home > Home

This can cause confusing behavior during navigation. Consider using unique names for each screen instead. @ http://localhost:8083/index.ts.bundle?platform=web&dev=true&hot=false&lazy=true&transform.engine=hermes&transform.routerRoot=app&unstable_transformProfile=hermes-stable:124750
[   16782ms] [INFO] [telemetry] screen_view {screen: Home, session_id: 263cd156-4ec7-4b18-954d-7481feb5624b, timestamp: 2026-09-03T00:38:22.344Z} @ http://localhost:8083/index.ts.bundle?platform=web&dev=true&hot=false&lazy=true&transform.engine=hermes&transform.routerRoot=app&unstable_transformProfile=hermes-stable:124750
[   18644ms] [ERROR] WebSocket connection to 'ws://localhost:4000/api/v1/realtime/ws?topics=' failed: HTTP Authentication failed; no valid credentials available @ http://localhost:8083/index.ts.bundle?platform=web&dev=true&hot=false&lazy=true&transform.engine=hermes&transform.routerRoot=app&unstable_transformProfile=hermes-stable:491559
[   19497ms] [ERROR] WebSocket connection to 'ws://localhost:4000/api/v1/realtime/ws?topics=' failed: HTTP Authentication failed; no valid credentials available @ http://localhost:8083/index.ts.bundle?platform=web&dev=true&hot=false&lazy=true&transform.engine=hermes&transform.routerRoot=app&unstable_transformProfile=hermes-stable:491559
[   21134ms] [ERROR] WebSocket connection to 'ws://localhost:4000/api/v1/realtime/ws?topics=' failed: HTTP Authentication failed; no valid credentials available @ http://localhost:8083/index.ts.bundle?platform=web&dev=true&hot=false&lazy=true&transform.engine=hermes&transform.routerRoot=app&unstable_transformProfile=hermes-stable:491559
[   22022ms] [ERROR] WebSocket connection to 'ws://localhost:4000/api/v1/realtime/ws?topics=' failed: HTTP Authentication failed; no valid credentials available @ http://localhost:8083/index.ts.bundle?platform=web&dev=true&hot=false&lazy=true&transform.engine=hermes&transform.routerRoot=app&unstable_transformProfile=hermes-stable:491559
[   23640ms] [ERROR] WebSocket connection to 'ws://localhost:4000/api/v1/realtime/ws?topics=' failed: HTTP Authentication failed; no valid credentials available @ http://localhost:8083/index.ts.bundle?platform=web&dev=true&hot=false&lazy=true&transform.engine=hermes&transform.routerRoot=app&unstable_transformProfile=hermes-stable:491559
[   28653ms] [ERROR] WebSocket connection to 'ws://localhost:4000/api/v1/realtime/ws?topics=' failed: HTTP Authentication failed; no valid credentials available @ http://localhost:8083/index.ts.bundle?platform=web&dev=true&hot=false&lazy=true&transform.engine=hermes&transform.routerRoot=app&unstable_transformProfile=hermes-stable:491559
[   29519ms] [ERROR] WebSocket connection to 'ws://localhost:4000/api/v1/realtime/ws?topics=' failed: HTTP Authentication failed; no valid credentials available @ http://localhost:8083/index.ts.bundle?platform=web&dev=true&hot=false&lazy=true&transform.engine=hermes&transform.routerRoot=app&unstable_transformProfile=hermes-stable:491559
[   33644ms] [ERROR] WebSocket connection to 'ws://localhost:4000/api/v1/realtime/ws?topics=' failed: HTTP Authentication failed; no valid credentials available @ http://localhost:8083/index.ts.bundle?platform=web&dev=true&hot=false&lazy=true&transform.engine=hermes&transform.routerRoot=app&unstable_transformProfile=hermes-stable:491559
[   34052ms] [ERROR] WebSocket connection to 'ws://localhost:4000/api/v1/realtime/ws?topics=' failed: HTTP Authentication failed; no valid credentials available @ http://localhost:8083/index.ts.bundle?platform=web&dev=true&hot=false&lazy=true&transform.engine=hermes&transform.routerRoot=app&unstable_transformProfile=hermes-stable:491559
[   38662ms] [ERROR] WebSocket connection to 'ws://localhost:4000/api/v1/realtime/ws?topics=' failed: HTTP Authentication failed; no valid credentials available @ http://localhost:8083/index.ts.bundle?platform=web&dev=true&hot=false&lazy=true&transform.engine=hermes&transform.routerRoot=app&unstable_transformProfile=hermes-stable:491559
[   40764ms] [ERROR] WebSocket connection to 'ws://localhost:4000/api/v1/realtime/ws?topics=' failed: HTTP Authentication failed; no valid credentials available @ http://localhost:8083/index.ts.bundle?platform=web&dev=true&hot=false&lazy=true&transform.engine=hermes&transform.routerRoot=app&unstable_transformProfile=hermes-stable:491559
[   43646ms] [ERROR] WebSocket connection to 'ws://localhost:4000/api/v1/realtime/ws?topics=' failed: HTTP Authentication failed; no valid credentials available @ http://localhost:8083/index.ts.bundle?platform=web&dev=true&hot=false&lazy=true&transform.engine=hermes&transform.routerRoot=app&unstable_transformProfile=hermes-stable:491559
[   44035ms] [ERROR] WebSocket connection to 'ws://localhost:4000/api/v1/realtime/ws?topics=' failed: HTTP Authentication failed; no valid credentials available @ http://localhost:8083/index.ts.bundle?platform=web&dev=true&hot=false&lazy=true&transform.engine=hermes&transform.routerRoot=app&unstable_transformProfile=hermes-stable:491559
[   45205ms] [ERROR] WebSocket connection to 'ws://localhost:4000/api/v1/realtime/ws?topics=' failed: HTTP Authentication failed; no valid credentials available @ http://localhost:8083/index.ts.bundle?platform=web&dev=true&hot=false&lazy=true&transform.engine=hermes&transform.routerRoot=app&unstable_transformProfile=hermes-stable:491559
[   46583ms] [ERROR] WebSocket connection to 'ws://localhost:4000/api/v1/realtime/ws?topics=' failed: HTTP Authentication failed; no valid credentials available @ http://localhost:8083/index.ts.bundle?platform=web&dev=true&hot=false&lazy=true&transform.engine=hermes&transform.routerRoot=app&unstable_transformProfile=hermes-stable:491559
[   46940ms] [ERROR] WebSocket connection to 'ws://localhost:4000/api/v1/realtime/ws?topics=' failed: HTTP Authentication failed; no valid credentials available @ http://localhost:8083/index.ts.bundle?platform=web&dev=true&hot=false&lazy=true&transform.engine=hermes&transform.routerRoot=app&unstable_transformProfile=hermes-stable:491559
[   48323ms] [ERROR] WebSocket connection to 'ws://localhost:4000/api/v1/realtime/ws?topics=' failed: HTTP Authentication failed; no valid credentials available @ http://localhost:8083/index.ts.bundle?platform=web&dev=true&hot=false&lazy=true&transform.engine=hermes&transform.routerRoot=app&unstable_transformProfile=hermes-stable:491559
[   48662ms] [ERROR] WebSocket connection to 'ws://localhost:4000/api/v1/realtime/ws?topics=' failed: HTTP Authentication failed; no valid credentials available @ http://localhost:8083/index.ts.bundle?platform=web&dev=true&hot=false&lazy=true&transform.engine=hermes&transform.routerRoot=app&unstable_transformProfile=hermes-stable:491559
[   49066ms] [ERROR] WebSocket connection to 'ws://localhost:4000/api/v1/realtime/ws?topics=' failed: HTTP Authentication failed; no valid credentials available @ http://localhost:8083/index.ts.bundle?platform=web&dev=true&hot=false&lazy=true&transform.engine=hermes&transform.routerRoot=app&unstable_transformProfile=hermes-stable:491559
[   49529ms] [ERROR] WebSocket connection to 'ws://localhost:4000/api/v1/realtime/ws?topics=' failed: HTTP Authentication failed; no valid credentials available @ http://localhost:8083/index.ts.bundle?platform=web&dev=true&hot=false&lazy=true&transform.engine=hermes&transform.routerRoot=app&unstable_transformProfile=hermes-stable:491559
[   51187ms] [ERROR] WebSocket connection to 'ws://localhost:4000/api/v1/realtime/ws?topics=' failed: HTTP Authentication failed; no valid credentials available @ http://localhost:8083/index.ts.bundle?platform=web&dev=true&hot=false&lazy=true&transform.engine=hermes&transform.routerRoot=app&unstable_transformProfile=hermes-stable:491559
[   51436ms] [ERROR] WebSocket connection to 'ws://localhost:4000/api/v1/realtime/ws?topics=' failed: HTTP Authentication failed; no valid credentials available @ http://localhost:8083/index.ts.bundle?platform=web&dev=true&hot=false&lazy=true&transform.engine=hermes&transform.routerRoot=app&unstable_transformProfile=hermes-stable:491559
[   53582ms] [ERROR] WebSocket connection to 'ws://localhost:4000/api/v1/realtime/ws?topics=' failed: HTTP Authentication failed; no valid credentials available @ http://localhost:8083/index.ts.bundle?platform=web&dev=true&hot=false&lazy=true&transform.engine=hermes&transform.routerRoot=app&unstable_transformProfile=hermes-stable:491559
[   53751ms] [ERROR] WebSocket connection to 'ws://localhost:4000/api/v1/realtime/ws?topics=' failed: HTTP Authentication failed; no valid credentials available @ http://localhost:8083/index.ts.bundle?platform=web&dev=true&hot=false&lazy=true&transform.engine=hermes&transform.routerRoot=app&unstable_transformProfile=hermes-stable:491559
[   55637ms] [ERROR] WebSocket connection to 'ws://localhost:4000/api/v1/realtime/ws?topics=' failed: HTTP Authentication failed; no valid credentials available @ http://localhost:8083/index.ts.bundle?platform=web&dev=true&hot=false&lazy=true&transform.engine=hermes&transform.routerRoot=app&unstable_transformProfile=hermes-stable:491559
[   56650ms] [ERROR] WebSocket connection to 'ws://localhost:4000/api/v1/realtime/ws?topics=' failed: HTTP Authentication failed; no valid credentials available @ http://localhost:8083/index.ts.bundle?platform=web&dev=true&hot=false&lazy=true&transform.engine=hermes&transform.routerRoot=app&unstable_transformProfile=hermes-stable:491559
[   58627ms] [ERROR] WebSocket connection to 'ws://localhost:4000/api/v1/realtime/ws?topics=' failed: HTTP Authentication failed; no valid credentials available @ http://localhost:8083/index.ts.bundle?platform=web&dev=true&hot=false&lazy=true&transform.engine=hermes&transform.routerRoot=app&unstable_transformProfile=hermes-stable:491559
[   58909ms] [ERROR] WebSocket connection to 'ws://localhost:4000/api/v1/realtime/ws?topics=' failed: HTTP Authentication failed; no valid credentials available @ http://localhost:8083/index.ts.bundle?platform=web&dev=true&hot=false&lazy=true&transform.engine=hermes&transform.routerRoot=app&unstable_transformProfile=hermes-stable:491559
[   59376ms] [ERROR] WebSocket connection to 'ws://localhost:4000/api/v1/realtime/ws?topics=' failed: HTTP Authentication failed; no valid credentials available @ http://localhost:8083/index.ts.bundle?platform=web&dev=true&hot=false&lazy=true&transform.engine=hermes&transform.routerRoot=app&unstable_transformProfile=hermes-stable:491559
[   60506ms] [ERROR] WebSocket connection to 'ws://localhost:4000/api/v1/realtime/ws?topics=' failed: HTTP Authentication failed; no valid credentials available @ http://localhost:8083/index.ts.bundle?platform=web&dev=true&hot=false&lazy=true&transform.engine=hermes&transform.routerRoot=app&unstable_transformProfile=hermes-stable:491559
[   61162ms] [ERROR] WebSocket connection to 'ws://localhost:4000/api/v1/realtime/ws?topics=' failed: HTTP Authentication failed; no valid credentials available @ http://localhost:8083/index.ts.bundle?platform=web&dev=true&hot=false&lazy=true&transform.engine=hermes&transform.routerRoot=app&unstable_transformProfile=hermes-stable:491559
[   61365ms] [ERROR] WebSocket connection to 'ws://localhost:4000/api/v1/realtime/ws?topics=' failed: HTTP Authentication failed; no valid credentials available @ http://localhost:8083/index.ts.bundle?platform=web&dev=true&hot=false&lazy=true&transform.engine=hermes&transform.routerRoot=app&unstable_transformProfile=hermes-stable:491559
[   62329ms] [ERROR] WebSocket connection to 'ws://localhost:4000/api/v1/realtime/ws?topics=' failed: HTTP Authentication failed; no valid credentials available @ http://localhost:8083/index.ts.bundle?platform=web&dev=true&hot=false&lazy=true&transform.engine=hermes&transform.routerRoot=app&unstable_transformProfile=hermes-stable:491559
[   62720ms] [ERROR] WebSocket connection to 'ws://localhost:4000/api/v1/realtime/ws?topics=' failed: HTTP Authentication failed; no valid credentials available @ http://localhost:8083/index.ts.bundle?platform=web&dev=true&hot=false&lazy=true&transform.engine=hermes&transform.routerRoot=app&unstable_transformProfile=hermes-stable:491559
[   63706ms] [ERROR] WebSocket connection to 'ws://localhost:4000/api/v1/realtime/ws?topics=' failed: HTTP Authentication failed; no valid credentials available @ http://localhost:8083/index.ts.bundle?platform=web&dev=true&hot=false&lazy=true&transform.engine=hermes&transform.routerRoot=app&unstable_transformProfile=hermes-stable:491559
[   64817ms] [ERROR] WebSocket connection to 'ws://localhost:4000/api/v1/realtime/ws?topics=' failed: HTTP Authentication failed; no valid credentials available @ http://localhost:8083/index.ts.bundle?platform=web&dev=true&hot=false&lazy=true&transform.engine=hermes&transform.routerRoot=app&unstable_transformProfile=hermes-stable:491559
[   65643ms] [ERROR] WebSocket connection to 'ws://localhost:4000/api/v1/realtime/ws?topics=' failed: HTTP Authentication failed; no valid credentials available @ http://localhost:8083/index.ts.bundle?platform=web&dev=true&hot=false&lazy=true&transform.engine=hermes&transform.routerRoot=app&unstable_transformProfile=hermes-stable:491559
[   67601ms] [ERROR] WebSocket connection to 'ws://localhost:4000/api/v1/realtime/ws?topics=' failed: HTTP Authentication failed; no valid credentials available @ http://localhost:8083/index.ts.bundle?platform=web&dev=true&hot=false&lazy=true&transform.engine=hermes&transform.routerRoot=app&unstable_transformProfile=hermes-stable:491559
[   68739ms] [ERROR] WebSocket connection to 'ws://localhost:4000/api/v1/realtime/ws?topics=' failed: HTTP Authentication failed; no valid credentials available @ http://localhost:8083/index.ts.bundle?platform=web&dev=true&hot=false&lazy=true&transform.engine=hermes&transform.routerRoot=app&unstable_transformProfile=hermes-stable:491559
[   69126ms] [ERROR] WebSocket connection to 'ws://localhost:4000/api/v1/realtime/ws?topics=' failed: HTTP Authentication failed; no valid credentials available @ http://localhost:8083/index.ts.bundle?platform=web&dev=true&hot=false&lazy=true&transform.engine=hermes&transform.routerRoot=app&unstable_transformProfile=hermes-stable:491559
[   69345ms] [ERROR] WebSocket connection to 'ws://localhost:4000/api/v1/realtime/ws?topics=' failed: HTTP Authentication failed; no valid credentials available @ http://localhost:8083/index.ts.bundle?platform=web&dev=true&hot=false&lazy=true&transform.engine=hermes&transform.routerRoot=app&unstable_transformProfile=hermes-stable:491559
[   70760ms] [ERROR] WebSocket connection to 'ws://localhost:4000/api/v1/realtime/ws?topics=' failed: HTTP Authentication failed; no valid credentials available @ http://localhost:8083/index.ts.bundle?platform=web&dev=true&hot=false&lazy=true&transform.engine=hermes&transform.routerRoot=app&unstable_transformProfile=hermes-stable:491559
[   71856ms] [INFO] [backendDiagnostics] sync — count=10 error=none baseUrl=http://localhost:4000/api/v1 @ http://localhost:8083/index.ts.bundle?platform=web&dev=true&hot=false&lazy=true&transform.engine=hermes&transform.routerRoot=app&unstable_transformProfile=hermes-stable:124750
[   73119ms] [ERROR] WebSocket connection to 'ws://localhost:4000/api/v1/realtime/ws?topics=' failed: HTTP Authentication failed; no valid credentials available @ http://localhost:8083/index.ts.bundle?platform=web&dev=true&hot=false&lazy=true&transform.engine=hermes&transform.routerRoot=app&unstable_transformProfile=hermes-stable:491559
[   73739ms] [ERROR] WebSocket connection to 'ws://localhost:4000/api/v1/realtime/ws?topics=' failed: HTTP Authentication failed; no valid credentials available @ http://localhost:8083/index.ts.bundle?platform=web&dev=true&hot=false&lazy=true&transform.engine=hermes&transform.routerRoot=app&unstable_transformProfile=hermes-stable:491559
[   74565ms] [ERROR] WebSocket connection to 'ws://localhost:4000/api/v1/realtime/ws?topics=' failed: HTTP Authentication failed; no valid credentials available @ http://localhost:8083/index.ts.bundle?platform=web&dev=true&hot=false&lazy=true&transform.engine=hermes&transform.routerRoot=app&unstable_transformProfile=hermes-stable:491559
[   75484ms] [ERROR] WebSocket connection to 'ws://localhost:4000/api/v1/realtime/ws?topics=' failed: HTTP Authentication failed; no valid credentials available @ http://localhost:8083/index.ts.bundle?platform=web&dev=true&hot=false&lazy=true&transform.engine=hermes&transform.routerRoot=app&unstable_transformProfile=hermes-stable:491559
[   76651ms] [ERROR] WebSocket connection to 'ws://localhost:4000/api/v1/realtime/ws?topics=' failed: HTTP Authentication failed; no valid credentials available @ http://localhost:8083/index.ts.bundle?platform=web&dev=true&hot=false&lazy=true&transform.engine=hermes&transform.routerRoot=app&unstable_transformProfile=hermes-stable:491559
[   79891ms] [ERROR] WebSocket connection to 'ws://localhost:4000/api/v1/realtime/ws?topics=' failed: HTTP Authentication failed; no valid credentials available @ http://localhost:8083/index.ts.bundle?platform=web&dev=true&hot=false&lazy=true&transform.engine=hermes&transform.routerRoot=app&unstable_transformProfile=hermes-stable:491559
[   82661ms] [ERROR] WebSocket connection to 'ws://localhost:4000/api/v1/realtime/ws?topics=' failed: HTTP Authentication failed; no valid credentials available @ http://localhost:8083/index.ts.bundle?platform=web&dev=true&hot=false&lazy=true&transform.engine=hermes&transform.routerRoot=app&unstable_transformProfile=hermes-stable:491559
[   83334ms] [ERROR] WebSocket connection to 'ws://localhost:4000/api/v1/realtime/ws?topics=' failed: HTTP Authentication failed; no valid credentials available @ http://localhost:8083/index.ts.bundle?platform=web&dev=true&hot=false&lazy=true&transform.engine=hermes&transform.routerRoot=app&unstable_transformProfile=hermes-stable:491559
[   83365ms] [ERROR] WebSocket connection to 'ws://localhost:4000/api/v1/realtime/ws?topics=' failed: HTTP Authentication failed; no valid credentials available @ http://localhost:8083/index.ts.bundle?platform=web&dev=true&hot=false&lazy=true&transform.engine=hermes&transform.routerRoot=app&unstable_transformProfile=hermes-stable:491559
[   84983ms] [ERROR] WebSocket connection to 'ws://localhost:4000/api/v1/realtime/ws?topics=' failed: HTTP Authentication failed; no valid credentials available @ http://localhost:8083/index.ts.bundle?platform=web&dev=true&hot=false&lazy=true&transform.engine=hermes&transform.routerRoot=app&unstable_transformProfile=hermes-stable:491559
[   88060ms] [ERROR] WebSocket connection to 'ws://localhost:4000/api/v1/realtime/ws?topics=' failed: HTTP Authentication failed; no valid credentials available @ http://localhost:8083/index.ts.bundle?platform=web&dev=true&hot=false&lazy=true&transform.engine=hermes&transform.routerRoot=app&unstable_transformProfile=hermes-stable:491559
[   90985ms] [ERROR] WebSocket connection to 'ws://localhost:4000/api/v1/realtime/ws?topics=' failed: HTTP Authentication failed; no valid credentials available @ http://localhost:8083/index.ts.bundle?platform=web&dev=true&hot=false&lazy=true&transform.engine=hermes&transform.routerRoot=app&unstable_transformProfile=hermes-stable:491559
[   92074ms] [ERROR] WebSocket connection to 'ws://localhost:4000/api/v1/realtime/ws?topics=' failed: HTTP Authentication failed; no valid credentials available @ http://localhost:8083/index.ts.bundle?platform=web&dev=true&hot=false&lazy=true&transform.engine=hermes&transform.routerRoot=app&unstable_transformProfile=hermes-stable:491559
[   92559ms] [ERROR] WebSocket connection to 'ws://localhost:4000/api/v1/realtime/ws?topics=' failed: HTTP Authentication failed; no valid credentials available @ http://localhost:8083/index.ts.bundle?platform=web&dev=true&hot=false&lazy=true&transform.engine=hermes&transform.routerRoot=app&unstable_transformProfile=hermes-stable:491559
[   92968ms] [ERROR] WebSocket connection to 'ws://localhost:4000/api/v1/realtime/ws?topics=' failed: HTTP Authentication failed; no valid credentials available @ http://localhost:8083/index.ts.bundle?platform=web&dev=true&hot=false&lazy=true&transform.engine=hermes&transform.routerRoot=app&unstable_transformProfile=hermes-stable:491559
[   93276ms] [ERROR] WebSocket connection to 'ws://localhost:4000/api/v1/realtime/ws?topics=' failed: HTTP Authentication failed; no valid credentials available @ http://localhost:8083/index.ts.bundle?platform=web&dev=true&hot=false&lazy=true&transform.engine=hermes&transform.routerRoot=app&unstable_transformProfile=hermes-stable:491559
[   95082ms] [ERROR] WebSocket connection to 'ws://localhost:4000/api/v1/realtime/ws?topics=' failed: HTTP Authentication failed; no valid credentials available @ http://localhost:8083/index.ts.bundle?platform=web&dev=true&hot=false&lazy=true&transform.engine=hermes&transform.routerRoot=app&unstable_transformProfile=hermes-stable:491559
[   97802ms] [WARNING] [expo-notifications] Listening to push token changes is not yet fully supported on web. Adding a listener will have no effect. @ http://localhost:8083/index.ts.bundle?platform=web&dev=true&hot=false&lazy=true&transform.engine=hermes&transform.routerRoot=app&unstable_transformProfile=hermes-stable:124750
[   97807ms] [LOG] Running application "main" with appParams:
 {rootTag: #root, hydrate: undefined} 
Development-level warnings: ON.
Performance optimizations: OFF. @ http://localhost:8083/index.ts.bundle?platform=web&dev=true&hot=false&lazy=true&transform.engine=hermes&transform.routerRoot=app&unstable_transformProfile=hermes-stable:124750
[   97809ms] [INFO] %cDownload the React DevTools for a better development experience: https://react.dev/link/react-devtools font-weight:bold @ http://localhost:8083/index.ts.bundle?platform=web&dev=true&hot=false&lazy=true&transform.engine=hermes&transform.routerRoot=app&unstable_transformProfile=hermes-stable:124750
[   97822ms] [WARNING] [sslPinning] status: not-installed. Initialisation failed — pinning NOT active. Error: Cannot find module 'react-native-ssl-public-key-pinning'
    at metroRequire (http://localhost:8083/index.ts.bundle?platform=web&dev=true&hot=false&lazy=true&transform.engine=hermes&transform.routerRoot=app&unstable_transformProfile=hermes-stable:61:15)
    at metroRequire.metroImportAll [as importAll] (http://localhost:8083/index.ts.bundle?platform=web&dev=true&hot=false&lazy=true&transform.engine=hermes&transform.routerRoot=app&unstable_transformProfile=hermes-stable:105:21)
    at importAll (http://localhost:8083/index.ts.bundle?platform=web&dev=true&hot=false&lazy=true&transform.engine=hermes&transform.routerRoot=app&unstable_transformProfile=hermes-stable:153047:37)
    at asyncRequireImpl (http://localhost:8083/index.ts.bundle?platform=web&dev=true&hot=false&lazy=true&transform.engine=hermes&transform.routerRoot=app&unstable_transformProfile=hermes-stable:153055:16)
    at asyncRequire (http://localhost:8083/index.ts.bundle?platform=web&dev=true&hot=false&lazy=true&transform.engine=hermes&transform.routerRoot=app&unstable_transformProfile=hermes-stable:153074:17)
    at initializeSslPinning (http://localhost:8083/index.ts.bundle?platform=web&dev=true&hot=false&lazy=true&transform.engine=hermes&transform.routerRoot=app&unstable_transformProfile=hermes-stable:223577:89)
    at initializeAppBootstrapState (http://localhost:8083/index.ts.bundle?platform=web&dev=true&hot=false&lazy=true&transform.engine=hermes&transform.routerRoot=app&unstable_transformProfile=hermes-stable:120335:96)
    at http://localhost:8083/index.ts.bundle?platform=web&dev=true&hot=false&lazy=true&transform.engine=hermes&transform.routerRoot=app&unstable_transformProfile=hermes-stable:120381:7
    at Object.react_stack_bottom_frame (http://localhost:8083/index.ts.bundle?platform=web&dev=true&hot=false&lazy=true&transform.engine=hermes&transform.routerRoot=app&unstable_transformProfile=hermes-stable:141303:20)
    at runWithFiberInDEV (http://localhost:8083/index.ts.bundle?platform=web&dev=true&hot=false&lazy=true&transform.engine=hermes&transform.routerRoot=app&unstable_transformProfile=hermes-stable:128591:70) @ http://localhost:8083/index.ts.bundle?platform=web&dev=true&hot=false&lazy=true&transform.engine=hermes&transform.routerRoot=app&unstable_transformProfile=hermes-stable:124750
[   97856ms] [WARNING] [apiClient] SecureStore unavailable — auth tokens will fall back to unencrypted AsyncStorage @ http://localhost:8083/index.ts.bundle?platform=web&dev=true&hot=false&lazy=true&transform.engine=hermes&transform.routerRoot=app&unstable_transformProfile=hermes-stable:124750
[   99942ms] [WARNING] "shadow*" style props are deprecated. Use "boxShadow". @ http://localhost:8083/index.ts.bundle?platform=web&dev=true&hot=false&lazy=true&transform.engine=hermes&transform.routerRoot=app&unstable_transformProfile=hermes-stable:124750
[   99947ms] [WARNING] [Reanimated] Reduced motion setting is overwritten with mode 'system'. @ http://localhost:8083/index.ts.bundle?platform=web&dev=true&hot=false&lazy=true&transform.engine=hermes&transform.routerRoot=app&unstable_transformProfile=hermes-stable:124750
[   99979ms] [WARNING] Require cycle: src/i18n/index.ts -> src/i18n/i18n.ts -> src/i18n/index.ts

Require cycles are allowed, but can result in uninitialized values. Consider refactoring to remove the need for a cycle. @ http://localhost:8083/index.ts.bundle?platform=web&dev=true&hot=false&lazy=true&transform.engine=hermes&transform.routerRoot=app&unstable_transformProfile=hermes-stable:124750
[   99980ms] [WARNING] Require cycle: src/i18n/index.ts -> src/i18n/i18n.ts -> src/i18n/index.ts

Require cycles are allowed, but can result in uninitialized values. Consider refactoring to remove the need for a cycle. @ http://localhost:8083/index.ts.bundle?platform=web&dev=true&hot=false&lazy=true&transform.engine=hermes&transform.routerRoot=app&unstable_transformProfile=hermes-stable:124750
[   99981ms] [WARNING] Require cycle: src/i18n/index.ts -> src/i18n/i18n.ts -> src/i18n/index.ts

Require cycles are allowed, but can result in uninitialized values. Consider refactoring to remove the need for a cycle. @ http://localhost:8083/index.ts.bundle?platform=web&dev=true&hot=false&lazy=true&transform.engine=hermes&transform.routerRoot=app&unstable_transformProfile=hermes-stable:124750
[   99982ms] [WARNING] Require cycle: src/i18n/index.ts -> src/i18n/i18n.ts -> src/i18n/index.ts

Require cycles are allowed, but can result in uninitialized values. Consider refactoring to remove the need for a cycle. @ http://localhost:8083/index.ts.bundle?platform=web&dev=true&hot=false&lazy=true&transform.engine=hermes&transform.routerRoot=app&unstable_transformProfile=hermes-stable:124750
[   99983ms] [WARNING] Require cycle: src/i18n/index.ts -> src/i18n/i18n.ts -> src/i18n/index.ts

Require cycles are allowed, but can result in uninitialized values. Consider refactoring to remove the need for a cycle. @ http://localhost:8083/index.ts.bundle?platform=web&dev=true&hot=false&lazy=true&transform.engine=hermes&transform.routerRoot=app&unstable_transformProfile=hermes-stable:124750
[   99984ms] [WARNING] Require cycle: src/i18n/index.ts -> src/i18n/i18n.ts -> src/i18n/index.ts

Require cycles are allowed, but can result in uninitialized values. Consider refactoring to remove the need for a cycle. @ http://localhost:8083/index.ts.bundle?platform=web&dev=true&hot=false&lazy=true&transform.engine=hermes&transform.routerRoot=app&unstable_transformProfile=hermes-stable:124750
[   99985ms] [WARNING] Require cycle: src/i18n/index.ts -> src/i18n/i18n.ts -> src/i18n/index.ts

Require cycles are allowed, but can result in uninitialized values. Consider refactoring to remove the need for a cycle. @ http://localhost:8083/index.ts.bundle?platform=web&dev=true&hot=false&lazy=true&transform.engine=hermes&transform.routerRoot=app&unstable_transformProfile=hermes-stable:124750
[   99986ms] [WARNING] Require cycle: src/i18n/index.ts -> src/i18n/i18n.ts -> src/i18n/index.ts

Require cycles are allowed, but can result in uninitialized values. Consider refactoring to remove the need for a cycle. @ http://localhost:8083/index.ts.bundle?platform=web&dev=true&hot=false&lazy=true&transform.engine=hermes&transform.routerRoot=app&unstable_transformProfile=hermes-stable:124750
[   99988ms] [WARNING] Require cycle: src/i18n/index.ts -> src/i18n/i18n.ts -> src/i18n/index.ts

Require cycles are allowed, but can result in uninitialized values. Consider refactoring to remove the need for a cycle. @ http://localhost:8083/index.ts.bundle?platform=web&dev=true&hot=false&lazy=true&transform.engine=hermes&transform.routerRoot=app&unstable_transformProfile=hermes-stable:124750
[   99989ms] [WARNING] Require cycle: src/i18n/index.ts -> src/i18n/i18n.ts -> src/i18n/index.ts

Require cycles are allowed, but can result in uninitialized values. Consider refactoring to remove the need for a cycle. @ http://localhost:8083/index.ts.bundle?platform=web&dev=true&hot=false&lazy=true&transform.engine=hermes&transform.routerRoot=app&unstable_transformProfile=hermes-stable:124750
[   99990ms] [WARNING] Require cycle: src/i18n/index.ts -> src/i18n/i18n.ts -> src/i18n/index.ts

Require cycles are allowed, but can result in uninitialized values. Consider refactoring to remove the need for a cycle. @ http://localhost:8083/index.ts.bundle?platform=web&dev=true&hot=false&lazy=true&transform.engine=hermes&transform.routerRoot=app&unstable_transformProfile=hermes-stable:124750
[   99991ms] [WARNING] Require cycle: src/i18n/index.ts -> src/i18n/i18n.ts -> src/i18n/index.ts

Require cycles are allowed, but can result in uninitialized values. Consider refactoring to remove the need for a cycle. @ http://localhost:8083/index.ts.bundle?platform=web&dev=true&hot=false&lazy=true&transform.engine=hermes&transform.routerRoot=app&unstable_transformProfile=hermes-stable:124750
[   99992ms] [WARNING] Require cycle: src/i18n/index.ts -> src/i18n/i18n.ts -> src/i18n/index.ts

Require cycles are allowed, but can result in uninitialized values. Consider refactoring to remove the need for a cycle. @ http://localhost:8083/index.ts.bundle?platform=web&dev=true&hot=false&lazy=true&transform.engine=hermes&transform.routerRoot=app&unstable_transformProfile=hermes-stable:124750
[   99994ms] [WARNING] Require cycle: src/i18n/index.ts -> src/i18n/i18n.ts -> src/i18n/index.ts

Require cycles are allowed, but can result in uninitialized values. Consider refactoring to remove the need for a cycle. @ http://localhost:8083/index.ts.bundle?platform=web&dev=true&hot=false&lazy=true&transform.engine=hermes&transform.routerRoot=app&unstable_transformProfile=hermes-stable:124750
[   99995ms] [WARNING] Require cycle: src/i18n/index.ts -> src/i18n/i18n.ts -> src/i18n/index.ts

Require cycles are allowed, but can result in uninitialized values. Consider refactoring to remove the need for a cycle. @ http://localhost:8083/index.ts.bundle?platform=web&dev=true&hot=false&lazy=true&transform.engine=hermes&transform.routerRoot=app&unstable_transformProfile=hermes-stable:124750
[   99996ms] [WARNING] Require cycle: src/i18n/index.ts -> src/i18n/i18n.ts -> src/i18n/index.ts

Require cycles are allowed, but can result in uninitialized values. Consider refactoring to remove the need for a cycle. @ http://localhost:8083/index.ts.bundle?platform=web&dev=true&hot=false&lazy=true&transform.engine=hermes&transform.routerRoot=app&unstable_transformProfile=hermes-stable:124750
[  100026ms] [WARNING] props.pointerEvents is deprecated. Use style.pointerEvents @ http://localhost:8083/index.ts.bundle?platform=web&dev=true&hot=false&lazy=true&transform.engine=hermes&transform.routerRoot=app&unstable_transformProfile=hermes-stable:124750
[  100218ms] [INFO] [visually-complete] Home → mounted: 4033.3ms @ http://localhost:8083/index.ts.bundle?platform=web&dev=true&hot=false&lazy=true&transform.engine=hermes&transform.routerRoot=app&unstable_transformProfile=hermes-stable:124750
[  100219ms] [INFO] [visually-complete] Home: 4034.6ms @ http://localhost:8083/index.ts.bundle?platform=web&dev=true&hot=false&lazy=true&transform.engine=hermes&transform.routerRoot=app&unstable_transformProfile=hermes-stable:124750
[  100260ms] [WARNING] Found screens with the same name nested inside one another. Check:

MainTabs > Home, MainTabs > Home > Home

This can cause confusing behavior during navigation. Consider using unique names for each screen instead. @ http://localhost:8083/index.ts.bundle?platform=web&dev=true&hot=false&lazy=true&transform.engine=hermes&transform.routerRoot=app&unstable_transformProfile=hermes-stable:124750
[  100261ms] [INFO] [telemetry] screen_view {screen: Home, session_id: e29866be-e26d-4afa-a2cf-3d898507c9d1, timestamp: 2026-09-03T00:39:45.823Z} @ http://localhost:8083/index.ts.bundle?platform=web&dev=true&hot=false&lazy=true&transform.engine=hermes&transform.routerRoot=app&unstable_transformProfile=hermes-stable:124750
[  100345ms] [INFO] [backendDiagnostics] sync — count=10 error=none baseUrl=http://localhost:4000/api/v1 @ http://localhost:8083/index.ts.bundle?platform=web&dev=true&hot=false&lazy=true&transform.engine=hermes&transform.routerRoot=app&unstable_transformProfile=hermes-stable:124750
[  103940ms] [WARNING] [expo-notifications] Listening to push token changes is not yet fully supported on web. Adding a listener will have no effect. @ http://localhost:8083/index.ts.bundle?platform=web&dev=true&hot=false&lazy=true&transform.engine=hermes&transform.routerRoot=app&unstable_transformProfile=hermes-stable:124750
[  103957ms] [LOG] Running application "main" with appParams:
 {rootTag: #root, hydrate: undefined} 
Development-level warnings: ON.
Performance optimizations: OFF. @ http://localhost:8083/index.ts.bundle?platform=web&dev=true&hot=false&lazy=true&transform.engine=hermes&transform.routerRoot=app&unstable_transformProfile=hermes-stable:124750
[  103981ms] [INFO] %cDownload the React DevTools for a better development experience: https://react.dev/link/react-devtools font-weight:bold @ http://localhost:8083/index.ts.bundle?platform=web&dev=true&hot=false&lazy=true&transform.engine=hermes&transform.routerRoot=app&unstable_transformProfile=hermes-stable:124750
[  104043ms] [WARNING] [sslPinning] status: not-installed. Initialisation failed — pinning NOT active. Error: Cannot find module 'react-native-ssl-public-key-pinning'
    at metroRequire (http://localhost:8083/index.ts.bundle?platform=web&dev=true&hot=false&lazy=true&transform.engine=hermes&transform.routerRoot=app&unstable_transformProfile=hermes-stable:61:15)
    at metroRequire.metroImportAll [as importAll] (http://localhost:8083/index.ts.bundle?platform=web&dev=true&hot=false&lazy=true&transform.engine=hermes&transform.routerRoot=app&unstable_transformProfile=hermes-stable:105:21)
    at importAll (http://localhost:8083/index.ts.bundle?platform=web&dev=true&hot=false&lazy=true&transform.engine=hermes&transform.routerRoot=app&unstable_transformProfile=hermes-stable:153047:37)
    at asyncRequireImpl (http://localhost:8083/index.ts.bundle?platform=web&dev=true&hot=false&lazy=true&transform.engine=hermes&transform.routerRoot=app&unstable_transformProfile=hermes-stable:153055:16)
    at asyncRequire (http://localhost:8083/index.ts.bundle?platform=web&dev=true&hot=false&lazy=true&transform.engine=hermes&transform.routerRoot=app&unstable_transformProfile=hermes-stable:153074:17)
    at initializeSslPinning (http://localhost:8083/index.ts.bundle?platform=web&dev=true&hot=false&lazy=true&transform.engine=hermes&transform.routerRoot=app&unstable_transformProfile=hermes-stable:223582:89)
    at initializeAppBootstrapState (http://localhost:8083/index.ts.bundle?platform=web&dev=true&hot=false&lazy=true&transform.engine=hermes&transform.routerRoot=app&unstable_transformProfile=hermes-stable:120335:96)
    at http://localhost:8083/index.ts.bundle?platform=web&dev=true&hot=false&lazy=true&transform.engine=hermes&transform.routerRoot=app&unstable_transformProfile=hermes-stable:120381:7
    at Object.react_stack_bottom_frame (http://localhost:8083/index.ts.bundle?platform=web&dev=true&hot=false&lazy=true&transform.engine=hermes&transform.routerRoot=app&unstable_transformProfile=hermes-stable:141303:20)
    at runWithFiberInDEV (http://localhost:8083/index.ts.bundle?platform=web&dev=true&hot=false&lazy=true&transform.engine=hermes&transform.routerRoot=app&unstable_transformProfile=hermes-stable:128591:70) @ http://localhost:8083/index.ts.bundle?platform=web&dev=true&hot=false&lazy=true&transform.engine=hermes&transform.routerRoot=app&unstable_transformProfile=hermes-stable:124750
[  104155ms] [WARNING] [apiClient] SecureStore unavailable — auth tokens will fall back to unencrypted AsyncStorage @ http://localhost:8083/index.ts.bundle?platform=web&dev=true&hot=false&lazy=true&transform.engine=hermes&transform.routerRoot=app&unstable_transformProfile=hermes-stable:124750
[  106306ms] [WARNING] "shadow*" style props are deprecated. Use "boxShadow". @ http://localhost:8083/index.ts.bundle?platform=web&dev=true&hot=false&lazy=true&transform.engine=hermes&transform.routerRoot=app&unstable_transformProfile=hermes-stable:124750
[  106314ms] [WARNING] [Reanimated] Reduced motion setting is overwritten with mode 'system'. @ http://localhost:8083/index.ts.bundle?platform=web&dev=true&hot=false&lazy=true&transform.engine=hermes&transform.routerRoot=app&unstable_transformProfile=hermes-stable:124750
[  106373ms] [WARNING] Require cycle: src/i18n/index.ts -> src/i18n/i18n.ts -> src/i18n/index.ts

Require cycles are allowed, but can result in uninitialized values. Consider refactoring to remove the need for a cycle. @ http://localhost:8083/index.ts.bundle?platform=web&dev=true&hot=false&lazy=true&transform.engine=hermes&transform.routerRoot=app&unstable_transformProfile=hermes-stable:124750
[  106375ms] [WARNING] Require cycle: src/i18n/index.ts -> src/i18n/i18n.ts -> src/i18n/index.ts

Require cycles are allowed, but can result in uninitialized values. Consider refactoring to remove the need for a cycle. @ http://localhost:8083/index.ts.bundle?platform=web&dev=true&hot=false&lazy=true&transform.engine=hermes&transform.routerRoot=app&unstable_transformProfile=hermes-stable:124750
[  106375ms] [WARNING] Require cycle: src/i18n/index.ts -> src/i18n/i18n.ts -> src/i18n/index.ts

Require cycles are allowed, but can result in uninitialized values. Consider refactoring to remove the need for a cycle. @ http://localhost:8083/index.ts.bundle?platform=web&dev=true&hot=false&lazy=true&transform.engine=hermes&transform.routerRoot=app&unstable_transformProfile=hermes-stable:124750
[  106377ms] [WARNING] Require cycle: src/i18n/index.ts -> src/i18n/i18n.ts -> src/i18n/index.ts

Require cycles are allowed, but can result in uninitialized values. Consider refactoring to remove the need for a cycle. @ http://localhost:8083/index.ts.bundle?platform=web&dev=true&hot=false&lazy=true&transform.engine=hermes&transform.routerRoot=app&unstable_transformProfile=hermes-stable:124750
[  106377ms] [WARNING] Require cycle: src/i18n/index.ts -> src/i18n/i18n.ts -> src/i18n/index.ts

Require cycles are allowed, but can result in uninitialized values. Consider refactoring to remove the need for a cycle. @ http://localhost:8083/index.ts.bundle?platform=web&dev=true&hot=false&lazy=true&transform.engine=hermes&transform.routerRoot=app&unstable_transformProfile=hermes-stable:124750
[  106379ms] [WARNING] Require cycle: src/i18n/index.ts -> src/i18n/i18n.ts -> src/i18n/index.ts

Require cycles are allowed, but can result in uninitialized values. Consider refactoring to remove the need for a cycle. @ http://localhost:8083/index.ts.bundle?platform=web&dev=true&hot=false&lazy=true&transform.engine=hermes&transform.routerRoot=app&unstable_transformProfile=hermes-stable:124750
[  106379ms] [WARNING] Require cycle: src/i18n/index.ts -> src/i18n/i18n.ts -> src/i18n/index.ts

Require cycles are allowed, but can result in uninitialized values. Consider refactoring to remove the need for a cycle. @ http://localhost:8083/index.ts.bundle?platform=web&dev=true&hot=false&lazy=true&transform.engine=hermes&transform.routerRoot=app&unstable_transformProfile=hermes-stable:124750
[  106381ms] [WARNING] Require cycle: src/i18n/index.ts -> src/i18n/i18n.ts -> src/i18n/index.ts

Require cycles are allowed, but can result in uninitialized values. Consider refactoring to remove the need for a cycle. @ http://localhost:8083/index.ts.bundle?platform=web&dev=true&hot=false&lazy=true&transform.engine=hermes&transform.routerRoot=app&unstable_transformProfile=hermes-stable:124750
[  106382ms] [WARNING] Require cycle: src/i18n/index.ts -> src/i18n/i18n.ts -> src/i18n/index.ts

Require cycles are allowed, but can result in uninitialized values. Consider refactoring to remove the need for a cycle. @ http://localhost:8083/index.ts.bundle?platform=web&dev=true&hot=false&lazy=true&transform.engine=hermes&transform.routerRoot=app&unstable_transformProfile=hermes-stable:124750
[  106383ms] [WARNING] Require cycle: src/i18n/index.ts -> src/i18n/i18n.ts -> src/i18n/index.ts

Require cycles are allowed, but can result in uninitialized values. Consider refactoring to remove the need for a cycle. @ http://localhost:8083/index.ts.bundle?platform=web&dev=true&hot=false&lazy=true&transform.engine=hermes&transform.routerRoot=app&unstable_transformProfile=hermes-stable:124750
[  106384ms] [WARNING] Require cycle: src/i18n/index.ts -> src/i18n/i18n.ts -> src/i18n/index.ts

Require cycles are allowed, but can result in uninitialized values. Consider refactoring to remove the need for a cycle. @ http://localhost:8083/index.ts.bundle?platform=web&dev=true&hot=false&lazy=true&transform.engine=hermes&transform.routerRoot=app&unstable_transformProfile=hermes-stable:124750
[  106385ms] [WARNING] Require cycle: src/i18n/index.ts -> src/i18n/i18n.ts -> src/i18n/index.ts

Require cycles are allowed, but can result in uninitialized values. Consider refactoring to remove the need for a cycle. @ http://localhost:8083/index.ts.bundle?platform=web&dev=true&hot=false&lazy=true&transform.engine=hermes&transform.routerRoot=app&unstable_transformProfile=hermes-stable:124750
[  106386ms] [WARNING] Require cycle: src/i18n/index.ts -> src/i18n/i18n.ts -> src/i18n/index.ts

Require cycles are allowed, but can result in uninitialized values. Consider refactoring to remove the need for a cycle. @ http://localhost:8083/index.ts.bundle?platform=web&dev=true&hot=false&lazy=true&transform.engine=hermes&transform.routerRoot=app&unstable_transformProfile=hermes-stable:124750
[  106387ms] [WARNING] Require cycle: src/i18n/index.ts -> src/i18n/i18n.ts -> src/i18n/index.ts

Require cycles are allowed, but can result in uninitialized values. Consider refactoring to remove the need for a cycle. @ http://localhost:8083/index.ts.bundle?platform=web&dev=true&hot=false&lazy=true&transform.engine=hermes&transform.routerRoot=app&unstable_transformProfile=hermes-stable:124750
[  106389ms] [WARNING] Require cycle: src/i18n/index.ts -> src/i18n/i18n.ts -> src/i18n/index.ts

Require cycles are allowed, but can result in uninitialized values. Consider refactoring to remove the need for a cycle. @ http://localhost:8083/index.ts.bundle?platform=web&dev=true&hot=false&lazy=true&transform.engine=hermes&transform.routerRoot=app&unstable_transformProfile=hermes-stable:124750
[  106390ms] [WARNING] Require cycle: src/i18n/index.ts -> src/i18n/i18n.ts -> src/i18n/index.ts

Require cycles are allowed, but can result in uninitialized values. Consider refactoring to remove the need for a cycle. @ http://localhost:8083/index.ts.bundle?platform=web&dev=true&hot=false&lazy=true&transform.engine=hermes&transform.routerRoot=app&unstable_transformProfile=hermes-stable:124750
[  106445ms] [WARNING] props.pointerEvents is deprecated. Use style.pointerEvents @ http://localhost:8083/index.ts.bundle?platform=web&dev=true&hot=false&lazy=true&transform.engine=hermes&transform.routerRoot=app&unstable_transformProfile=hermes-stable:124750
[  106698ms] [INFO] [visually-complete] Home → mounted: 4773.3ms @ http://localhost:8083/index.ts.bundle?platform=web&dev=true&hot=false&lazy=true&transform.engine=hermes&transform.routerRoot=app&unstable_transformProfile=hermes-stable:124750
[  106699ms] [INFO] [visually-complete] Home: 4774.3ms @ http://localhost:8083/index.ts.bundle?platform=web&dev=true&hot=false&lazy=true&transform.engine=hermes&transform.routerRoot=app&unstable_transformProfile=hermes-stable:124750
[  106742ms] [WARNING] Found screens with the same name nested inside one another. Check:

MainTabs > Home, MainTabs > Home > Home

This can cause confusing behavior during navigation. Consider using unique names for each screen instead. @ http://localhost:8083/index.ts.bundle?platform=web&dev=true&hot=false&lazy=true&transform.engine=hermes&transform.routerRoot=app&unstable_transformProfile=hermes-stable:124750
[  106743ms] [INFO] [telemetry] screen_view {screen: Home, session_id: 4d22daac-54f8-4ffc-a94f-58dfff575e5d, timestamp: 2026-09-03T00:39:52.305Z} @ http://localhost:8083/index.ts.bundle?platform=web&dev=true&hot=false&lazy=true&transform.engine=hermes&transform.routerRoot=app&unstable_transformProfile=hermes-stable:124750
[  106744ms] [INFO] [telemetry] screen_view {screen: Home, previous_screen: null, params: Object, session_id: 4d22daac-54f8-4ffc-a94f-58dfff575e5d, timestamp: 2026-09-03T00:39:52.307Z} @ http://localhost:8083/index.ts.bundle?platform=web&dev=true&hot=false&lazy=true&transform.engine=hermes&transform.routerRoot=app&unstable_transformProfile=hermes-stable:124750
[  106818ms] [INFO] [backendDiagnostics] sync — count=10 error=none baseUrl=http://localhost:4000/api/v1 @ http://localhost:8083/index.ts.bundle?platform=web&dev=true&hot=false&lazy=true&transform.engine=hermes&transform.routerRoot=app&unstable_transformProfile=hermes-stable:124750
[  108316ms] [ERROR] WebSocket connection to 'ws://localhost:4000/api/v1/realtime/ws?topics=' failed: HTTP Authentication failed; no valid credentials available @ http://localhost:8083/index.ts.bundle?platform=web&dev=true&hot=false&lazy=true&transform.engine=hermes&transform.routerRoot=app&unstable_transformProfile=hermes-stable:491564
[  109445ms] [ERROR] WebSocket connection to 'ws://localhost:4000/api/v1/realtime/ws?topics=' failed: HTTP Authentication failed; no valid credentials available @ http://localhost:8083/index.ts.bundle?platform=web&dev=true&hot=false&lazy=true&transform.engine=hermes&transform.routerRoot=app&unstable_transformProfile=hermes-stable:491564
[  111335ms] [ERROR] WebSocket connection to 'ws://localhost:4000/api/v1/realtime/ws?topics=' failed: HTTP Authentication failed; no valid credentials available @ http://localhost:8083/index.ts.bundle?platform=web&dev=true&hot=false&lazy=true&transform.engine=hermes&transform.routerRoot=app&unstable_transformProfile=hermes-stable:491564
[  112688ms] [ERROR] WebSocket connection to 'ws://localhost:4000/api/v1/realtime/ws?topics=' failed: HTTP Authentication failed; no valid credentials available @ http://localhost:8083/index.ts.bundle?platform=web&dev=true&hot=false&lazy=true&transform.engine=hermes&transform.routerRoot=app&unstable_transformProfile=hermes-stable:491564
[  113884ms] [ERROR] WebSocket connection to 'ws://localhost:4000/api/v1/realtime/ws?topics=' failed: HTTP Authentication failed; no valid credentials available @ http://localhost:8083/index.ts.bundle?platform=web&dev=true&hot=false&lazy=true&transform.engine=hermes&transform.routerRoot=app&unstable_transformProfile=hermes-stable:491564
[  116707ms] [WARNING] [expo-notifications] Listening to push token changes is not yet fully supported on web. Adding a listener will have no effect. @ http://localhost:8083/index.ts.bundle?platform=web&dev=true&hot=false&lazy=true&transform.engine=hermes&transform.routerRoot=app&unstable_transformProfile=hermes-stable:124750
[  116724ms] [LOG] Running application "main" with appParams:
 {rootTag: #root, hydrate: undefined} 
Development-level warnings: ON.
Performance optimizations: OFF. @ http://localhost:8083/index.ts.bundle?platform=web&dev=true&hot=false&lazy=true&transform.engine=hermes&transform.routerRoot=app&unstable_transformProfile=hermes-stable:124750
[  116753ms] [INFO] %cDownload the React DevTools for a better development experience: https://react.dev/link/react-devtools font-weight:bold @ http://localhost:8083/index.ts.bundle?platform=web&dev=true&hot=false&lazy=true&transform.engine=hermes&transform.routerRoot=app&unstable_transformProfile=hermes-stable:124750
[  116815ms] [WARNING] [sslPinning] status: not-installed. Initialisation failed — pinning NOT active. Error: Cannot find module 'react-native-ssl-public-key-pinning'
    at metroRequire (http://localhost:8083/index.ts.bundle?platform=web&dev=true&hot=false&lazy=true&transform.engine=hermes&transform.routerRoot=app&unstable_transformProfile=hermes-stable:61:15)
    at metroRequire.metroImportAll [as importAll] (http://localhost:8083/index.ts.bundle?platform=web&dev=true&hot=false&lazy=true&transform.engine=hermes&transform.routerRoot=app&unstable_transformProfile=hermes-stable:105:21)
    at importAll (http://localhost:8083/index.ts.bundle?platform=web&dev=true&hot=false&lazy=true&transform.engine=hermes&transform.routerRoot=app&unstable_transformProfile=hermes-stable:153047:37)
    at asyncRequireImpl (http://localhost:8083/index.ts.bundle?platform=web&dev=true&hot=false&lazy=true&transform.engine=hermes&transform.routerRoot=app&unstable_transformProfile=hermes-stable:153055:16)
    at asyncRequire (http://localhost:8083/index.ts.bundle?platform=web&dev=true&hot=false&lazy=true&transform.engine=hermes&transform.routerRoot=app&unstable_transformProfile=hermes-stable:153074:17)
    at initializeSslPinning (http://localhost:8083/index.ts.bundle?platform=web&dev=true&hot=false&lazy=true&transform.engine=hermes&transform.routerRoot=app&unstable_transformProfile=hermes-stable:223586:89)
    at initializeAppBootstrapState (http://localhost:8083/index.ts.bundle?platform=web&dev=true&hot=false&lazy=true&transform.engine=hermes&transform.routerRoot=app&unstable_transformProfile=hermes-stable:120335:96)
    at http://localhost:8083/index.ts.bundle?platform=web&dev=true&hot=false&lazy=true&transform.engine=hermes&transform.routerRoot=app&unstable_transformProfile=hermes-stable:120381:7
    at Object.react_stack_bottom_frame (http://localhost:8083/index.ts.bundle?platform=web&dev=true&hot=false&lazy=true&transform.engine=hermes&transform.routerRoot=app&unstable_transformProfile=hermes-stable:141303:20)
    at runWithFiberInDEV (http://localhost:8083/index.ts.bundle?platform=web&dev=true&hot=false&lazy=true&transform.engine=hermes&transform.routerRoot=app&unstable_transformProfile=hermes-stable:128591:70) @ http://localhost:8083/index.ts.bundle?platform=web&dev=true&hot=false&lazy=true&transform.engine=hermes&transform.routerRoot=app&unstable_transformProfile=hermes-stable:124750
[  116928ms] [WARNING] [apiClient] SecureStore unavailable — auth tokens will fall back to unencrypted AsyncStorage @ http://localhost:8083/index.ts.bundle?platform=web&dev=true&hot=false&lazy=true&transform.engine=hermes&transform.routerRoot=app&unstable_transformProfile=hermes-stable:124750
[  119040ms] [WARNING] "shadow*" style props are deprecated. Use "boxShadow". @ http://localhost:8083/index.ts.bundle?platform=web&dev=true&hot=false&lazy=true&transform.engine=hermes&transform.routerRoot=app&unstable_transformProfile=hermes-stable:124750
[  119047ms] [WARNING] [Reanimated] Reduced motion setting is overwritten with mode 'system'. @ http://localhost:8083/index.ts.bundle?platform=web&dev=true&hot=false&lazy=true&transform.engine=hermes&transform.routerRoot=app&unstable_transformProfile=hermes-stable:124750
[  119089ms] [WARNING] Require cycle: src/i18n/index.ts -> src/i18n/i18n.ts -> src/i18n/index.ts

Require cycles are allowed, but can result in uninitialized values. Consider refactoring to remove the need for a cycle. @ http://localhost:8083/index.ts.bundle?platform=web&dev=true&hot=false&lazy=true&transform.engine=hermes&transform.routerRoot=app&unstable_transformProfile=hermes-stable:124750
[  119090ms] [WARNING] Require cycle: src/i18n/index.ts -> src/i18n/i18n.ts -> src/i18n/index.ts

Require cycles are allowed, but can result in uninitialized values. Consider refactoring to remove the need for a cycle. @ http://localhost:8083/index.ts.bundle?platform=web&dev=true&hot=false&lazy=true&transform.engine=hermes&transform.routerRoot=app&unstable_transformProfile=hermes-stable:124750
[  119091ms] [WARNING] Require cycle: src/i18n/index.ts -> src/i18n/i18n.ts -> src/i18n/index.ts

Require cycles are allowed, but can result in uninitialized values. Consider refactoring to remove the need for a cycle. @ http://localhost:8083/index.ts.bundle?platform=web&dev=true&hot=false&lazy=true&transform.engine=hermes&transform.routerRoot=app&unstable_transformProfile=hermes-stable:124750
[  119092ms] [WARNING] Require cycle: src/i18n/index.ts -> src/i18n/i18n.ts -> src/i18n/index.ts

Require cycles are allowed, but can result in uninitialized values. Consider refactoring to remove the need for a cycle. @ http://localhost:8083/index.ts.bundle?platform=web&dev=true&hot=false&lazy=true&transform.engine=hermes&transform.routerRoot=app&unstable_transformProfile=hermes-stable:124750
[  119092ms] [WARNING] Require cycle: src/i18n/index.ts -> src/i18n/i18n.ts -> src/i18n/index.ts

Require cycles are allowed, but can result in uninitialized values. Consider refactoring to remove the need for a cycle. @ http://localhost:8083/index.ts.bundle?platform=web&dev=true&hot=false&lazy=true&transform.engine=hermes&transform.routerRoot=app&unstable_transformProfile=hermes-stable:124750
[  119094ms] [WARNING] Require cycle: src/i18n/index.ts -> src/i18n/i18n.ts -> src/i18n/index.ts

Require cycles are allowed, but can result in uninitialized values. Consider refactoring to remove the need for a cycle. @ http://localhost:8083/index.ts.bundle?platform=web&dev=true&hot=false&lazy=true&transform.engine=hermes&transform.routerRoot=app&unstable_transformProfile=hermes-stable:124750
[  119094ms] [WARNING] Require cycle: src/i18n/index.ts -> src/i18n/i18n.ts -> src/i18n/index.ts

Require cycles are allowed, but can result in uninitialized values. Consider refactoring to remove the need for a cycle. @ http://localhost:8083/index.ts.bundle?platform=web&dev=true&hot=false&lazy=true&transform.engine=hermes&transform.routerRoot=app&unstable_transformProfile=hermes-stable:124750
[  119095ms] [WARNING] Require cycle: src/i18n/index.ts -> src/i18n/i18n.ts -> src/i18n/index.ts

Require cycles are allowed, but can result in uninitialized values. Consider refactoring to remove the need for a cycle. @ http://localhost:8083/index.ts.bundle?platform=web&dev=true&hot=false&lazy=true&transform.engine=hermes&transform.routerRoot=app&unstable_transformProfile=hermes-stable:124750
[  119097ms] [WARNING] Require cycle: src/i18n/index.ts -> src/i18n/i18n.ts -> src/i18n/index.ts

Require cycles are allowed, but can result in uninitialized values. Consider refactoring to remove the need for a cycle. @ http://localhost:8083/index.ts.bundle?platform=web&dev=true&hot=false&lazy=true&transform.engine=hermes&transform.routerRoot=app&unstable_transformProfile=hermes-stable:124750
[  119098ms] [WARNING] Require cycle: src/i18n/index.ts -> src/i18n/i18n.ts -> src/i18n/index.ts

Require cycles are allowed, but can result in uninitialized values. Consider refactoring to remove the need for a cycle. @ http://localhost:8083/index.ts.bundle?platform=web&dev=true&hot=false&lazy=true&transform.engine=hermes&transform.routerRoot=app&unstable_transformProfile=hermes-stable:124750
[  119099ms] [WARNING] Require cycle: src/i18n/index.ts -> src/i18n/i18n.ts -> src/i18n/index.ts

Require cycles are allowed, but can result in uninitialized values. Consider refactoring to remove the need for a cycle. @ http://localhost:8083/index.ts.bundle?platform=web&dev=true&hot=false&lazy=true&transform.engine=hermes&transform.routerRoot=app&unstable_transformProfile=hermes-stable:124750
[  119100ms] [WARNING] Require cycle: src/i18n/index.ts -> src/i18n/i18n.ts -> src/i18n/index.ts

Require cycles are allowed, but can result in uninitialized values. Consider refactoring to remove the need for a cycle. @ http://localhost:8083/index.ts.bundle?platform=web&dev=true&hot=false&lazy=true&transform.engine=hermes&transform.routerRoot=app&unstable_transformProfile=hermes-stable:124750
[  119101ms] [WARNING] Require cycle: src/i18n/index.ts -> src/i18n/i18n.ts -> src/i18n/index.ts

Require cycles are allowed, but can result in uninitialized values. Consider refactoring to remove the need for a cycle. @ http://localhost:8083/index.ts.bundle?platform=web&dev=true&hot=false&lazy=true&transform.engine=hermes&transform.routerRoot=app&unstable_transformProfile=hermes-stable:124750
[  119102ms] [WARNING] Require cycle: src/i18n/index.ts -> src/i18n/i18n.ts -> src/i18n/index.ts

Require cycles are allowed, but can result in uninitialized values. Consider refactoring to remove the need for a cycle. @ http://localhost:8083/index.ts.bundle?platform=web&dev=true&hot=false&lazy=true&transform.engine=hermes&transform.routerRoot=app&unstable_transformProfile=hermes-stable:124750
[  119103ms] [WARNING] Require cycle: src/i18n/index.ts -> src/i18n/i18n.ts -> src/i18n/index.ts

Require cycles are allowed, but can result in uninitialized values. Consider refactoring to remove the need for a cycle. @ http://localhost:8083/index.ts.bundle?platform=web&dev=true&hot=false&lazy=true&transform.engine=hermes&transform.routerRoot=app&unstable_transformProfile=hermes-stable:124750
[  119104ms] [WARNING] Require cycle: src/i18n/index.ts -> src/i18n/i18n.ts -> src/i18n/index.ts

Require cycles are allowed, but can result in uninitialized values. Consider refactoring to remove the need for a cycle. @ http://localhost:8083/index.ts.bundle?platform=web&dev=true&hot=false&lazy=true&transform.engine=hermes&transform.routerRoot=app&unstable_transformProfile=hermes-stable:124750
[  119162ms] [WARNING] props.pointerEvents is deprecated. Use style.pointerEvents @ http://localhost:8083/index.ts.bundle?platform=web&dev=true&hot=false&lazy=true&transform.engine=hermes&transform.routerRoot=app&unstable_transformProfile=hermes-stable:124750
[  119400ms] [INFO] [visually-complete] Home → mounted: 4680.0ms @ http://localhost:8083/index.ts.bundle?platform=web&dev=true&hot=false&lazy=true&transform.engine=hermes&transform.routerRoot=app&unstable_transformProfile=hermes-stable:124750
[  119401ms] [INFO] [visually-complete] Home: 4681.0ms @ http://localhost:8083/index.ts.bundle?platform=web&dev=true&hot=false&lazy=true&transform.engine=hermes&transform.routerRoot=app&unstable_transformProfile=hermes-stable:124750
[  119452ms] [WARNING] Found screens with the same name nested inside one another. Check:

MainTabs > Home, MainTabs > Home > Home

This can cause confusing behavior during navigation. Consider using unique names for each screen instead. @ http://localhost:8083/index.ts.bundle?platform=web&dev=true&hot=false&lazy=true&transform.engine=hermes&transform.routerRoot=app&unstable_transformProfile=hermes-stable:124750
[  119454ms] [INFO] [telemetry] screen_view {screen: Home, session_id: 894425f5-7193-4efa-9463-f016360ad0d8, timestamp: 2026-09-03T00:40:05.016Z} @ http://localhost:8083/index.ts.bundle?platform=web&dev=true&hot=false&lazy=true&transform.engine=hermes&transform.routerRoot=app&unstable_transformProfile=hermes-stable:124750
[  119456ms] [INFO] [telemetry] screen_view {screen: Home, previous_screen: null, params: Object, session_id: 894425f5-7193-4efa-9463-f016360ad0d8, timestamp: 2026-09-03T00:40:05.018Z} @ http://localhost:8083/index.ts.bundle?platform=web&dev=true&hot=false&lazy=true&transform.engine=hermes&transform.routerRoot=app&unstable_transformProfile=hermes-stable:124750
[  119551ms] [INFO] [backendDiagnostics] sync — count=10 error=none baseUrl=http://localhost:4000/api/v1 @ http://localhost:8083/index.ts.bundle?platform=web&dev=true&hot=false&lazy=true&transform.engine=hermes&transform.routerRoot=app&unstable_transformProfile=hermes-stable:124750
[  119605ms] [ERROR] WebSocket connection to 'ws://localhost:4000/api/v1/realtime/ws?topics=' failed: HTTP Authentication failed; no valid credentials available @ http://localhost:8083/index.ts.bundle?platform=web&dev=true&hot=false&lazy=true&transform.engine=hermes&transform.routerRoot=app&unstable_transformProfile=hermes-stable:491568
[  120507ms] [ERROR] WebSocket connection to 'ws://localhost:4000/api/v1/realtime/ws?topics=' failed: HTTP Authentication failed; no valid credentials available @ http://localhost:8083/index.ts.bundle?platform=web&dev=true&hot=false&lazy=true&transform.engine=hermes&transform.routerRoot=app&unstable_transformProfile=hermes-stable:491568
[  121003ms] [ERROR] WebSocket connection to 'ws://localhost:4000/api/v1/realtime/ws?topics=' failed: HTTP Authentication failed; no valid credentials available @ http://localhost:8083/index.ts.bundle?platform=web&dev=true&hot=false&lazy=true&transform.engine=hermes&transform.routerRoot=app&unstable_transformProfile=hermes-stable:491568
[  123459ms] [ERROR] WebSocket connection to 'ws://localhost:4000/api/v1/realtime/ws?topics=' failed: HTTP Authentication failed; no valid credentials available @ http://localhost:8083/index.ts.bundle?platform=web&dev=true&hot=false&lazy=true&transform.engine=hermes&transform.routerRoot=app&unstable_transformProfile=hermes-stable:491568
[  124705ms] [ERROR] WebSocket connection to 'ws://localhost:4000/api/v1/realtime/ws?topics=' failed: HTTP Authentication failed; no valid credentials available @ http://localhost:8083/index.ts.bundle?platform=web&dev=true&hot=false&lazy=true&transform.engine=hermes&transform.routerRoot=app&unstable_transformProfile=hermes-stable:491568
[  125308ms] [ERROR] WebSocket connection to 'ws://localhost:4000/api/v1/realtime/ws?topics=' failed: HTTP Authentication failed; no valid credentials available @ http://localhost:8083/index.ts.bundle?platform=web&dev=true&hot=false&lazy=true&transform.engine=hermes&transform.routerRoot=app&unstable_transformProfile=hermes-stable:491568
[  129679ms] [ERROR] WebSocket connection to 'ws://localhost:4000/api/v1/realtime/ws?topics=' failed: HTTP Authentication failed; no valid credentials available @ http://localhost:8083/index.ts.bundle?platform=web&dev=true&hot=false&lazy=true&transform.engine=hermes&transform.routerRoot=app&unstable_transformProfile=hermes-stable:491568
[  130188ms] [ERROR] WebSocket connection to 'ws://localhost:4000/api/v1/realtime/ws?topics=' failed: HTTP Authentication failed; no valid credentials available @ http://localhost:8083/index.ts.bundle?platform=web&dev=true&hot=false&lazy=true&transform.engine=hermes&transform.routerRoot=app&unstable_transformProfile=hermes-stable:491568
[  134623ms] [ERROR] WebSocket connection to 'ws://localhost:4000/api/v1/realtime/ws?topics=' failed: HTTP Authentication failed; no valid credentials available @ http://localhost:8083/index.ts.bundle?platform=web&dev=true&hot=false&lazy=true&transform.engine=hermes&transform.routerRoot=app&unstable_transformProfile=hermes-stable:491568
[  136554ms] [ERROR] WebSocket connection to 'ws://localhost:4000/api/v1/realtime/ws?topics=' failed: HTTP Authentication failed; no valid credentials available @ http://localhost:8083/index.ts.bundle?platform=web&dev=true&hot=false&lazy=true&transform.engine=hermes&transform.routerRoot=app&unstable_transformProfile=hermes-stable:491568
[  137798ms] [ERROR] WebSocket connection to 'ws://localhost:4000/api/v1/realtime/ws?topics=' failed: HTTP Authentication failed; no valid credentials available @ http://localhost:8083/index.ts.bundle?platform=web&dev=true&hot=false&lazy=true&transform.engine=hermes&transform.routerRoot=app&unstable_transformProfile=hermes-stable:491568
[  139562ms] [ERROR] WebSocket connection to 'ws://localhost:4000/api/v1/realtime/ws?topics=' failed: HTTP Authentication failed; no valid credentials available @ http://localhost:8083/index.ts.bundle?platform=web&dev=true&hot=false&lazy=true&transform.engine=hermes&transform.routerRoot=app&unstable_transformProfile=hermes-stable:491568
[  141723ms] [WARNING] [Reanimated] Reduced motion setting is overwritten with mode 'system'. @ http://localhost:8083/index.ts.bundle?platform=web&dev=true&hot=false&lazy=true&transform.engine=hermes&transform.routerRoot=app&unstable_transformProfile=hermes-stable:124750
[  141726ms] [WARNING] [sslPinning] status: not-installed. Initialisation failed — pinning NOT active. Error: Cannot find module 'react-native-ssl-public-key-pinning'
    at metroRequire (http://localhost:8083/index.ts.bundle?platform=web&dev=true&hot=false&lazy=true&transform.engine=hermes&transform.routerRoot=app&unstable_transformProfile=hermes-stable:61:15)
    at metroRequire.metroImportAll [as importAll] (http://localhost:8083/index.ts.bundle?platform=web&dev=true&hot=false&lazy=true&transform.engine=hermes&transform.routerRoot=app&unstable_transformProfile=hermes-stable:105:21)
    at importAll (http://localhost:8083/index.ts.bundle?platform=web&dev=true&hot=false&lazy=true&transform.engine=hermes&transform.routerRoot=app&unstable_transformProfile=hermes-stable:153047:37)
    at asyncRequireImpl (http://localhost:8083/index.ts.bundle?platform=web&dev=true&hot=false&lazy=true&transform.engine=hermes&transform.routerRoot=app&unstable_transformProfile=hermes-stable:153055:16)
    at asyncRequire (http://localhost:8083/index.ts.bundle?platform=web&dev=true&hot=false&lazy=true&transform.engine=hermes&transform.routerRoot=app&unstable_transformProfile=hermes-stable:153074:17)
    at initializeSslPinning (http://localhost:8083/index.ts.bundle?platform=web&dev=true&hot=false&lazy=true&transform.engine=hermes&transform.routerRoot=app&unstable_transformProfile=hermes-stable:223586:89)
    at initializeAppBootstrapState (http://localhost:8083/index.ts.bundle?platform=web&dev=true&hot=false&lazy=true&transform.engine=hermes&transform.routerRoot=app&unstable_transformProfile=hermes-stable:120335:96)
    at http://localhost:8083/index.ts.bundle?platform=web&dev=true&hot=false&lazy=true&transform.engine=hermes&transform.routerRoot=app&unstable_transformProfile=hermes-stable:120381:7
    at Object.react_stack_bottom_frame (http://localhost:8083/index.ts.bundle?platform=web&dev=true&hot=false&lazy=true&transform.engine=hermes&transform.routerRoot=app&unstable_transformProfile=hermes-stable:141303:20)
    at runWithFiberInDEV (http://localhost:8083/index.ts.bundle?platform=web&dev=true&hot=false&lazy=true&transform.engine=hermes&transform.routerRoot=app&unstable_transformProfile=hermes-stable:128591:70) @ http://localhost:8083/index.ts.bundle?platform=web&dev=true&hot=false&lazy=true&transform.engine=hermes&transform.routerRoot=app&unstable_transformProfile=hermes-stable:124750
[  141808ms] [INFO] [visually-complete] Home: 27087.8ms @ http://localhost:8083/index.ts.bundle?platform=web&dev=true&hot=false&lazy=true&transform.engine=hermes&transform.routerRoot=app&unstable_transformProfile=hermes-stable:124750
[  141925ms] [INFO] [telemetry] screen_view {screen: Home, session_id: 894425f5-7193-4efa-9463-f016360ad0d8, timestamp: 2026-09-03T00:40:27.487Z} @ http://localhost:8083/index.ts.bundle?platform=web&dev=true&hot=false&lazy=true&transform.engine=hermes&transform.routerRoot=app&unstable_transformProfile=hermes-stable:124750
[  144550ms] [ERROR] WebSocket connection to 'ws://localhost:4000/api/v1/realtime/ws?topics=' failed: HTTP Authentication failed; no valid credentials available @ http://localhost:8083/index.ts.bundle?platform=web&dev=true&hot=false&lazy=true&transform.engine=hermes&transform.routerRoot=app&unstable_transformProfile=hermes-stable:491568
[  145352ms] [ERROR] WebSocket connection to 'ws://localhost:4000/api/v1/realtime/ws?topics=' failed: HTTP Authentication failed; no valid credentials available @ http://localhost:8083/index.ts.bundle?platform=web&dev=true&hot=false&lazy=true&transform.engine=hermes&transform.routerRoot=app&unstable_transformProfile=hermes-stable:491568
[  147334ms] [ERROR] WebSocket connection to 'ws://localhost:4000/api/v1/realtime/ws?topics=' failed: HTTP Authentication failed; no valid credentials available @ http://localhost:8083/index.ts.bundle?platform=web&dev=true&hot=false&lazy=true&transform.engine=hermes&transform.routerRoot=app&unstable_transformProfile=hermes-stable:491568
[  147988ms] [ERROR] WebSocket connection to 'ws://localhost:4000/api/v1/realtime/ws?topics=' failed: HTTP Authentication failed; no valid credentials available @ http://localhost:8083/index.ts.bundle?platform=web&dev=true&hot=false&lazy=true&transform.engine=hermes&transform.routerRoot=app&unstable_transformProfile=hermes-stable:491568
[  149805ms] [ERROR] WebSocket connection to 'ws://localhost:4000/api/v1/realtime/ws?topics=' failed: HTTP Authentication failed; no valid credentials available @ http://localhost:8083/index.ts.bundle?platform=web&dev=true&hot=false&lazy=true&transform.engine=hermes&transform.routerRoot=app&unstable_transformProfile=hermes-stable:491568
[  149897ms] [WARNING] [Reanimated] Reduced motion setting is overwritten with mode 'system'. @ http://localhost:8083/index.ts.bundle?platform=web&dev=true&hot=false&lazy=true&transform.engine=hermes&transform.routerRoot=app&unstable_transformProfile=hermes-stable:124750
[  149900ms] [WARNING] [sslPinning] status: not-installed. Initialisation failed — pinning NOT active. Error: Cannot find module 'react-native-ssl-public-key-pinning'
    at metroRequire (http://localhost:8083/index.ts.bundle?platform=web&dev=true&hot=false&lazy=true&transform.engine=hermes&transform.routerRoot=app&unstable_transformProfile=hermes-stable:61:15)
    at metroRequire.metroImportAll [as importAll] (http://localhost:8083/index.ts.bundle?platform=web&dev=true&hot=false&lazy=true&transform.engine=hermes&transform.routerRoot=app&unstable_transformProfile=hermes-stable:105:21)
    at importAll (http://localhost:8083/index.ts.bundle?platform=web&dev=true&hot=false&lazy=true&transform.engine=hermes&transform.routerRoot=app&unstable_transformProfile=hermes-stable:153047:37)
    at asyncRequireImpl (http://localhost:8083/index.ts.bundle?platform=web&dev=true&hot=false&lazy=true&transform.engine=hermes&transform.routerRoot=app&unstable_transformProfile=hermes-stable:153055:16)
    at asyncRequire (http://localhost:8083/index.ts.bundle?platform=web&dev=true&hot=false&lazy=true&transform.engine=hermes&transform.routerRoot=app&unstable_transformProfile=hermes-stable:153074:17)
    at initializeSslPinning (http://localhost:8083/index.ts.bundle?platform=web&dev=true&hot=false&lazy=true&transform.engine=hermes&transform.routerRoot=app&unstable_transformProfile=hermes-stable:223586:89)
    at initializeAppBootstrapState (http://localhost:8083/index.ts.bundle?platform=web&dev=true&hot=false&lazy=true&transform.engine=hermes&transform.routerRoot=app&unstable_transformProfile=hermes-stable:120335:96)
    at http://localhost:8083/index.ts.bundle?platform=web&dev=true&hot=false&lazy=true&transform.engine=hermes&transform.routerRoot=app&unstable_transformProfile=hermes-stable:120381:7
    at Object.react_stack_bottom_frame (http://localhost:8083/index.ts.bundle?platform=web&dev=true&hot=false&lazy=true&transform.engine=hermes&transform.routerRoot=app&unstable_transformProfile=hermes-stable:141303:20)
    at runWithFiberInDEV (http://localhost:8083/index.ts.bundle?platform=web&dev=true&hot=false&lazy=true&transform.engine=hermes&transform.routerRoot=app&unstable_transformProfile=hermes-stable:128591:70) @ http://localhost:8083/index.ts.bundle?platform=web&dev=true&hot=false&lazy=true&transform.engine=hermes&transform.routerRoot=app&unstable_transformProfile=hermes-stable:124750
[  149969ms] [INFO] [visually-complete] Home: 35249.0ms @ http://localhost:8083/index.ts.bundle?platform=web&dev=true&hot=false&lazy=true&transform.engine=hermes&transform.routerRoot=app&unstable_transformProfile=hermes-stable:124750
[  150057ms] [INFO] [telemetry] screen_view {screen: Home, session_id: 894425f5-7193-4efa-9463-f016360ad0d8, timestamp: 2026-09-03T00:40:35.619Z} @ http://localhost:8083/index.ts.bundle?platform=web&dev=true&hot=false&lazy=true&transform.engine=hermes&transform.routerRoot=app&unstable_transformProfile=hermes-stable:124750
[  150593ms] [ERROR] WebSocket connection to 'ws://localhost:4000/api/v1/realtime/ws?topics=' failed: HTTP Authentication failed; no valid credentials available @ http://localhost:8083/index.ts.bundle?platform=web&dev=true&hot=false&lazy=true&transform.engine=hermes&transform.routerRoot=app&unstable_transformProfile=hermes-stable:491568
[  151771ms] [ERROR] WebSocket connection to 'ws://localhost:4000/api/v1/realtime/ws?topics=' failed: HTTP Authentication failed; no valid credentials available @ http://localhost:8083/index.ts.bundle?platform=web&dev=true&hot=false&lazy=true&transform.engine=hermes&transform.routerRoot=app&unstable_transformProfile=hermes-stable:491568
[  151894ms] [ERROR] WebSocket connection to 'ws://localhost:4000/api/v1/realtime/ws?topics=' failed: HTTP Authentication failed; no valid credentials available @ http://localhost:8083/index.ts.bundle?platform=web&dev=true&hot=false&lazy=true&transform.engine=hermes&transform.routerRoot=app&unstable_transformProfile=hermes-stable:491568
[  154682ms] [ERROR] WebSocket connection to 'ws://localhost:4000/api/v1/realtime/ws?topics=' failed: HTTP Authentication failed; no valid credentials available @ http://localhost:8083/index.ts.bundle?platform=web&dev=true&hot=false&lazy=true&transform.engine=hermes&transform.routerRoot=app&unstable_transformProfile=hermes-stable:491568
[  159764ms] [ERROR] WebSocket connection to 'ws://localhost:4000/api/v1/realtime/ws?topics=' failed: HTTP Authentication failed; no valid credentials available @ http://localhost:8083/index.ts.bundle?platform=web&dev=true&hot=false&lazy=true&transform.engine=hermes&transform.routerRoot=app&unstable_transformProfile=hermes-stable:491568
[  161102ms] [ERROR] WebSocket connection to 'ws://localhost:4000/api/v1/realtime/ws?topics=' failed: HTTP Authentication failed; no valid credentials available @ http://localhost:8083/index.ts.bundle?platform=web&dev=true&hot=false&lazy=true&transform.engine=hermes&transform.routerRoot=app&unstable_transformProfile=hermes-stable:491568
[  162692ms] [ERROR] WebSocket connection to 'ws://localhost:4000/api/v1/realtime/ws?topics=' failed: HTTP Authentication failed; no valid credentials available @ http://localhost:8083/index.ts.bundle?platform=web&dev=true&hot=false&lazy=true&transform.engine=hermes&transform.routerRoot=app&unstable_transformProfile=hermes-stable:491568
[  162752ms] [ERROR] Failed to load resource: net::ERR_CONNECTION_TIMED_OUT @ http://10.0.2.2:4000/api/v1/auth/login:0
[  163013ms] [ERROR] Failed to load resource: net::ERR_CONNECTION_TIMED_OUT @ http://10.0.2.2:4000/api/v1/analytics/events/batch:0
[  164162ms] [ERROR] WebSocket connection to 'ws://localhost:4000/api/v1/realtime/ws?topics=' failed: HTTP Authentication failed; no valid credentials available @ http://localhost:8083/index.ts.bundle?platform=web&dev=true&hot=false&lazy=true&transform.engine=hermes&transform.routerRoot=app&unstable_transformProfile=hermes-stable:491568
[  165250ms] [ERROR] WebSocket connection to 'ws://localhost:4000/api/v1/realtime/ws?topics=' failed: HTTP Authentication failed; no valid credentials available @ http://localhost:8083/index.ts.bundle?platform=web&dev=true&hot=false&lazy=true&transform.engine=hermes&transform.routerRoot=app&unstable_transformProfile=hermes-stable:491568
[  167650ms] [ERROR] WebSocket connection to 'ws://localhost:4000/api/v1/realtime/ws?topics=' failed: HTTP Authentication failed; no valid credentials available @ http://localhost:8083/index.ts.bundle?platform=web&dev=true&hot=false&lazy=true&transform.engine=hermes&transform.routerRoot=app&unstable_transformProfile=hermes-stable:491568
[  168011ms] [WARNING] Found screens with the same name nested inside one another. Check:

MainTabs > Home, MainTabs > Home > Home,
MainTabs > Profile, MainTabs > Profile > Profile

This can cause confusing behavior during navigation. Consider using unique names for each screen instead. @ http://localhost:8083/index.ts.bundle?platform=web&dev=true&hot=false&lazy=true&transform.engine=hermes&transform.routerRoot=app&unstable_transformProfile=hermes-stable:124750
[  168012ms] [INFO] [telemetry] screen_view {screen: Profile, session_id: 894425f5-7193-4efa-9463-f016360ad0d8, timestamp: 2026-09-03T00:40:53.574Z} @ http://localhost:8083/index.ts.bundle?platform=web&dev=true&hot=false&lazy=true&transform.engine=hermes&transform.routerRoot=app&unstable_transformProfile=hermes-stable:124750
[  168013ms] [INFO] [telemetry] screen_view {screen: Profile, previous_screen: Home, params: Object, session_id: 894425f5-7193-4efa-9463-f016360ad0d8, timestamp: 2026-09-03T00:40:53.575Z} @ http://localhost:8083/index.ts.bundle?platform=web&dev=true&hot=false&lazy=true&transform.engine=hermes&transform.routerRoot=app&unstable_transformProfile=hermes-stable:124750
[  168118ms] [ERROR] Failed to load resource: the server responded with a status of 500 (Internal Server Error) @ http://localhost:4000/api/v1/sellers/seed_u1/reviews?limit=20:0
[  169380ms] [ERROR] Failed to load resource: the server responded with a status of 500 (Internal Server Error) @ http://localhost:4000/api/v1/sellers/seed_u1/reviews?limit=20:0
[  170083ms] [ERROR] WebSocket connection to 'ws://localhost:4000/api/v1/realtime/ws?topics=' failed: HTTP Authentication failed; no valid credentials available @ http://localhost:8083/index.ts.bundle?platform=web&dev=true&hot=false&lazy=true&transform.engine=hermes&transform.routerRoot=app&unstable_transformProfile=hermes-stable:491568
[  170387ms] [INFO] [telemetry] screen_view {screen: CoOwnHub, session_id: 894425f5-7193-4efa-9463-f016360ad0d8, timestamp: 2026-09-03T00:40:55.949Z} @ http://localhost:8083/index.ts.bundle?platform=web&dev=true&hot=false&lazy=true&transform.engine=hermes&transform.routerRoot=app&unstable_transformProfile=hermes-stable:124750
[  170387ms] [INFO] [telemetry] screen_view {screen: CoOwnHub, previous_screen: Profile, params: Object, session_id: 894425f5-7193-4efa-9463-f016360ad0d8, timestamp: 2026-09-03T00:40:55.950Z} @ http://localhost:8083/index.ts.bundle?platform=web&dev=true&hot=false&lazy=true&transform.engine=hermes&transform.routerRoot=app&unstable_transformProfile=hermes-stable:124750
[  170423ms] [WARNING] Animated: `useNativeDriver` is not supported because the native animated module is missing. Falling back to JS-based animation. To resolve this, add `RCTAnimation` module to this app, or remove `useNativeDriver`. Make sure to run `bundle exec pod install` first. Read more about autolinking: https://github.com/react-native-community/cli/blob/master/docs/autolinking.md @ http://localhost:8083/index.ts.bundle?platform=web&dev=true&hot=false&lazy=true&transform.engine=hermes&transform.routerRoot=app&unstable_transformProfile=hermes-stable:124750
[  171512ms] [ERROR] WebSocket connection to 'ws://localhost:4000/api/v1/realtime/ws?topics=' failed: HTTP Authentication failed; no valid credentials available @ http://localhost:8083/index.ts.bundle?platform=web&dev=true&hot=false&lazy=true&transform.engine=hermes&transform.routerRoot=app&unstable_transformProfile=hermes-stable:491568
[  171675ms] [ERROR] Failed to load resource: the server responded with a status of 500 (Internal Server Error) @ http://localhost:4000/api/v1/sellers/seed_u1/reviews?limit=20:0
[  172659ms] [ERROR] WebSocket connection to 'ws://localhost:4000/api/v1/realtime/ws?topics=' failed: HTTP Authentication failed; no valid credentials available @ http://localhost:8083/index.ts.bundle?platform=web&dev=true&hot=false&lazy=true&transform.engine=hermes&transform.routerRoot=app&unstable_transformProfile=hermes-stable:491568
[  174334ms] [INFO] [telemetry] screen_view {screen: CoOwnOnboarding, session_id: 894425f5-7193-4efa-9463-f016360ad0d8, timestamp: 2026-09-03T00:40:59.896Z} @ http://localhost:8083/index.ts.bundle?platform=web&dev=true&hot=false&lazy=true&transform.engine=hermes&transform.routerRoot=app&unstable_transformProfile=hermes-stable:124750
[  174335ms] [INFO] [telemetry] screen_view {screen: CoOwnOnboarding, previous_screen: CoOwnHub, params: Object, session_id: 894425f5-7193-4efa-9463-f016360ad0d8, timestamp: 2026-09-03T00:40:59.897Z} @ http://localhost:8083/index.ts.bundle?platform=web&dev=true&hot=false&lazy=true&transform.engine=hermes&transform.routerRoot=app&unstable_transformProfile=hermes-stable:124750
[  175864ms] [ERROR] WebSocket connection to 'ws://localhost:4000/api/v1/realtime/ws?topics=' failed: HTTP Authentication failed; no valid credentials available @ http://localhost:8083/index.ts.bundle?platform=web&dev=true&hot=false&lazy=true&transform.engine=hermes&transform.routerRoot=app&unstable_transformProfile=hermes-stable:491568
[  176285ms] [ERROR] WebSocket connection to 'ws://localhost:4000/api/v1/realtime/ws?topics=' failed: HTTP Authentication failed; no valid credentials available @ http://localhost:8083/index.ts.bundle?platform=web&dev=true&hot=false&lazy=true&transform.engine=hermes&transform.routerRoot=app&unstable_transformProfile=hermes-stable:491568
[  177515ms] [ERROR] WebSocket connection to 'ws://localhost:4000/api/v1/realtime/ws?topics=' failed: HTTP Authentication failed; no valid credentials available @ http://localhost:8083/index.ts.bundle?platform=web&dev=true&hot=false&lazy=true&transform.engine=hermes&transform.routerRoot=app&unstable_transformProfile=hermes-stable:491568
[  177535ms] [ERROR] WebSocket connection to 'ws://localhost:4000/api/v1/realtime/ws?topics=' failed: HTTP Authentication failed; no valid credentials available @ http://localhost:8083/index.ts.bundle?platform=web&dev=true&hot=false&lazy=true&transform.engine=hermes&transform.routerRoot=app&unstable_transformProfile=hermes-stable:491568
[  177542ms] [ERROR] Failed to load resource: the server responded with a status of 500 (Internal Server Error) @ http://localhost:4000/api/v1/sellers/seed_u1/reviews?limit=20:0
[  178556ms] [ERROR] Failed to load resource: the server responded with a status of 500 (Internal Server Error) @ http://localhost:4000/api/v1/sellers/seed_u1/reviews?limit=20:0
[  178732ms] [ERROR] WebSocket connection to 'ws://localhost:4000/api/v1/realtime/ws?topics=' failed: HTTP Authentication failed; no valid credentials available @ http://localhost:8083/index.ts.bundle?platform=web&dev=true&hot=false&lazy=true&transform.engine=hermes&transform.routerRoot=app&unstable_transformProfile=hermes-stable:491568
[  179155ms] [INFO] [telemetry] screen_view {screen: CoOwnHub, session_id: 894425f5-7193-4efa-9463-f016360ad0d8, timestamp: 2026-09-03T00:41:04.717Z} @ http://localhost:8083/index.ts.bundle?platform=web&dev=true&hot=false&lazy=true&transform.engine=hermes&transform.routerRoot=app&unstable_transformProfile=hermes-stable:124750
[  179156ms] [INFO] [telemetry] screen_view {screen: CoOwnHub, previous_screen: CoOwnOnboarding, params: Object, session_id: 894425f5-7193-4efa-9463-f016360ad0d8, timestamp: 2026-09-03T00:41:04.718Z} @ http://localhost:8083/index.ts.bundle?platform=web&dev=true&hot=false&lazy=true&transform.engine=hermes&transform.routerRoot=app&unstable_transformProfile=hermes-stable:124750
[  179690ms] [ERROR] WebSocket connection to 'ws://localhost:4000/api/v1/realtime/ws?topics=' failed: HTTP Authentication failed; no valid credentials available @ http://localhost:8083/index.ts.bundle?platform=web&dev=true&hot=false&lazy=true&transform.engine=hermes&transform.routerRoot=app&unstable_transformProfile=hermes-stable:491568
[  179714ms] [ERROR] Failed to load resource: the server responded with a status of 500 (Internal Server Error) @ http://localhost:4000/api/v1/sellers/seed_u1/reviews?limit=20:0
[  182167ms] [ERROR] Failed to load resource: the server responded with a status of 500 (Internal Server Error) @ http://localhost:4000/api/v1/sellers/seed_u1/reviews?limit=20:0
[  183545ms] [ERROR] WebSocket connection to 'ws://localhost:4000/api/v1/realtime/ws?topics=' failed: HTTP Authentication failed; no valid credentials available @ http://localhost:8083/index.ts.bundle?platform=web&dev=true&hot=false&lazy=true&transform.engine=hermes&transform.routerRoot=app&unstable_transformProfile=hermes-stable:491568
[  183684ms] [ERROR] WebSocket connection to 'ws://localhost:4000/api/v1/realtime/ws?topics=' failed: HTTP Authentication failed; no valid credentials available @ http://localhost:8083/index.ts.bundle?platform=web&dev=true&hot=false&lazy=true&transform.engine=hermes&transform.routerRoot=app&unstable_transformProfile=hermes-stable:491568
[  183777ms] [ERROR] Failed to load resource: net::ERR_CONNECTION_TIMED_OUT @ http://10.0.2.2:4000/api/v1/analytics/events/batch:0
[  184043ms] [ERROR] Failed to load resource: net::ERR_CONNECTION_TIMED_OUT @ http://10.0.2.2:4000/api/v1/analytics/events/batch:0
[  184046ms] [ERROR] Failed to load resource: the server responded with a status of 401 (Unauthorized) @ http://localhost:4000/api/v1/analytics/events/batch:0
[  184049ms] [ERROR] Failed to load resource: the server responded with a status of 401 (Unauthorized) @ http://localhost:4000/api/v1/analytics/events/batch:0
[  185041ms] [ERROR] WebSocket connection to 'ws://localhost:4000/api/v1/realtime/ws?topics=' failed: HTTP Authentication failed; no valid credentials available @ http://localhost:8083/index.ts.bundle?platform=web&dev=true&hot=false&lazy=true&transform.engine=hermes&transform.routerRoot=app&unstable_transformProfile=hermes-stable:491568
[  185416ms] [ERROR] WebSocket connection to 'ws://localhost:4000/api/v1/realtime/ws?topics=' failed: HTTP Authentication failed; no valid credentials available @ http://localhost:8083/index.ts.bundle?platform=web&dev=true&hot=false&lazy=true&transform.engine=hermes&transform.routerRoot=app&unstable_transformProfile=hermes-stable:491568
[  186609ms] [ERROR] WebSocket connection to 'ws://localhost:4000/api/v1/realtime/ws?topics=' failed: HTTP Authentication failed; no valid credentials available @ http://localhost:8083/index.ts.bundle?platform=web&dev=true&hot=false&lazy=true&transform.engine=hermes&transform.routerRoot=app&unstable_transformProfile=hermes-stable:491568
[  186950ms] [ERROR] WebSocket connection to 'ws://localhost:4000/api/v1/realtime/ws?topics=' failed: HTTP Authentication failed; no valid credentials available @ http://localhost:8083/index.ts.bundle?platform=web&dev=true&hot=false&lazy=true&transform.engine=hermes&transform.routerRoot=app&unstable_transformProfile=hermes-stable:491568
[  187335ms] [ERROR] Failed to load resource: the server responded with a status of 500 (Internal Server Error) @ http://localhost:4000/api/v1/sellers/seed_u1/reviews?limit=20:0
[  188059ms] [ERROR] WebSocket connection to 'ws://localhost:4000/api/v1/realtime/ws?topics=' failed: HTTP Authentication failed; no valid credentials available @ http://localhost:8083/index.ts.bundle?platform=web&dev=true&hot=false&lazy=true&transform.engine=hermes&transform.routerRoot=app&unstable_transformProfile=hermes-stable:491568
[  189359ms] [ERROR] Failed to load resource: the server responded with a status of 500 (Internal Server Error) @ http://localhost:4000/api/v1/sellers/seed_u1/reviews?limit=20:0
[  190232ms] [ERROR] WebSocket connection to 'ws://localhost:4000/api/v1/realtime/ws?topics=' failed: HTTP Authentication failed; no valid credentials available @ http://localhost:8083/index.ts.bundle?platform=web&dev=true&hot=false&lazy=true&transform.engine=hermes&transform.routerRoot=app&unstable_transformProfile=hermes-stable:491568
[  190397ms] [ERROR] Failed to load resource: the server responded with a status of 500 (Internal Server Error) @ http://localhost:4000/api/v1/sellers/seed_u1/reviews?limit=20:0
[  191120ms] [ERROR] WebSocket connection to 'ws://localhost:4000/api/v1/realtime/ws?topics=' failed: HTTP Authentication failed; no valid credentials available @ http://localhost:8083/index.ts.bundle?platform=web&dev=true&hot=false&lazy=true&transform.engine=hermes&transform.routerRoot=app&unstable_transformProfile=hermes-stable:491568
[  191900ms] [ERROR] WebSocket connection to 'ws://localhost:4000/api/v1/realtime/ws?topics=' failed: HTTP Authentication failed; no valid credentials available @ http://localhost:8083/index.ts.bundle?platform=web&dev=true&hot=false&lazy=true&transform.engine=hermes&transform.routerRoot=app&unstable_transformProfile=hermes-stable:491568
[  192398ms] [ERROR] WebSocket connection to 'ws://localhost:4000/api/v1/realtime/ws?topics=' failed: HTTP Authentication failed; no valid credentials available @ http://localhost:8083/index.ts.bundle?platform=web&dev=true&hot=false&lazy=true&transform.engine=hermes&transform.routerRoot=app&unstable_transformProfile=hermes-stable:491568
[  192556ms] [ERROR] WebSocket connection to 'ws://localhost:4000/api/v1/realtime/ws?topics=' failed: HTTP Authentication failed; no valid credentials available @ http://localhost:8083/index.ts.bundle?platform=web&dev=true&hot=false&lazy=true&transform.engine=hermes&transform.routerRoot=app&unstable_transformProfile=hermes-stable:491568
[  192688ms] [ERROR] Failed to load resource: the server responded with a status of 500 (Internal Server Error) @ http://localhost:4000/api/v1/sellers/seed_u1/reviews?limit=20:0
[  193179ms] [ERROR] WebSocket connection to 'ws://localhost:4000/api/v1/realtime/ws?topics=' failed: HTTP Authentication failed; no valid credentials available @ http://localhost:8083/index.ts.bundle?platform=web&dev=true&hot=false&lazy=true&transform.engine=hermes&transform.routerRoot=app&unstable_transformProfile=hermes-stable:491568
[  194317ms] [ERROR] WebSocket connection to 'ws://localhost:4000/api/v1/realtime/ws?topics=' failed: HTTP Authentication failed; no valid credentials available @ http://localhost:8083/index.ts.bundle?platform=web&dev=true&hot=false&lazy=true&transform.engine=hermes&transform.routerRoot=app&unstable_transformProfile=hermes-stable:491568
[  196295ms] [ERROR] WebSocket connection to 'ws://localhost:4000/api/v1/realtime/ws?topics=' failed: HTTP Authentication failed; no valid credentials available @ http://localhost:8083/index.ts.bundle?platform=web&dev=true&hot=false&lazy=true&transform.engine=hermes&transform.routerRoot=app&unstable_transformProfile=hermes-stable:491568
[  196987ms] [ERROR] WebSocket connection to 'ws://localhost:4000/api/v1/realtime/ws?topics=' failed: HTTP Authentication failed; no valid credentials available @ http://localhost:8083/index.ts.bundle?platform=web&dev=true&hot=false&lazy=true&transform.engine=hermes&transform.routerRoot=app&unstable_transformProfile=hermes-stable:491568
[  197198ms] [ERROR] Failed to load resource: the server responded with a status of 500 (Internal Server Error) @ http://localhost:4000/api/v1/sellers/seed_u1/reviews?limit=20:0
[  198843ms] [ERROR] WebSocket connection to 'ws://localhost:4000/api/v1/realtime/ws?topics=' failed: HTTP Authentication failed; no valid credentials available @ http://localhost:8083/index.ts.bundle?platform=web&dev=true&hot=false&lazy=true&transform.engine=hermes&transform.routerRoot=app&unstable_transformProfile=hermes-stable:491568
[  199013ms] [ERROR] WebSocket connection to 'ws://localhost:4000/api/v1/realtime/ws?topics=' failed: HTTP Authentication failed; no valid credentials available @ http://localhost:8083/index.ts.bundle?platform=web&dev=true&hot=false&lazy=true&transform.engine=hermes&transform.routerRoot=app&unstable_transformProfile=hermes-stable:491568
[  199467ms] [ERROR] WebSocket connection to 'ws://localhost:4000/api/v1/realtime/ws?topics=' failed: HTTP Authentication failed; no valid credentials available @ http://localhost:8083/index.ts.bundle?platform=web&dev=true&hot=false&lazy=true&transform.engine=hermes&transform.routerRoot=app&unstable_transformProfile=hermes-stable:491568
[  200025ms] [ERROR] WebSocket connection to 'ws://localhost:4000/api/v1/realtime/ws?topics=' failed: HTTP Authentication failed; no valid credentials available @ http://localhost:8083/index.ts.bundle?platform=web&dev=true&hot=false&lazy=true&transform.engine=hermes&transform.routerRoot=app&unstable_transformProfile=hermes-stable:491568
[  200415ms] [ERROR] WebSocket connection to 'ws://localhost:4000/api/v1/realtime/ws?topics=' failed: HTTP Authentication failed; no valid credentials available @ http://localhost:8083/index.ts.bundle?platform=web&dev=true&hot=false&lazy=true&transform.engine=hermes&transform.routerRoot=app&unstable_transformProfile=hermes-stable:491568
[  200432ms] [ERROR] WebSocket connection to 'ws://localhost:4000/api/v1/realtime/ws?topics=' failed: HTTP Authentication failed; no valid credentials available @ http://localhost:8083/index.ts.bundle?platform=web&dev=true&hot=false&lazy=true&transform.engine=hermes&transform.routerRoot=app&unstable_transformProfile=hermes-stable:491568
[  201583ms] [ERROR] WebSocket connection to 'ws://localhost:4000/api/v1/realtime/ws?topics=' failed: HTTP Authentication failed; no valid credentials available @ http://localhost:8083/index.ts.bundle?platform=web&dev=true&hot=false&lazy=true&transform.engine=hermes&transform.routerRoot=app&unstable_transformProfile=hermes-stable:491568
[  203597ms] [ERROR] WebSocket connection to 'ws://localhost:4000/api/v1/realtime/ws?topics=' failed: HTTP Authentication failed; no valid credentials available @ http://localhost:8083/index.ts.bundle?platform=web&dev=true&hot=false&lazy=true&transform.engine=hermes&transform.routerRoot=app&unstable_transformProfile=hermes-stable:491568
[  204344ms] [ERROR] WebSocket connection to 'ws://localhost:4000/api/v1/realtime/ws?topics=' failed: HTTP Authentication failed; no valid credentials available @ http://localhost:8083/index.ts.bundle?platform=web&dev=true&hot=false&lazy=true&transform.engine=hermes&transform.routerRoot=app&unstable_transformProfile=hermes-stable:491568
[  204671ms] [ERROR] WebSocket connection to 'ws://localhost:4000/api/v1/realtime/ws?topics=' failed: HTTP Authentication failed; no valid credentials available @ http://localhost:8083/index.ts.bundle?platform=web&dev=true&hot=false&lazy=true&transform.engine=hermes&transform.routerRoot=app&unstable_transformProfile=hermes-stable:491568
[  205074ms] [INFO] [backendDiagnostics] sync — count=10 error=none baseUrl=http://localhost:4000/api/v1 @ http://localhost:8083/index.ts.bundle?platform=web&dev=true&hot=false&lazy=true&transform.engine=hermes&transform.routerRoot=app&unstable_transformProfile=hermes-stable:124750
[  205958ms] [ERROR] WebSocket connection to 'ws://localhost:4000/api/v1/realtime/ws?topics=' failed: HTTP Authentication failed; no valid credentials available @ http://localhost:8083/index.ts.bundle?platform=web&dev=true&hot=false&lazy=true&transform.engine=hermes&transform.routerRoot=app&unstable_transformProfile=hermes-stable:491568
[  207517ms] [ERROR] WebSocket connection to 'ws://localhost:4000/api/v1/realtime/ws?topics=' failed: HTTP Authentication failed; no valid credentials available @ http://localhost:8083/index.ts.bundle?platform=web&dev=true&hot=false&lazy=true&transform.engine=hermes&transform.routerRoot=app&unstable_transformProfile=hermes-stable:491568
[  208718ms] [ERROR] WebSocket connection to 'ws://localhost:4000/api/v1/realtime/ws?topics=' failed: HTTP Authentication failed; no valid credentials available @ http://localhost:8083/index.ts.bundle?platform=web&dev=true&hot=false&lazy=true&transform.engine=hermes&transform.routerRoot=app&unstable_transformProfile=hermes-stable:491568
[  209746ms] [ERROR] WebSocket connection to 'ws://localhost:4000/api/v1/realtime/ws?topics=' failed: HTTP Authentication failed; no valid credentials available @ http://localhost:8083/index.ts.bundle?platform=web&dev=true&hot=false&lazy=true&transform.engine=hermes&transform.routerRoot=app&unstable_transformProfile=hermes-stable:491568
[  210185ms] [ERROR] WebSocket connection to 'ws://localhost:4000/api/v1/realtime/ws?topics=' failed: HTTP Authentication failed; no valid credentials available @ http://localhost:8083/index.ts.bundle?platform=web&dev=true&hot=false&lazy=true&transform.engine=hermes&transform.routerRoot=app&unstable_transformProfile=hermes-stable:491568
[  214564ms] [ERROR] WebSocket connection to 'ws://localhost:4000/api/v1/realtime/ws?topics=' failed: HTTP Authentication failed; no valid credentials available @ http://localhost:8083/index.ts.bundle?platform=web&dev=true&hot=false&lazy=true&transform.engine=hermes&transform.routerRoot=app&unstable_transformProfile=hermes-stable:491568
[  216543ms] [ERROR] WebSocket connection to 'ws://localhost:4000/api/v1/realtime/ws?topics=' failed: HTTP Authentication failed; no valid credentials available @ http://localhost:8083/index.ts.bundle?platform=web&dev=true&hot=false&lazy=true&transform.engine=hermes&transform.routerRoot=app&unstable_transformProfile=hermes-stable:491568
[  219825ms] [ERROR] WebSocket connection to 'ws://localhost:4000/api/v1/realtime/ws?topics=' failed: HTTP Authentication failed; no valid credentials available @ http://localhost:8083/index.ts.bundle?platform=web&dev=true&hot=false&lazy=true&transform.engine=hermes&transform.routerRoot=app&unstable_transformProfile=hermes-stable:491568
[  221645ms] [ERROR] WebSocket connection to 'ws://localhost:4000/api/v1/realtime/ws?topics=' failed: HTTP Authentication failed; no valid credentials available @ http://localhost:8083/index.ts.bundle?platform=web&dev=true&hot=false&lazy=true&transform.engine=hermes&transform.routerRoot=app&unstable_transformProfile=hermes-stable:491568
[  224588ms] [ERROR] WebSocket connection to 'ws://localhost:4000/api/v1/realtime/ws?topics=' failed: HTTP Authentication failed; no valid credentials available @ http://localhost:8083/index.ts.bundle?platform=web&dev=true&hot=false&lazy=true&transform.engine=hermes&transform.routerRoot=app&unstable_transformProfile=hermes-stable:491568
[  229682ms] [ERROR] WebSocket connection to 'ws://localhost:4000/api/v1/realtime/ws?topics=' failed: HTTP Authentication failed; no valid credentials available @ http://localhost:8083/index.ts.bundle?platform=web&dev=true&hot=false&lazy=true&transform.engine=hermes&transform.routerRoot=app&unstable_transformProfile=hermes-stable:491568
[  235061ms] [ERROR] WebSocket connection to 'ws://localhost:4000/api/v1/realtime/ws?topics=' failed: HTTP Authentication failed; no valid credentials available @ http://localhost:8083/index.ts.bundle?platform=web&dev=true&hot=false&lazy=true&transform.engine=hermes&transform.routerRoot=app&unstable_transformProfile=hermes-stable:491568
[  239698ms] [ERROR] WebSocket connection to 'ws://localhost:4000/api/v1/realtime/ws?topics=' failed: HTTP Authentication failed; no valid credentials available @ http://localhost:8083/index.ts.bundle?platform=web&dev=true&hot=false&lazy=true&transform.engine=hermes&transform.routerRoot=app&unstable_transformProfile=hermes-stable:491568
[  244795ms] [ERROR] WebSocket connection to 'ws://localhost:4000/api/v1/realtime/ws?topics=' failed: HTTP Authentication failed; no valid credentials available @ http://localhost:8083/index.ts.bundle?platform=web&dev=true&hot=false&lazy=true&transform.engine=hermes&transform.routerRoot=app&unstable_transformProfile=hermes-stable:491568
[  250357ms] [ERROR] WebSocket connection to 'ws://localhost:4000/api/v1/realtime/ws?topics=' failed: HTTP Authentication failed; no valid credentials available @ http://localhost:8083/index.ts.bundle?platform=web&dev=true&hot=false&lazy=true&transform.engine=hermes&transform.routerRoot=app&unstable_transformProfile=hermes-stable:491568
[  255355ms] [ERROR] WebSocket connection to 'ws://localhost:4000/api/v1/realtime/ws?topics=' failed: HTTP Authentication failed; no valid credentials available @ http://localhost:8083/index.ts.bundle?platform=web&dev=true&hot=false&lazy=true&transform.engine=hermes&transform.routerRoot=app&unstable_transformProfile=hermes-stable:491568
[  260061ms] [INFO] [backendDiagnostics] sync — count=10 error=none baseUrl=http://localhost:4000/api/v1 @ http://localhost:8083/index.ts.bundle?platform=web&dev=true&hot=false&lazy=true&transform.engine=hermes&transform.routerRoot=app&unstable_transformProfile=hermes-stable:124750
[  260231ms] [ERROR] WebSocket connection to 'ws://localhost:4000/api/v1/realtime/ws?topics=' failed: HTTP Authentication failed; no valid credentials available @ http://localhost:8083/index.ts.bundle?platform=web&dev=true&hot=false&lazy=true&transform.engine=hermes&transform.routerRoot=app&unstable_transformProfile=hermes-stable:491568
[  261824ms] [ERROR] [GlobalError] FATAL TypeError: Cannot read properties of undefined (reading 'size')
    at __d.0 (http://127.0.0.1:63736/src/screens/AgeVerificationScreen.bundle//&platform=web&dev=true&hot=false&lazy=true&transform.engine=hermes&transform.routerRoot=app&unstable_transformProfile=hermes-stable&minify=false&modulesOnly=true&runModule=false&shallow=true:284:89)
    at loadModuleImplementation (http://localhost:8083/index.ts.bundle?platform=web&dev=true&hot=false&lazy=true&transform.engine=hermes&transform.routerRoot=app&unstable_transformProfile=hermes-stable:254:34)
    at guardedLoadModule (http://localhost:8083/index.ts.bundle?platform=web&dev=true&hot=false&lazy=true&transform.engine=hermes&transform.routerRoot=app&unstable_transformProfile=hermes-stable:159:23)
    at metroRequire (http://localhost:8083/index.ts.bundle?platform=web&dev=true&hot=false&lazy=true&transform.engine=hermes&transform.routerRoot=app&unstable_transformProfile=hermes-stable:79:75)
    at runUpdatedModule (http://localhost:8083/index.ts.bundle?platform=web&dev=true&hot=false&lazy=true&transform.engine=hermes&transform.routerRoot=app&unstable_transformProfile=hermes-stable:497:7)
    at metroHotUpdateModule (http://localhost:8083/index.ts.bundle?platform=web&dev=true&hot=false&lazy=true&transform.engine=hermes&transform.routerRoot=app&unstable_transformProfile=hermes-stable:387:26)
    at define (http://localhost:8083/index.ts.bundle?platform=web&dev=true&hot=false&lazy=true&transform.engine=hermes&transform.routerRoot=app&unstable_transformProfile=hermes-stable:33:18)
    at eval (http://127.0.0.1:63736/src/screens/AgeVerificationScreen.bundle//&platform=web&dev=true&hot=false&lazy=true&transform.engine=hermes&transform.routerRoot=app&unstable_transformProfile=hermes-stable&minify=false&modulesOnly=true&runModule=false&shallow=true:1:1)
    at inject (http://localhost:8083/index.ts.bundle?platform=web&dev=true&hot=false&lazy=true&transform.engine=hermes&transform.routerRoot=app&unstable_transformProfile=hermes-stable:125101:7)
    at Array.forEach (<anonymous>) @ http://localhost:8083/index.ts.bundle?platform=web&dev=true&hot=false&lazy=true&transform.engine=hermes&transform.routerRoot=app&unstable_transformProfile=hermes-stable:124750
[  261824ms] [INFO] [telemetry] global_js_error {error_message: Cannot read properties of undefined (reading 'size'), is_fatal: true, session_id: 894425f5-7193-4efa-9463-f016360ad0d8, timestamp: 2026-09-03T00:42:27.387Z} @ http://localhost:8083/index.ts.bundle?platform=web&dev=true&hot=false&lazy=true&transform.engine=hermes&transform.routerRoot=app&unstable_transformProfile=hermes-stable:124750
[  261826ms] TypeError: Cannot read properties of undefined (reading 'size')
    at __d.0 (http://127.0.0.1:63736/src/screens/AgeVerificationScreen.bundle//&platform=web&dev=true&hot=false&lazy=true&transform.engine=hermes&transform.routerRoot=app&unstable_transformProfile=hermes-stable&minify=false&modulesOnly=true&runModule=false&shallow=true:284:89)
    at loadModuleImplementation (http://localhost:8083/index.ts.bundle?platform=web&dev=true&hot=false&lazy=true&transform.engine=hermes&transform.routerRoot=app&unstable_transformProfile=hermes-stable:254:34)
    at guardedLoadModule (http://localhost:8083/index.ts.bundle?platform=web&dev=true&hot=false&lazy=true&transform.engine=hermes&transform.routerRoot=app&unstable_transformProfile=hermes-stable:159:23)
    at metroRequire (http://localhost:8083/index.ts.bundle?platform=web&dev=true&hot=false&lazy=true&transform.engine=hermes&transform.routerRoot=app&unstable_transformProfile=hermes-stable:79:75)
    at runUpdatedModule (http://localhost:8083/index.ts.bundle?platform=web&dev=true&hot=false&lazy=true&transform.engine=hermes&transform.routerRoot=app&unstable_transformProfile=hermes-stable:497:7)
    at metroHotUpdateModule (http://localhost:8083/index.ts.bundle?platform=web&dev=true&hot=false&lazy=true&transform.engine=hermes&transform.routerRoot=app&unstable_transformProfile=hermes-stable:387:26)
    at define (http://localhost:8083/index.ts.bundle?platform=web&dev=true&hot=false&lazy=true&transform.engine=hermes&transform.routerRoot=app&unstable_transformProfile=hermes-stable:33:18)
    at eval (http://127.0.0.1:63736/src/screens/AgeVerificationScreen.bundle//&platform=web&dev=true&hot=false&lazy=true&transform.engine=hermes&transform.routerRoot=app&unstable_transformProfile=hermes-stable&minify=false&modulesOnly=true&runModule=false&shallow=true:1:1)
    at inject (http://localhost:8083/index.ts.bundle?platform=web&dev=true&hot=false&lazy=true&transform.engine=hermes&transform.routerRoot=app&unstable_transformProfile=hermes-stable:125101:7)
    at Array.forEach (<anonymous>)
[  265003ms] [ERROR] WebSocket connection to 'ws://localhost:4000/api/v1/realtime/ws?topics=' failed: HTTP Authentication failed; no valid credentials available @ http://localhost:8083/index.ts.bundle?platform=web&dev=true&hot=false&lazy=true&transform.engine=hermes&transform.routerRoot=app&unstable_transformProfile=hermes-stable:491568
[  270610ms] [ERROR] WebSocket connection to 'ws://localhost:4000/api/v1/realtime/ws?topics=' failed: HTTP Authentication failed; no valid credentials available @ http://localhost:8083/index.ts.bundle?platform=web&dev=true&hot=false&lazy=true&transform.engine=hermes&transform.routerRoot=app&unstable_transformProfile=hermes-stable:491568
[  275396ms] [ERROR] WebSocket connection to 'ws://localhost:4000/api/v1/realtime/ws?topics=' failed: HTTP Authentication failed; no valid credentials available @ http://localhost:8083/index.ts.bundle?platform=web&dev=true&hot=false&lazy=true&transform.engine=hermes&transform.routerRoot=app&unstable_transformProfile=hermes-stable:491568
[  279886ms] [ERROR] WebSocket connection to 'ws://localhost:4000/api/v1/realtime/ws?topics=' failed: HTTP Authentication failed; no valid credentials available @ http://localhost:8083/index.ts.bundle?platform=web&dev=true&hot=false&lazy=true&transform.engine=hermes&transform.routerRoot=app&unstable_transformProfile=hermes-stable:491568
[  285614ms] [ERROR] WebSocket connection to 'ws://localhost:4000/api/v1/realtime/ws?topics=' failed: HTTP Authentication failed; no valid credentials available @ http://localhost:8083/index.ts.bundle?platform=web&dev=true&hot=false&lazy=true&transform.engine=hermes&transform.routerRoot=app&unstable_transformProfile=hermes-stable:491568
[  290321ms] [ERROR] WebSocket connection to 'ws://localhost:4000/api/v1/realtime/ws?topics=' failed: HTTP Authentication failed; no valid credentials available @ http://localhost:8083/index.ts.bundle?platform=web&dev=true&hot=false&lazy=true&transform.engine=hermes&transform.routerRoot=app&unstable_transformProfile=hermes-stable:491568
[  296472ms] [ERROR] WebSocket connection to 'ws://localhost:4000/api/v1/realtime/ws?topics=' failed: HTTP Authentication failed; no valid credentials available @ http://localhost:8083/index.ts.bundle?platform=web&dev=true&hot=false&lazy=true&transform.engine=hermes&transform.routerRoot=app&unstable_transformProfile=hermes-stable:491568
[  300738ms] [ERROR] WebSocket connection to 'ws://localhost:4000/api/v1/realtime/ws?topics=' failed: HTTP Authentication failed; no valid credentials available @ http://localhost:8083/index.ts.bundle?platform=web&dev=true&hot=false&lazy=true&transform.engine=hermes&transform.routerRoot=app&unstable_transformProfile=hermes-stable:491568
[  306852ms] [ERROR] WebSocket connection to 'ws://localhost:4000/api/v1/realtime/ws?topics=' failed: HTTP Authentication failed; no valid credentials available @ http://localhost:8083/index.ts.bundle?platform=web&dev=true&hot=false&lazy=true&transform.engine=hermes&transform.routerRoot=app&unstable_transformProfile=hermes-stable:491568
[  310444ms] [ERROR] WebSocket connection to 'ws://localhost:4000/api/v1/realtime/ws?topics=' failed: HTTP Authentication failed; no valid credentials available @ http://localhost:8083/index.ts.bundle?platform=web&dev=true&hot=false&lazy=true&transform.engine=hermes&transform.routerRoot=app&unstable_transformProfile=hermes-stable:491568
[  315077ms] [INFO] [backendDiagnostics] sync — count=10 error=none baseUrl=http://localhost:4000/api/v1 @ http://localhost:8083/index.ts.bundle?platform=web&dev=true&hot=false&lazy=true&transform.engine=hermes&transform.routerRoot=app&unstable_transformProfile=hermes-stable:124750
[  316111ms] [ERROR] WebSocket connection to 'ws://localhost:4000/api/v1/realtime/ws?topics=' failed: HTTP Authentication failed; no valid credentials available @ http://localhost:8083/index.ts.bundle?platform=web&dev=true&hot=false&lazy=true&transform.engine=hermes&transform.routerRoot=app&unstable_transformProfile=hermes-stable:491568
[  321900ms] [ERROR] WebSocket connection to 'ws://localhost:4000/api/v1/realtime/ws?topics=' failed: HTTP Authentication failed; no valid credentials available @ http://localhost:8083/index.ts.bundle?platform=web&dev=true&hot=false&lazy=true&transform.engine=hermes&transform.routerRoot=app&unstable_transformProfile=hermes-stable:491568
[  326654ms] [ERROR] WebSocket connection to 'ws://localhost:4000/api/v1/realtime/ws?topics=' failed: HTTP Authentication failed; no valid credentials available @ http://localhost:8083/index.ts.bundle?platform=web&dev=true&hot=false&lazy=true&transform.engine=hermes&transform.routerRoot=app&unstable_transformProfile=hermes-stable:491568
[  332331ms] [ERROR] WebSocket connection to 'ws://localhost:4000/api/v1/realtime/ws?topics=' failed: HTTP Authentication failed; no valid credentials available @ http://localhost:8083/index.ts.bundle?platform=web&dev=true&hot=false&lazy=true&transform.engine=hermes&transform.routerRoot=app&unstable_transformProfile=hermes-stable:491568
[  337484ms] [ERROR] WebSocket connection to 'ws://localhost:4000/api/v1/realtime/ws?topics=' failed: HTTP Authentication failed; no valid credentials available @ http://localhost:8083/index.ts.bundle?platform=web&dev=true&hot=false&lazy=true&transform.engine=hermes&transform.routerRoot=app&unstable_transformProfile=hermes-stable:491568
[  342209ms] [ERROR] WebSocket connection to 'ws://localhost:4000/api/v1/realtime/ws?topics=' failed: HTTP Authentication failed; no valid credentials available @ http://localhost:8083/index.ts.bundle?platform=web&dev=true&hot=false&lazy=true&transform.engine=hermes&transform.routerRoot=app&unstable_transformProfile=hermes-stable:491568
[  347149ms] [ERROR] WebSocket connection to 'ws://localhost:4000/api/v1/realtime/ws?topics=' failed: HTTP Authentication failed; no valid credentials available @ http://localhost:8083/index.ts.bundle?platform=web&dev=true&hot=false&lazy=true&transform.engine=hermes&transform.routerRoot=app&unstable_transformProfile=hermes-stable:491568
[  353341ms] [ERROR] WebSocket connection to 'ws://localhost:4000/api/v1/realtime/ws?topics=' failed: HTTP Authentication failed; no valid credentials available @ http://localhost:8083/index.ts.bundle?platform=web&dev=true&hot=false&lazy=true&transform.engine=hermes&transform.routerRoot=app&unstable_transformProfile=hermes-stable:491568
[  358493ms] [ERROR] WebSocket connection to 'ws://localhost:4000/api/v1/realtime/ws?topics=' failed: HTTP Authentication failed; no valid credentials available @ http://localhost:8083/index.ts.bundle?platform=web&dev=true&hot=false&lazy=true&transform.engine=hermes&transform.routerRoot=app&unstable_transformProfile=hermes-stable:491568
[  363216ms] [ERROR] WebSocket connection to 'ws://localhost:4000/api/v1/realtime/ws?topics=' failed: HTTP Authentication failed; no valid credentials available @ http://localhost:8083/index.ts.bundle?platform=web&dev=true&hot=false&lazy=true&transform.engine=hermes&transform.routerRoot=app&unstable_transformProfile=hermes-stable:491568
[  366441ms] [ERROR] WebSocket connection to 'ws://localhost:4000/api/v1/realtime/ws?topics=' failed: HTTP Authentication failed; no valid credentials available @ http://localhost:8083/index.ts.bundle?platform=web&dev=true&hot=false&lazy=true&transform.engine=hermes&transform.routerRoot=app&unstable_transformProfile=hermes-stable:491568
[  370057ms] [INFO] [backendDiagnostics] sync — count=10 error=none baseUrl=http://localhost:4000/api/v1 @ http://localhost:8083/index.ts.bundle?platform=web&dev=true&hot=false&lazy=true&transform.engine=hermes&transform.routerRoot=app&unstable_transformProfile=hermes-stable:124750
[  371766ms] [ERROR] WebSocket connection to 'ws://localhost:4000/api/v1/realtime/ws?topics=' failed: HTTP Authentication failed; no valid credentials available @ http://localhost:8083/index.ts.bundle?platform=web&dev=true&hot=false&lazy=true&transform.engine=hermes&transform.routerRoot=app&unstable_transformProfile=hermes-stable:491568
[  379149ms] [ERROR] WebSocket connection to 'ws://localhost:4000/api/v1/realtime/ws?topics=' failed: HTTP Authentication failed; no valid credentials available @ http://localhost:8083/index.ts.bundle?platform=web&dev=true&hot=false&lazy=true&transform.engine=hermes&transform.routerRoot=app&unstable_transformProfile=hermes-stable:491568
[  381491ms] [ERROR] WebSocket connection to 'ws://localhost:4000/api/v1/realtime/ws?topics=' failed: HTTP Authentication failed; no valid credentials available @ http://localhost:8083/index.ts.bundle?platform=web&dev=true&hot=false&lazy=true&transform.engine=hermes&transform.routerRoot=app&unstable_transformProfile=hermes-stable:491568
[  389204ms] [ERROR] WebSocket connection to 'ws://localhost:4000/api/v1/realtime/ws?topics=' failed: HTTP Authentication failed; no valid credentials available @ http://localhost:8083/index.ts.bundle?platform=web&dev=true&hot=false&lazy=true&transform.engine=hermes&transform.routerRoot=app&unstable_transformProfile=hermes-stable:491568
[  390528ms] [ERROR] WebSocket connection to 'ws://localhost:4000/api/v1/realtime/ws?topics=' failed: HTTP Authentication failed; no valid credentials available @ http://localhost:8083/index.ts.bundle?platform=web&dev=true&hot=false&lazy=true&transform.engine=hermes&transform.routerRoot=app&unstable_transformProfile=hermes-stable:491568
[  396048ms] [ERROR] WebSocket connection to 'ws://localhost:4000/api/v1/realtime/ws?topics=' failed: HTTP Authentication failed; no valid credentials available @ http://localhost:8083/index.ts.bundle?platform=web&dev=true&hot=false&lazy=true&transform.engine=hermes&transform.routerRoot=app&unstable_transformProfile=hermes-stable:491568
[  400827ms] [ERROR] WebSocket connection to 'ws://localhost:4000/api/v1/realtime/ws?topics=' failed: HTTP Authentication failed; no valid credentials available @ http://localhost:8083/index.ts.bundle?platform=web&dev=true&hot=false&lazy=true&transform.engine=hermes&transform.routerRoot=app&unstable_transformProfile=hermes-stable:491568
[  408641ms] [ERROR] WebSocket connection to 'ws://localhost:4000/api/v1/realtime/ws?topics=' failed: HTTP Authentication failed; no valid credentials available @ http://localhost:8083/index.ts.bundle?platform=web&dev=true&hot=false&lazy=true&transform.engine=hermes&transform.routerRoot=app&unstable_transformProfile=hermes-stable:491568
[  414076ms] [ERROR] WebSocket connection to 'ws://localhost:4000/api/v1/realtime/ws?topics=' failed: HTTP Authentication failed; no valid credentials available @ http://localhost:8083/index.ts.bundle?platform=web&dev=true&hot=false&lazy=true&transform.engine=hermes&transform.routerRoot=app&unstable_transformProfile=hermes-stable:491568
[  415642ms] [ERROR] WebSocket connection to 'ws://localhost:4000/api/v1/realtime/ws?topics=' failed: HTTP Authentication failed; no valid credentials available @ http://localhost:8083/index.ts.bundle?platform=web&dev=true&hot=false&lazy=true&transform.engine=hermes&transform.routerRoot=app&unstable_transformProfile=hermes-stable:491568
[  422465ms] [ERROR] WebSocket connection to 'ws://localhost:4000/api/v1/realtime/ws?topics=' failed: HTTP Authentication failed; no valid credentials available @ http://localhost:8083/index.ts.bundle?platform=web&dev=true&hot=false&lazy=true&transform.engine=hermes&transform.routerRoot=app&unstable_transformProfile=hermes-stable:491568
[  425066ms] [INFO] [backendDiagnostics] sync — count=10 error=none baseUrl=http://localhost:4000/api/v1 @ http://localhost:8083/index.ts.bundle?platform=web&dev=true&hot=false&lazy=true&transform.engine=hermes&transform.routerRoot=app&unstable_transformProfile=hermes-stable:124750
[  428567ms] [ERROR] WebSocket connection to 'ws://localhost:4000/api/v1/realtime/ws?topics=' failed: HTTP Authentication failed; no valid credentials available @ http://localhost:8083/index.ts.bundle?platform=web&dev=true&hot=false&lazy=true&transform.engine=hermes&transform.routerRoot=app&unstable_transformProfile=hermes-stable:491568
[  431237ms] [ERROR] WebSocket connection to 'ws://localhost:4000/api/v1/realtime/ws?topics=' failed: HTTP Authentication failed; no valid credentials available @ http://localhost:8083/index.ts.bundle?platform=web&dev=true&hot=false&lazy=true&transform.engine=hermes&transform.routerRoot=app&unstable_transformProfile=hermes-stable:491568
[  438024ms] [ERROR] WebSocket connection to 'ws://localhost:4000/api/v1/realtime/ws?topics=' failed: HTTP Authentication failed; no valid credentials available @ http://localhost:8083/index.ts.bundle?platform=web&dev=true&hot=false&lazy=true&transform.engine=hermes&transform.routerRoot=app&unstable_transformProfile=hermes-stable:491568
[  443589ms] [ERROR] WebSocket connection to 'ws://localhost:4000/api/v1/realtime/ws?topics=' failed: HTTP Authentication failed; no valid credentials available @ http://localhost:8083/index.ts.bundle?platform=web&dev=true&hot=false&lazy=true&transform.engine=hermes&transform.routerRoot=app&unstable_transformProfile=hermes-stable:491568
[  445730ms] [ERROR] WebSocket connection to 'ws://localhost:4000/api/v1/realtime/ws?topics=' failed: HTTP Authentication failed; no valid credentials available @ http://localhost:8083/index.ts.bundle?platform=web&dev=true&hot=false&lazy=true&transform.engine=hermes&transform.routerRoot=app&unstable_transformProfile=hermes-stable:491568
[  453579ms] [ERROR] WebSocket connection to 'ws://localhost:4000/api/v1/realtime/ws?topics=' failed: HTTP Authentication failed; no valid credentials available @ http://localhost:8083/index.ts.bundle?platform=web&dev=true&hot=false&lazy=true&transform.engine=hermes&transform.routerRoot=app&unstable_transformProfile=hermes-stable:491568
[  455541ms] [ERROR] WebSocket connection to 'ws://localhost:4000/api/v1/realtime/ws?topics=' failed: HTTP Authentication failed; no valid credentials available @ http://localhost:8083/index.ts.bundle?platform=web&dev=true&hot=false&lazy=true&transform.engine=hermes&transform.routerRoot=app&unstable_transformProfile=hermes-stable:491568
[  460797ms] [ERROR] WebSocket connection to 'ws://localhost:4000/api/v1/realtime/ws?topics=' failed: HTTP Authentication failed; no valid credentials available @ http://localhost:8083/index.ts.bundle?platform=web&dev=true&hot=false&lazy=true&transform.engine=hermes&transform.routerRoot=app&unstable_transformProfile=hermes-stable:491568
[  469179ms] [ERROR] WebSocket connection to 'ws://localhost:4000/api/v1/realtime/ws?topics=' failed: HTTP Authentication failed; no valid credentials available @ http://localhost:8083/index.ts.bundle?platform=web&dev=true&hot=false&lazy=true&transform.engine=hermes&transform.routerRoot=app&unstable_transformProfile=hermes-stable:491568
[  473269ms] [ERROR] WebSocket connection to 'ws://localhost:4000/api/v1/realtime/ws?topics=' failed: HTTP Authentication failed; no valid credentials available @ http://localhost:8083/index.ts.bundle?platform=web&dev=true&hot=false&lazy=true&transform.engine=hermes&transform.routerRoot=app&unstable_transformProfile=hermes-stable:491568
[  475924ms] [ERROR] WebSocket connection to 'ws://localhost:4000/api/v1/realtime/ws?topics=' failed: HTTP Authentication failed; no valid credentials available @ http://localhost:8083/index.ts.bundle?platform=web&dev=true&hot=false&lazy=true&transform.engine=hermes&transform.routerRoot=app&unstable_transformProfile=hermes-stable:491568
[  480068ms] [INFO] [backendDiagnostics] sync — count=10 error=none baseUrl=http://localhost:4000/api/v1 @ http://localhost:8083/index.ts.bundle?platform=web&dev=true&hot=false&lazy=true&transform.engine=hermes&transform.routerRoot=app&unstable_transformProfile=hermes-stable:124750
[  481389ms] [ERROR] WebSocket connection to 'ws://localhost:4000/api/v1/realtime/ws?topics=' failed: HTTP Authentication failed; no valid credentials available @ http://localhost:8083/index.ts.bundle?platform=web&dev=true&hot=false&lazy=true&transform.engine=hermes&transform.routerRoot=app&unstable_transformProfile=hermes-stable:491568
[  488503ms] [ERROR] WebSocket connection to 'ws://localhost:4000/api/v1/realtime/ws?topics=' failed: HTTP Authentication failed; no valid credentials available @ http://localhost:8083/index.ts.bundle?platform=web&dev=true&hot=false&lazy=true&transform.engine=hermes&transform.routerRoot=app&unstable_transformProfile=hermes-stable:491568
[  492068ms] [ERROR] WebSocket connection to 'ws://localhost:4000/api/v1/realtime/ws?topics=' failed: HTTP Authentication failed; no valid credentials available @ http://localhost:8083/index.ts.bundle?platform=web&dev=true&hot=false&lazy=true&transform.engine=hermes&transform.routerRoot=app&unstable_transformProfile=hermes-stable:491568
[  497757ms] [ERROR] WebSocket connection to 'ws://localhost:4000/api/v1/realtime/ws?topics=' failed: HTTP Authentication failed; no valid credentials available @ http://localhost:8083/index.ts.bundle?platform=web&dev=true&hot=false&lazy=true&transform.engine=hermes&transform.routerRoot=app&unstable_transformProfile=hermes-stable:491568
[  501382ms] [ERROR] WebSocket connection to 'ws://localhost:4000/api/v1/realtime/ws?topics=' failed: HTTP Authentication failed; no valid credentials available @ http://localhost:8083/index.ts.bundle?platform=web&dev=true&hot=false&lazy=true&transform.engine=hermes&transform.routerRoot=app&unstable_transformProfile=hermes-stable:491568
[  508391ms] [ERROR] WebSocket connection to 'ws://localhost:4000/api/v1/realtime/ws?topics=' failed: HTTP Authentication failed; no valid credentials available @ http://localhost:8083/index.ts.bundle?platform=web&dev=true&hot=false&lazy=true&transform.engine=hermes&transform.routerRoot=app&unstable_transformProfile=hermes-stable:491568
[  512604ms] [ERROR] WebSocket connection to 'ws://localhost:4000/api/v1/realtime/ws?topics=' failed: HTTP Authentication failed; no valid credentials available @ http://localhost:8083/index.ts.bundle?platform=web&dev=true&hot=false&lazy=true&transform.engine=hermes&transform.routerRoot=app&unstable_transformProfile=hermes-stable:491568
[  518707ms] [ERROR] WebSocket connection to 'ws://localhost:4000/api/v1/realtime/ws?topics=' failed: HTTP Authentication failed; no valid credentials available @ http://localhost:8083/index.ts.bundle?platform=web&dev=true&hot=false&lazy=true&transform.engine=hermes&transform.routerRoot=app&unstable_transformProfile=hermes-stable:491568
[  524333ms] [ERROR] WebSocket connection to 'ws://localhost:4000/api/v1/realtime/ws?topics=' failed: HTTP Authentication failed; no valid credentials available @ http://localhost:8083/index.ts.bundle?platform=web&dev=true&hot=false&lazy=true&transform.engine=hermes&transform.routerRoot=app&unstable_transformProfile=hermes-stable:491568
[  526149ms] [ERROR] WebSocket connection to 'ws://localhost:4000/api/v1/realtime/ws?topics=' failed: HTTP Authentication failed; no valid credentials available @ http://localhost:8083/index.ts.bundle?platform=web&dev=true&hot=false&lazy=true&transform.engine=hermes&transform.routerRoot=app&unstable_transformProfile=hermes-stable:491568
[  532479ms] [ERROR] WebSocket connection to 'ws://localhost:4000/api/v1/realtime/ws?topics=' failed: HTTP Authentication failed; no valid credentials available @ http://localhost:8083/index.ts.bundle?platform=web&dev=true&hot=false&lazy=true&transform.engine=hermes&transform.routerRoot=app&unstable_transformProfile=hermes-stable:491568
[  535076ms] [INFO] [backendDiagnostics] sync — count=10 error=none baseUrl=http://localhost:4000/api/v1 @ http://localhost:8083/index.ts.bundle?platform=web&dev=true&hot=false&lazy=true&transform.engine=hermes&transform.routerRoot=app&unstable_transformProfile=hermes-stable:124750
[  538914ms] [ERROR] WebSocket connection to 'ws://localhost:4000/api/v1/realtime/ws?topics=' failed: HTTP Authentication failed; no valid credentials available @ http://localhost:8083/index.ts.bundle?platform=web&dev=true&hot=false&lazy=true&transform.engine=hermes&transform.routerRoot=app&unstable_transformProfile=hermes-stable:491568
[  541641ms] [ERROR] WebSocket connection to 'ws://localhost:4000/api/v1/realtime/ws?topics=' failed: HTTP Authentication failed; no valid credentials available @ http://localhost:8083/index.ts.bundle?platform=web&dev=true&hot=false&lazy=true&transform.engine=hermes&transform.routerRoot=app&unstable_transformProfile=hermes-stable:491568
[  547336ms] [ERROR] WebSocket connection to 'ws://localhost:4000/api/v1/realtime/ws?topics=' failed: HTTP Authentication failed; no valid credentials available @ http://localhost:8083/index.ts.bundle?platform=web&dev=true&hot=false&lazy=true&transform.engine=hermes&transform.routerRoot=app&unstable_transformProfile=hermes-stable:491568
[  553129ms] [ERROR] WebSocket connection to 'ws://localhost:4000/api/v1/realtime/ws?topics=' failed: HTTP Authentication failed; no valid credentials available @ http://localhost:8083/index.ts.bundle?platform=web&dev=true&hot=false&lazy=true&transform.engine=hermes&transform.routerRoot=app&unstable_transformProfile=hermes-stable:491568
[  557487ms] [ERROR] WebSocket connection to 'ws://localhost:4000/api/v1/realtime/ws?topics=' failed: HTTP Authentication failed; no valid credentials available @ http://localhost:8083/index.ts.bundle?platform=web&dev=true&hot=false&lazy=true&transform.engine=hermes&transform.routerRoot=app&unstable_transformProfile=hermes-stable:491568
[  561494ms] [ERROR] WebSocket connection to 'ws://localhost:4000/api/v1/realtime/ws?topics=' failed: HTTP Authentication failed; no valid credentials available @ http://localhost:8083/index.ts.bundle?platform=web&dev=true&hot=false&lazy=true&transform.engine=hermes&transform.routerRoot=app&unstable_transformProfile=hermes-stable:491568
[  569333ms] [ERROR] WebSocket connection to 'ws://localhost:4000/api/v1/realtime/ws?topics=' failed: HTTP Authentication failed; no valid credentials available @ http://localhost:8083/index.ts.bundle?platform=web&dev=true&hot=false&lazy=true&transform.engine=hermes&transform.routerRoot=app&unstable_transformProfile=hermes-stable:491568
[  574080ms] [ERROR] WebSocket connection to 'ws://localhost:4000/api/v1/realtime/ws?topics=' failed: HTTP Authentication failed; no valid credentials available @ http://localhost:8083/index.ts.bundle?platform=web&dev=true&hot=false&lazy=true&transform.engine=hermes&transform.routerRoot=app&unstable_transformProfile=hermes-stable:491568
[  577546ms] [ERROR] WebSocket connection to 'ws://localhost:4000/api/v1/realtime/ws?topics=' failed: HTTP Authentication failed; no valid credentials available @ http://localhost:8083/index.ts.bundle?platform=web&dev=true&hot=false&lazy=true&transform.engine=hermes&transform.routerRoot=app&unstable_transformProfile=hermes-stable:491568
[  584070ms] [ERROR] WebSocket connection to 'ws://localhost:4000/api/v1/realtime/ws?topics=' failed: HTTP Authentication failed; no valid credentials available @ http://localhost:8083/index.ts.bundle?platform=web&dev=true&hot=false&lazy=true&transform.engine=hermes&transform.routerRoot=app&unstable_transformProfile=hermes-stable:491568
[  587697ms] [ERROR] WebSocket connection to 'ws://localhost:4000/api/v1/realtime/ws?topics=' failed: HTTP Authentication failed; no valid credentials available @ http://localhost:8083/index.ts.bundle?platform=web&dev=true&hot=false&lazy=true&transform.engine=hermes&transform.routerRoot=app&unstable_transformProfile=hermes-stable:491568
[  590074ms] [INFO] [backendDiagnostics] sync — count=10 error=none baseUrl=http://localhost:4000/api/v1 @ http://localhost:8083/index.ts.bundle?platform=web&dev=true&hot=false&lazy=true&transform.engine=hermes&transform.routerRoot=app&unstable_transformProfile=hermes-stable:124750
[  593973ms] [ERROR] WebSocket connection to 'ws://localhost:4000/api/v1/realtime/ws?topics=' failed: HTTP Authentication failed; no valid credentials available @ http://localhost:8083/index.ts.bundle?platform=web&dev=true&hot=false&lazy=true&transform.engine=hermes&transform.routerRoot=app&unstable_transformProfile=hermes-stable:491568
[  596664ms] [ERROR] WebSocket connection to 'ws://localhost:4000/api/v1/realtime/ws?topics=' failed: HTTP Authentication failed; no valid credentials available @ http://localhost:8083/index.ts.bundle?platform=web&dev=true&hot=false&lazy=true&transform.engine=hermes&transform.routerRoot=app&unstable_transformProfile=hermes-stable:491568
[  602774ms] [ERROR] WebSocket connection to 'ws://localhost:4000/api/v1/realtime/ws?topics=' failed: HTTP Authentication failed; no valid credentials available @ http://localhost:8083/index.ts.bundle?platform=web&dev=true&hot=false&lazy=true&transform.engine=hermes&transform.routerRoot=app&unstable_transformProfile=hermes-stable:491568
[  608458ms] [ERROR] WebSocket connection to 'ws://localhost:4000/api/v1/realtime/ws?topics=' failed: HTTP Authentication failed; no valid credentials available @ http://localhost:8083/index.ts.bundle?platform=web&dev=true&hot=false&lazy=true&transform.engine=hermes&transform.routerRoot=app&unstable_transformProfile=hermes-stable:491568
[  611860ms] [ERROR] WebSocket connection to 'ws://localhost:4000/api/v1/realtime/ws?topics=' failed: HTTP Authentication failed; no valid credentials available @ http://localhost:8083/index.ts.bundle?platform=web&dev=true&hot=false&lazy=true&transform.engine=hermes&transform.routerRoot=app&unstable_transformProfile=hermes-stable:491568
[  618273ms] [ERROR] WebSocket connection to 'ws://localhost:4000/api/v1/realtime/ws?topics=' failed: HTTP Authentication failed; no valid credentials available @ http://localhost:8083/index.ts.bundle?platform=web&dev=true&hot=false&lazy=true&transform.engine=hermes&transform.routerRoot=app&unstable_transformProfile=hermes-stable:491568
[  621987ms] [ERROR] WebSocket connection to 'ws://localhost:4000/api/v1/realtime/ws?topics=' failed: HTTP Authentication failed; no valid credentials available @ http://localhost:8083/index.ts.bundle?platform=web&dev=true&hot=false&lazy=true&transform.engine=hermes&transform.routerRoot=app&unstable_transformProfile=hermes-stable:491568
[  628878ms] [ERROR] WebSocket connection to 'ws://localhost:4000/api/v1/realtime/ws?topics=' failed: HTTP Authentication failed; no valid credentials available @ http://localhost:8083/index.ts.bundle?platform=web&dev=true&hot=false&lazy=true&transform.engine=hermes&transform.routerRoot=app&unstable_transformProfile=hermes-stable:491568
[  634402ms] [ERROR] WebSocket connection to 'ws://localhost:4000/api/v1/realtime/ws?topics=' failed: HTTP Authentication failed; no valid credentials available @ http://localhost:8083/index.ts.bundle?platform=web&dev=true&hot=false&lazy=true&transform.engine=hermes&transform.routerRoot=app&unstable_transformProfile=hermes-stable:491568
[  635933ms] [ERROR] WebSocket connection to 'ws://localhost:4000/api/v1/realtime/ws?topics=' failed: HTTP Authentication failed; no valid credentials available @ http://localhost:8083/index.ts.bundle?platform=web&dev=true&hot=false&lazy=true&transform.engine=hermes&transform.routerRoot=app&unstable_transformProfile=hermes-stable:491568
[  643060ms] [ERROR] WebSocket connection to 'ws://localhost:4000/api/v1/realtime/ws?topics=' failed: HTTP Authentication failed; no valid credentials available @ http://localhost:8083/index.ts.bundle?platform=web&dev=true&hot=false&lazy=true&transform.engine=hermes&transform.routerRoot=app&unstable_transformProfile=hermes-stable:491568
[  645079ms] [INFO] [backendDiagnostics] sync — count=10 error=none baseUrl=http://localhost:4000/api/v1 @ http://localhost:8083/index.ts.bundle?platform=web&dev=true&hot=false&lazy=true&transform.engine=hermes&transform.routerRoot=app&unstable_transformProfile=hermes-stable:124750
[  647964ms] [ERROR] WebSocket connection to 'ws://localhost:4000/api/v1/realtime/ws?topics=' failed: HTTP Authentication failed; no valid credentials available @ http://localhost:8083/index.ts.bundle?platform=web&dev=true&hot=false&lazy=true&transform.engine=hermes&transform.routerRoot=app&unstable_transformProfile=hermes-stable:491568
[  651328ms] [ERROR] WebSocket connection to 'ws://localhost:4000/api/v1/realtime/ws?topics=' failed: HTTP Authentication failed; no valid credentials available @ http://localhost:8083/index.ts.bundle?platform=web&dev=true&hot=false&lazy=true&transform.engine=hermes&transform.routerRoot=app&unstable_transformProfile=hermes-stable:491568
[  655890ms] [ERROR] WebSocket connection to 'ws://localhost:4000/api/v1/realtime/ws?topics=' failed: HTTP Authentication failed; no valid credentials available @ http://localhost:8083/index.ts.bundle?platform=web&dev=true&hot=false&lazy=true&transform.engine=hermes&transform.routerRoot=app&unstable_transformProfile=hermes-stable:491568
[  662120ms] [ERROR] WebSocket connection to 'ws://localhost:4000/api/v1/realtime/ws?topics=' failed: HTTP Authentication failed; no valid credentials available @ http://localhost:8083/index.ts.bundle?platform=web&dev=true&hot=false&lazy=true&transform.engine=hermes&transform.routerRoot=app&unstable_transformProfile=hermes-stable:491568
[  669384ms] [ERROR] WebSocket connection to 'ws://localhost:4000/api/v1/realtime/ws?topics=' failed: HTTP Authentication failed; no valid credentials available @ http://localhost:8083/index.ts.bundle?platform=web&dev=true&hot=false&lazy=true&transform.engine=hermes&transform.routerRoot=app&unstable_transformProfile=hermes-stable:491568
[  671535ms] [ERROR] WebSocket connection to 'ws://localhost:4000/api/v1/realtime/ws?topics=' failed: HTTP Authentication failed; no valid credentials available @ http://localhost:8083/index.ts.bundle?platform=web&dev=true&hot=false&lazy=true&transform.engine=hermes&transform.routerRoot=app&unstable_transformProfile=hermes-stable:491568
[  678983ms] [ERROR] WebSocket connection to 'ws://localhost:4000/api/v1/realtime/ws?topics=' failed: HTTP Authentication failed; no valid credentials available @ http://localhost:8083/index.ts.bundle?platform=web&dev=true&hot=false&lazy=true&transform.engine=hermes&transform.routerRoot=app&unstable_transformProfile=hermes-stable:491568
[  682943ms] [ERROR] WebSocket connection to 'ws://localhost:4000/api/v1/realtime/ws?topics=' failed: HTTP Authentication failed; no valid credentials available @ http://localhost:8083/index.ts.bundle?platform=web&dev=true&hot=false&lazy=true&transform.engine=hermes&transform.routerRoot=app&unstable_transformProfile=hermes-stable:491568
[  687486ms] [ERROR] WebSocket connection to 'ws://localhost:4000/api/v1/realtime/ws?topics=' failed: HTTP Authentication failed; no valid credentials available @ http://localhost:8083/index.ts.bundle?platform=web&dev=true&hot=false&lazy=true&transform.engine=hermes&transform.routerRoot=app&unstable_transformProfile=hermes-stable:491568
[  692194ms] [ERROR] WebSocket connection to 'ws://localhost:4000/api/v1/realtime/ws?topics=' failed: HTTP Authentication failed; no valid credentials available @ http://localhost:8083/index.ts.bundle?platform=web&dev=true&hot=false&lazy=true&transform.engine=hermes&transform.routerRoot=app&unstable_transformProfile=hermes-stable:491568
[  695779ms] [ERROR] WebSocket connection to 'ws://localhost:4000/api/v1/realtime/ws?topics=' failed: HTTP Authentication failed; no valid credentials available @ http://localhost:8083/index.ts.bundle?platform=web&dev=true&hot=false&lazy=true&transform.engine=hermes&transform.routerRoot=app&unstable_transformProfile=hermes-stable:491568
[  700080ms] [INFO] [backendDiagnostics] sync — count=10 error=none baseUrl=http://localhost:4000/api/v1 @ http://localhost:8083/index.ts.bundle?platform=web&dev=true&hot=false&lazy=true&transform.engine=hermes&transform.routerRoot=app&unstable_transformProfile=hermes-stable:124750
[  700624ms] [ERROR] WebSocket connection to 'ws://localhost:4000/api/v1/realtime/ws?topics=' failed: HTTP Authentication failed; no valid credentials available @ http://localhost:8083/index.ts.bundle?platform=web&dev=true&hot=false&lazy=true&transform.engine=hermes&transform.routerRoot=app&unstable_transformProfile=hermes-stable:491568
[  708265ms] [ERROR] WebSocket connection to 'ws://localhost:4000/api/v1/realtime/ws?topics=' failed: HTTP Authentication failed; no valid credentials available @ http://localhost:8083/index.ts.bundle?platform=web&dev=true&hot=false&lazy=true&transform.engine=hermes&transform.routerRoot=app&unstable_transformProfile=hermes-stable:491568
[  713300ms] [ERROR] WebSocket connection to 'ws://localhost:4000/api/v1/realtime/ws?topics=' failed: HTTP Authentication failed; no valid credentials available @ http://localhost:8083/index.ts.bundle?platform=web&dev=true&hot=false&lazy=true&transform.engine=hermes&transform.routerRoot=app&unstable_transformProfile=hermes-stable:491568
[  715565ms] [ERROR] WebSocket connection to 'ws://localhost:4000/api/v1/realtime/ws?topics=' failed: HTTP Authentication failed; no valid credentials available @ http://localhost:8083/index.ts.bundle?platform=web&dev=true&hot=false&lazy=true&transform.engine=hermes&transform.routerRoot=app&unstable_transformProfile=hermes-stable:491568
[  724241ms] [ERROR] WebSocket connection to 'ws://localhost:4000/api/v1/realtime/ws?topics=' failed: HTTP Authentication failed; no valid credentials available @ http://localhost:8083/index.ts.bundle?platform=web&dev=true&hot=false&lazy=true&transform.engine=hermes&transform.routerRoot=app&unstable_transformProfile=hermes-stable:491568
[  728726ms] [ERROR] WebSocket connection to 'ws://localhost:4000/api/v1/realtime/ws?topics=' failed: HTTP Authentication failed; no valid credentials available @ http://localhost:8083/index.ts.bundle?platform=web&dev=true&hot=false&lazy=true&transform.engine=hermes&transform.routerRoot=app&unstable_transformProfile=hermes-stable:491568
[  733808ms] [ERROR] WebSocket connection to 'ws://localhost:4000/api/v1/realtime/ws?topics=' failed: HTTP Authentication failed; no valid credentials available @ http://localhost:8083/index.ts.bundle?platform=web&dev=true&hot=false&lazy=true&transform.engine=hermes&transform.routerRoot=app&unstable_transformProfile=hermes-stable:491568
[  735781ms] [ERROR] WebSocket connection to 'ws://localhost:4000/api/v1/realtime/ws?topics=' failed: HTTP Authentication failed; no valid credentials available @ http://localhost:8083/index.ts.bundle?platform=web&dev=true&hot=false&lazy=true&transform.engine=hermes&transform.routerRoot=app&unstable_transformProfile=hermes-stable:491568
[  742095ms] [ERROR] WebSocket connection to 'ws://localhost:4000/api/v1/realtime/ws?topics=' failed: HTTP Authentication failed; no valid credentials available @ http://localhost:8083/index.ts.bundle?platform=web&dev=true&hot=false&lazy=true&transform.engine=hermes&transform.routerRoot=app&unstable_transformProfile=hermes-stable:491568
[  747156ms] [ERROR] WebSocket connection to 'ws://localhost:4000/api/v1/realtime/ws?topics=' failed: HTTP Authentication failed; no valid credentials available @ http://localhost:8083/index.ts.bundle?platform=web&dev=true&hot=false&lazy=true&transform.engine=hermes&transform.routerRoot=app&unstable_transformProfile=hermes-stable:491568
[  753579ms] [ERROR] WebSocket connection to 'ws://localhost:4000/api/v1/realtime/ws?topics=' failed: HTTP Authentication failed; no valid credentials available @ http://localhost:8083/index.ts.bundle?platform=web&dev=true&hot=false&lazy=true&transform.engine=hermes&transform.routerRoot=app&unstable_transformProfile=hermes-stable:491568
[  755061ms] [INFO] [backendDiagnostics] sync — count=10 error=none baseUrl=http://localhost:4000/api/v1 @ http://localhost:8083/index.ts.bundle?platform=web&dev=true&hot=false&lazy=true&transform.engine=hermes&transform.routerRoot=app&unstable_transformProfile=hermes-stable:124750
[  758233ms] [ERROR] WebSocket connection to 'ws://localhost:4000/api/v1/realtime/ws?topics=' failed: HTTP Authentication failed; no valid credentials available @ http://localhost:8083/index.ts.bundle?platform=web&dev=true&hot=false&lazy=true&transform.engine=hermes&transform.routerRoot=app&unstable_transformProfile=hermes-stable:491568
[  763926ms] [ERROR] WebSocket connection to 'ws://localhost:4000/api/v1/realtime/ws?topics=' failed: HTTP Authentication failed; no valid credentials available @ http://localhost:8083/index.ts.bundle?platform=web&dev=true&hot=false&lazy=true&transform.engine=hermes&transform.routerRoot=app&unstable_transformProfile=hermes-stable:491568
[  767636ms] [ERROR] WebSocket connection to 'ws://localhost:4000/api/v1/realtime/ws?topics=' failed: HTTP Authentication failed; no valid credentials available @ http://localhost:8083/index.ts.bundle?platform=web&dev=true&hot=false&lazy=true&transform.engine=hermes&transform.routerRoot=app&unstable_transformProfile=hermes-stable:491568
[  773783ms] [ERROR] WebSocket connection to 'ws://localhost:4000/api/v1/realtime/ws?topics=' failed: HTTP Authentication failed; no valid credentials available @ http://localhost:8083/index.ts.bundle?platform=web&dev=true&hot=false&lazy=true&transform.engine=hermes&transform.routerRoot=app&unstable_transformProfile=hermes-stable:491568
[  776838ms] [ERROR] WebSocket connection to 'ws://localhost:4000/api/v1/realtime/ws?topics=' failed: HTTP Authentication failed; no valid credentials available @ http://localhost:8083/index.ts.bundle?platform=web&dev=true&hot=false&lazy=true&transform.engine=hermes&transform.routerRoot=app&unstable_transformProfile=hermes-stable:491568
[  783355ms] [ERROR] WebSocket connection to 'ws://localhost:4000/api/v1/realtime/ws?topics=' failed: HTTP Authentication failed; no valid credentials available @ http://localhost:8083/index.ts.bundle?platform=web&dev=true&hot=false&lazy=true&transform.engine=hermes&transform.routerRoot=app&unstable_transformProfile=hermes-stable:491568
[  788644ms] [ERROR] WebSocket connection to 'ws://localhost:4000/api/v1/realtime/ws?topics=' failed: HTTP Authentication failed; no valid credentials available @ http://localhost:8083/index.ts.bundle?platform=web&dev=true&hot=false&lazy=true&transform.engine=hermes&transform.routerRoot=app&unstable_transformProfile=hermes-stable:491568
[  794073ms] [ERROR] WebSocket connection to 'ws://localhost:4000/api/v1/realtime/ws?topics=' failed: HTTP Authentication failed; no valid credentials available @ http://localhost:8083/index.ts.bundle?platform=web&dev=true&hot=false&lazy=true&transform.engine=hermes&transform.routerRoot=app&unstable_transformProfile=hermes-stable:491568
[  797178ms] [ERROR] WebSocket connection to 'ws://localhost:4000/api/v1/realtime/ws?topics=' failed: HTTP Authentication failed; no valid credentials available @ http://localhost:8083/index.ts.bundle?platform=web&dev=true&hot=false&lazy=true&transform.engine=hermes&transform.routerRoot=app&unstable_transformProfile=hermes-stable:491568
[  801765ms] [ERROR] WebSocket connection to 'ws://localhost:4000/api/v1/realtime/ws?topics=' failed: HTTP Authentication failed; no valid credentials available @ http://localhost:8083/index.ts.bundle?platform=web&dev=true&hot=false&lazy=true&transform.engine=hermes&transform.routerRoot=app&unstable_transformProfile=hermes-stable:491568
[  806532ms] [ERROR] WebSocket connection to 'ws://localhost:4000/api/v1/realtime/ws?topics=' failed: HTTP Authentication failed; no valid credentials available @ http://localhost:8083/index.ts.bundle?platform=web&dev=true&hot=false&lazy=true&transform.engine=hermes&transform.routerRoot=app&unstable_transformProfile=hermes-stable:491568
[  810067ms] [INFO] [backendDiagnostics] sync — count=10 error=none baseUrl=http://localhost:4000/api/v1 @ http://localhost:8083/index.ts.bundle?platform=web&dev=true&hot=false&lazy=true&transform.engine=hermes&transform.routerRoot=app&unstable_transformProfile=hermes-stable:124750
[  813564ms] [ERROR] WebSocket connection to 'ws://localhost:4000/api/v1/realtime/ws?topics=' failed: HTTP Authentication failed; no valid credentials available @ http://localhost:8083/index.ts.bundle?platform=web&dev=true&hot=false&lazy=true&transform.engine=hermes&transform.routerRoot=app&unstable_transformProfile=hermes-stable:491568
[  816284ms] [ERROR] WebSocket connection to 'ws://localhost:4000/api/v1/realtime/ws?topics=' failed: HTTP Authentication failed; no valid credentials available @ http://localhost:8083/index.ts.bundle?platform=web&dev=true&hot=false&lazy=true&transform.engine=hermes&transform.routerRoot=app&unstable_transformProfile=hermes-stable:491568
[  822155ms] [ERROR] WebSocket connection to 'ws://localhost:4000/api/v1/realtime/ws?topics=' failed: HTTP Authentication failed; no valid credentials available @ http://localhost:8083/index.ts.bundle?platform=web&dev=true&hot=false&lazy=true&transform.engine=hermes&transform.routerRoot=app&unstable_transformProfile=hermes-stable:491568
[  827588ms] [ERROR] WebSocket connection to 'ws://localhost:4000/api/v1/realtime/ws?topics=' failed: HTTP Authentication failed; no valid credentials available @ http://localhost:8083/index.ts.bundle?platform=web&dev=true&hot=false&lazy=true&transform.engine=hermes&transform.routerRoot=app&unstable_transformProfile=hermes-stable:491568
[  830957ms] [ERROR] WebSocket connection to 'ws://localhost:4000/api/v1/realtime/ws?topics=' failed: HTTP Authentication failed; no valid credentials available @ http://localhost:8083/index.ts.bundle?platform=web&dev=true&hot=false&lazy=true&transform.engine=hermes&transform.routerRoot=app&unstable_transformProfile=hermes-stable:491568
[  838265ms] [ERROR] WebSocket connection to 'ws://localhost:4000/api/v1/realtime/ws?topics=' failed: HTTP Authentication failed; no valid credentials available @ http://localhost:8083/index.ts.bundle?platform=web&dev=true&hot=false&lazy=true&transform.engine=hermes&transform.routerRoot=app&unstable_transformProfile=hermes-stable:491568
[  841608ms] [ERROR] WebSocket connection to 'ws://localhost:4000/api/v1/realtime/ws?topics=' failed: HTTP Authentication failed; no valid credentials available @ http://localhost:8083/index.ts.bundle?platform=web&dev=true&hot=false&lazy=true&transform.engine=hermes&transform.routerRoot=app&unstable_transformProfile=hermes-stable:491568
[  845951ms] [ERROR] WebSocket connection to 'ws://localhost:4000/api/v1/realtime/ws?topics=' failed: HTTP Authentication failed; no valid credentials available @ http://localhost:8083/index.ts.bundle?platform=web&dev=true&hot=false&lazy=true&transform.engine=hermes&transform.routerRoot=app&unstable_transformProfile=hermes-stable:491568
[  853310ms] [ERROR] WebSocket connection to 'ws://localhost:4000/api/v1/realtime/ws?topics=' failed: HTTP Authentication failed; no valid credentials available @ http://localhost:8083/index.ts.bundle?platform=web&dev=true&hot=false&lazy=true&transform.engine=hermes&transform.routerRoot=app&unstable_transformProfile=hermes-stable:491568
[  857288ms] [ERROR] WebSocket connection to 'ws://localhost:4000/api/v1/realtime/ws?topics=' failed: HTTP Authentication failed; no valid credentials available @ http://localhost:8083/index.ts.bundle?platform=web&dev=true&hot=false&lazy=true&transform.engine=hermes&transform.routerRoot=app&unstable_transformProfile=hermes-stable:491568
[  860499ms] [ERROR] WebSocket connection to 'ws://localhost:4000/api/v1/realtime/ws?topics=' failed: HTTP Authentication failed; no valid credentials available @ http://localhost:8083/index.ts.bundle?platform=web&dev=true&hot=false&lazy=true&transform.engine=hermes&transform.routerRoot=app&unstable_transformProfile=hermes-stable:491568
[  865079ms] [INFO] [backendDiagnostics] sync — count=10 error=none baseUrl=http://localhost:4000/api/v1 @ http://localhost:8083/index.ts.bundle?platform=web&dev=true&hot=false&lazy=true&transform.engine=hermes&transform.routerRoot=app&unstable_transformProfile=hermes-stable:124750
[  866480ms] [ERROR] WebSocket connection to 'ws://localhost:4000/api/v1/realtime/ws?topics=' failed: HTTP Authentication failed; no valid credentials available @ http://localhost:8083/index.ts.bundle?platform=web&dev=true&hot=false&lazy=true&transform.engine=hermes&transform.routerRoot=app&unstable_transformProfile=hermes-stable:491568
[  871199ms] [ERROR] WebSocket connection to 'ws://localhost:4000/api/v1/realtime/ws?topics=' failed: HTTP Authentication failed; no valid credentials available @ http://localhost:8083/index.ts.bundle?platform=web&dev=true&hot=false&lazy=true&transform.engine=hermes&transform.routerRoot=app&unstable_transformProfile=hermes-stable:491568
[  878317ms] [ERROR] WebSocket connection to 'ws://localhost:4000/api/v1/realtime/ws?topics=' failed: HTTP Authentication failed; no valid credentials available @ http://localhost:8083/index.ts.bundle?platform=web&dev=true&hot=false&lazy=true&transform.engine=hermes&transform.routerRoot=app&unstable_transformProfile=hermes-stable:491568
[  882916ms] [ERROR] WebSocket connection to 'ws://localhost:4000/api/v1/realtime/ws?topics=' failed: HTTP Authentication failed; no valid credentials available @ http://localhost:8083/index.ts.bundle?platform=web&dev=true&hot=false&lazy=true&transform.engine=hermes&transform.routerRoot=app&unstable_transformProfile=hermes-stable:491568
[  886085ms] [ERROR] WebSocket connection to 'ws://localhost:4000/api/v1/realtime/ws?topics=' failed: HTTP Authentication failed; no valid credentials available @ http://localhost:8083/index.ts.bundle?platform=web&dev=true&hot=false&lazy=true&transform.engine=hermes&transform.routerRoot=app&unstable_transformProfile=hermes-stable:491568
[  893334ms] [ERROR] WebSocket connection to 'ws://localhost:4000/api/v1/realtime/ws?topics=' failed: HTTP Authentication failed; no valid credentials available @ http://localhost:8083/index.ts.bundle?platform=web&dev=true&hot=false&lazy=true&transform.engine=hermes&transform.routerRoot=app&unstable_transformProfile=hermes-stable:491568
[  897569ms] [ERROR] WebSocket connection to 'ws://localhost:4000/api/v1/realtime/ws?topics=' failed: HTTP Authentication failed; no valid credentials available @ http://localhost:8083/index.ts.bundle?platform=web&dev=true&hot=false&lazy=true&transform.engine=hermes&transform.routerRoot=app&unstable_transformProfile=hermes-stable:491568
[  903410ms] [ERROR] WebSocket connection to 'ws://localhost:4000/api/v1/realtime/ws?topics=' failed: HTTP Authentication failed; no valid credentials available @ http://localhost:8083/index.ts.bundle?platform=web&dev=true&hot=false&lazy=true&transform.engine=hermes&transform.routerRoot=app&unstable_transformProfile=hermes-stable:491568
[  906080ms] [ERROR] WebSocket connection to 'ws://localhost:4000/api/v1/realtime/ws?topics=' failed: HTTP Authentication failed; no valid credentials available @ http://localhost:8083/index.ts.bundle?platform=web&dev=true&hot=false&lazy=true&transform.engine=hermes&transform.routerRoot=app&unstable_transformProfile=hermes-stable:491568
[  913217ms] [ERROR] WebSocket connection to 'ws://localhost:4000/api/v1/realtime/ws?topics=' failed: HTTP Authentication failed; no valid credentials available @ http://localhost:8083/index.ts.bundle?platform=web&dev=true&hot=false&lazy=true&transform.engine=hermes&transform.routerRoot=app&unstable_transformProfile=hermes-stable:491568
[  916389ms] [ERROR] WebSocket connection to 'ws://localhost:4000/api/v1/realtime/ws?topics=' failed: HTTP Authentication failed; no valid credentials available @ http://localhost:8083/index.ts.bundle?platform=web&dev=true&hot=false&lazy=true&transform.engine=hermes&transform.routerRoot=app&unstable_transformProfile=hermes-stable:491568
[  920057ms] [INFO] [backendDiagnostics] sync — count=10 error=none baseUrl=http://localhost:4000/api/v1 @ http://localhost:8083/index.ts.bundle?platform=web&dev=true&hot=false&lazy=true&transform.engine=hermes&transform.routerRoot=app&unstable_transformProfile=hermes-stable:124750
[  921133ms] [ERROR] WebSocket connection to 'ws://localhost:4000/api/v1/realtime/ws?topics=' failed: HTTP Authentication failed; no valid credentials available @ http://localhost:8083/index.ts.bundle?platform=web&dev=true&hot=false&lazy=true&transform.engine=hermes&transform.routerRoot=app&unstable_transformProfile=hermes-stable:491568
[  926702ms] [ERROR] WebSocket connection to 'ws://localhost:4000/api/v1/realtime/ws?topics=' failed: HTTP Authentication failed; no valid credentials available @ http://localhost:8083/index.ts.bundle?platform=web&dev=true&hot=false&lazy=true&transform.engine=hermes&transform.routerRoot=app&unstable_transformProfile=hermes-stable:491568
[  933310ms] [ERROR] WebSocket connection to 'ws://localhost:4000/api/v1/realtime/ws?topics=' failed: HTTP Authentication failed; no valid credentials available @ http://localhost:8083/index.ts.bundle?platform=web&dev=true&hot=false&lazy=true&transform.engine=hermes&transform.routerRoot=app&unstable_transformProfile=hermes-stable:491568
[  938173ms] [ERROR] WebSocket connection to 'ws://localhost:4000/api/v1/realtime/ws?topics=' failed: HTTP Authentication failed; no valid credentials available @ http://localhost:8083/index.ts.bundle?platform=web&dev=true&hot=false&lazy=true&transform.engine=hermes&transform.routerRoot=app&unstable_transformProfile=hermes-stable:491568
[  944356ms] [ERROR] WebSocket connection to 'ws://localhost:4000/api/v1/realtime/ws?topics=' failed: HTTP Authentication failed; no valid credentials available @ http://localhost:8083/index.ts.bundle?platform=web&dev=true&hot=false&lazy=true&transform.engine=hermes&transform.routerRoot=app&unstable_transformProfile=hermes-stable:491568
[  945726ms] [ERROR] WebSocket connection to 'ws://localhost:4000/api/v1/realtime/ws?topics=' failed: HTTP Authentication failed; no valid credentials available @ http://localhost:8083/index.ts.bundle?platform=web&dev=true&hot=false&lazy=true&transform.engine=hermes&transform.routerRoot=app&unstable_transformProfile=hermes-stable:491568
[  952894ms] [ERROR] WebSocket connection to 'ws://localhost:4000/api/v1/realtime/ws?topics=' failed: HTTP Authentication failed; no valid credentials available @ http://localhost:8083/index.ts.bundle?platform=web&dev=true&hot=false&lazy=true&transform.engine=hermes&transform.routerRoot=app&unstable_transformProfile=hermes-stable:491568
[  958111ms] [ERROR] WebSocket connection to 'ws://localhost:4000/api/v1/realtime/ws?topics=' failed: HTTP Authentication failed; no valid credentials available @ http://localhost:8083/index.ts.bundle?platform=web&dev=true&hot=false&lazy=true&transform.engine=hermes&transform.routerRoot=app&unstable_transformProfile=hermes-stable:491568
[  961713ms] [ERROR] WebSocket connection to 'ws://localhost:4000/api/v1/realtime/ws?topics=' failed: HTTP Authentication failed; no valid credentials available @ http://localhost:8083/index.ts.bundle?platform=web&dev=true&hot=false&lazy=true&transform.engine=hermes&transform.routerRoot=app&unstable_transformProfile=hermes-stable:491568
[  968732ms] [ERROR] WebSocket connection to 'ws://localhost:4000/api/v1/realtime/ws?topics=' failed: HTTP Authentication failed; no valid credentials available @ http://localhost:8083/index.ts.bundle?platform=web&dev=true&hot=false&lazy=true&transform.engine=hermes&transform.routerRoot=app&unstable_transformProfile=hermes-stable:491568
[  972925ms] [ERROR] WebSocket connection to 'ws://localhost:4000/api/v1/realtime/ws?topics=' failed: HTTP Authentication failed; no valid credentials available @ http://localhost:8083/index.ts.bundle?platform=web&dev=true&hot=false&lazy=true&transform.engine=hermes&transform.routerRoot=app&unstable_transformProfile=hermes-stable:491568
[  975065ms] [INFO] [backendDiagnostics] sync — count=10 error=none baseUrl=http://localhost:4000/api/v1 @ http://localhost:8083/index.ts.bundle?platform=web&dev=true&hot=false&lazy=true&transform.engine=hermes&transform.routerRoot=app&unstable_transformProfile=hermes-stable:124750
[  977123ms] [ERROR] WebSocket connection to 'ws://localhost:4000/api/v1/realtime/ws?topics=' failed: HTTP Authentication failed; no valid credentials available @ http://localhost:8083/index.ts.bundle?platform=web&dev=true&hot=false&lazy=true&transform.engine=hermes&transform.routerRoot=app&unstable_transformProfile=hermes-stable:491568
[  984431ms] [ERROR] WebSocket connection to 'ws://localhost:4000/api/v1/realtime/ws?topics=' failed: HTTP Authentication failed; no valid credentials available @ http://localhost:8083/index.ts.bundle?platform=web&dev=true&hot=false&lazy=true&transform.engine=hermes&transform.routerRoot=app&unstable_transformProfile=hermes-stable:491568
[  986110ms] [ERROR] WebSocket connection to 'ws://localhost:4000/api/v1/realtime/ws?topics=' failed: HTTP Authentication failed; no valid credentials available @ http://localhost:8083/index.ts.bundle?platform=web&dev=true&hot=false&lazy=true&transform.engine=hermes&transform.routerRoot=app&unstable_transformProfile=hermes-stable:491568
[  990518ms] [ERROR] WebSocket connection to 'ws://localhost:4000/api/v1/realtime/ws?topics=' failed: HTTP Authentication failed; no valid credentials available @ http://localhost:8083/index.ts.bundle?platform=web&dev=true&hot=false&lazy=true&transform.engine=hermes&transform.routerRoot=app&unstable_transformProfile=hermes-stable:491568
[  999132ms] [ERROR] WebSocket connection to 'ws://localhost:4000/api/v1/realtime/ws?topics=' failed: HTTP Authentication failed; no valid credentials available @ http://localhost:8083/index.ts.bundle?platform=web&dev=true&hot=false&lazy=true&transform.engine=hermes&transform.routerRoot=app&unstable_transformProfile=hermes-stable:491568
[ 1000607ms] [ERROR] WebSocket connection to 'ws://localhost:4000/api/v1/realtime/ws?topics=' failed: HTTP Authentication failed; no valid credentials available @ http://localhost:8083/index.ts.bundle?platform=web&dev=true&hot=false&lazy=true&transform.engine=hermes&transform.routerRoot=app&unstable_transformProfile=hermes-stable:491568
[ 1006459ms] [ERROR] WebSocket connection to 'ws://localhost:4000/api/v1/realtime/ws?topics=' failed: HTTP Authentication failed; no valid credentials available @ http://localhost:8083/index.ts.bundle?platform=web&dev=true&hot=false&lazy=true&transform.engine=hermes&transform.routerRoot=app&unstable_transformProfile=hermes-stable:491568
[ 1012430ms] [ERROR] WebSocket connection to 'ws://localhost:4000/api/v1/realtime/ws?topics=' failed: HTTP Authentication failed; no valid credentials available @ http://localhost:8083/index.ts.bundle?platform=web&dev=true&hot=false&lazy=true&transform.engine=hermes&transform.routerRoot=app&unstable_transformProfile=hermes-stable:491568
[ 1018718ms] [ERROR] WebSocket connection to 'ws://localhost:4000/api/v1/realtime/ws?topics=' failed: HTTP Authentication failed; no valid credentials available @ http://localhost:8083/index.ts.bundle?platform=web&dev=true&hot=false&lazy=true&transform.engine=hermes&transform.routerRoot=app&unstable_transformProfile=hermes-stable:491568
[ 1023849ms] [ERROR] WebSocket connection to 'ws://localhost:4000/api/v1/realtime/ws?topics=' failed: HTTP Authentication failed; no valid credentials available @ http://localhost:8083/index.ts.bundle?platform=web&dev=true&hot=false&lazy=true&transform.engine=hermes&transform.routerRoot=app&unstable_transformProfile=hermes-stable:491568
[ 1028413ms] [ERROR] WebSocket connection to 'ws://localhost:4000/api/v1/realtime/ws?topics=' failed: HTTP Authentication failed; no valid credentials available @ http://localhost:8083/index.ts.bundle?platform=web&dev=true&hot=false&lazy=true&transform.engine=hermes&transform.routerRoot=app&unstable_transformProfile=hermes-stable:491568
[ 1030073ms] [INFO] [backendDiagnostics] sync — count=10 error=none baseUrl=http://localhost:4000/api/v1 @ http://localhost:8083/index.ts.bundle?platform=web&dev=true&hot=false&lazy=true&transform.engine=hermes&transform.routerRoot=app&unstable_transformProfile=hermes-stable:124750
[ 1031173ms] [ERROR] WebSocket connection to 'ws://localhost:4000/api/v1/realtime/ws?topics=' failed: HTTP Authentication failed; no valid credentials available @ http://localhost:8083/index.ts.bundle?platform=web&dev=true&hot=false&lazy=true&transform.engine=hermes&transform.routerRoot=app&unstable_transformProfile=hermes-stable:491568
[ 1036684ms] [ERROR] WebSocket connection to 'ws://localhost:4000/api/v1/realtime/ws?topics=' failed: HTTP Authentication failed; no valid credentials available @ http://localhost:8083/index.ts.bundle?platform=web&dev=true&hot=false&lazy=true&transform.engine=hermes&transform.routerRoot=app&unstable_transformProfile=hermes-stable:491568
[ 1044146ms] [ERROR] WebSocket connection to 'ws://localhost:4000/api/v1/realtime/ws?topics=' failed: HTTP Authentication failed; no valid credentials available @ http://localhost:8083/index.ts.bundle?platform=web&dev=true&hot=false&lazy=true&transform.engine=hermes&transform.routerRoot=app&unstable_transformProfile=hermes-stable:491568
[ 1046773ms] [ERROR] WebSocket connection to 'ws://localhost:4000/api/v1/realtime/ws?topics=' failed: HTTP Authentication failed; no valid credentials available @ http://localhost:8083/index.ts.bundle?platform=web&dev=true&hot=false&lazy=true&transform.engine=hermes&transform.routerRoot=app&unstable_transformProfile=hermes-stable:491568
[ 1053735ms] [ERROR] WebSocket connection to 'ws://localhost:4000/api/v1/realtime/ws?topics=' failed: HTTP Authentication failed; no valid credentials available @ http://localhost:8083/index.ts.bundle?platform=web&dev=true&hot=false&lazy=true&transform.engine=hermes&transform.routerRoot=app&unstable_transformProfile=hermes-stable:491568
[ 1058910ms] [ERROR] WebSocket connection to 'ws://localhost:4000/api/v1/realtime/ws?topics=' failed: HTTP Authentication failed; no valid credentials available @ http://localhost:8083/index.ts.bundle?platform=web&dev=true&hot=false&lazy=true&transform.engine=hermes&transform.routerRoot=app&unstable_transformProfile=hermes-stable:491568
[ 1061018ms] [ERROR] WebSocket connection to 'ws://localhost:4000/api/v1/realtime/ws?topics=' failed: HTTP Authentication failed; no valid credentials available @ http://localhost:8083/index.ts.bundle?platform=web&dev=true&hot=false&lazy=true&transform.engine=hermes&transform.routerRoot=app&unstable_transformProfile=hermes-stable:491568
[ 1067661ms] [ERROR] WebSocket connection to 'ws://localhost:4000/api/v1/realtime/ws?topics=' failed: HTTP Authentication failed; no valid credentials available @ http://localhost:8083/index.ts.bundle?platform=web&dev=true&hot=false&lazy=true&transform.engine=hermes&transform.routerRoot=app&unstable_transformProfile=hermes-stable:491568
[ 1071370ms] [ERROR] WebSocket connection to 'ws://localhost:4000/api/v1/realtime/ws?topics=' failed: HTTP Authentication failed; no valid credentials available @ http://localhost:8083/index.ts.bundle?platform=web&dev=true&hot=false&lazy=true&transform.engine=hermes&transform.routerRoot=app&unstable_transformProfile=hermes-stable:491568
[ 1076357ms] [ERROR] WebSocket connection to 'ws://localhost:4000/api/v1/realtime/ws?topics=' failed: HTTP Authentication failed; no valid credentials available @ http://localhost:8083/index.ts.bundle?platform=web&dev=true&hot=false&lazy=true&transform.engine=hermes&transform.routerRoot=app&unstable_transformProfile=hermes-stable:491568
[ 1081309ms] [ERROR] WebSocket connection to 'ws://localhost:4000/api/v1/realtime/ws?topics=' failed: HTTP Authentication failed; no valid credentials available @ http://localhost:8083/index.ts.bundle?platform=web&dev=true&hot=false&lazy=true&transform.engine=hermes&transform.routerRoot=app&unstable_transformProfile=hermes-stable:491568
[ 1085089ms] [INFO] [backendDiagnostics] sync — count=10 error=none baseUrl=http://localhost:4000/api/v1 @ http://localhost:8083/index.ts.bundle?platform=web&dev=true&hot=false&lazy=true&transform.engine=hermes&transform.routerRoot=app&unstable_transformProfile=hermes-stable:124750
[ 1088992ms] [ERROR] WebSocket connection to 'ws://localhost:4000/api/v1/realtime/ws?topics=' failed: HTTP Authentication failed; no valid credentials available @ http://localhost:8083/index.ts.bundle?platform=web&dev=true&hot=false&lazy=true&transform.engine=hermes&transform.routerRoot=app&unstable_transformProfile=hermes-stable:491568
[ 1093277ms] [ERROR] WebSocket connection to 'ws://localhost:4000/api/v1/realtime/ws?topics=' failed: HTTP Authentication failed; no valid credentials available @ http://localhost:8083/index.ts.bundle?platform=web&dev=true&hot=false&lazy=true&transform.engine=hermes&transform.routerRoot=app&unstable_transformProfile=hermes-stable:491568
[ 1096281ms] [ERROR] WebSocket connection to 'ws://localhost:4000/api/v1/realtime/ws?topics=' failed: HTTP Authentication failed; no valid credentials available @ http://localhost:8083/index.ts.bundle?platform=web&dev=true&hot=false&lazy=true&transform.engine=hermes&transform.routerRoot=app&unstable_transformProfile=hermes-stable:491568
[ 1103415ms] [ERROR] WebSocket connection to 'ws://localhost:4000/api/v1/realtime/ws?topics=' failed: HTTP Authentication failed; no valid credentials available @ http://localhost:8083/index.ts.bundle?platform=web&dev=true&hot=false&lazy=true&transform.engine=hermes&transform.routerRoot=app&unstable_transformProfile=hermes-stable:491568
[ 1108441ms] [ERROR] WebSocket connection to 'ws://localhost:4000/api/v1/realtime/ws?topics=' failed: HTTP Authentication failed; no valid credentials available @ http://localhost:8083/index.ts.bundle?platform=web&dev=true&hot=false&lazy=true&transform.engine=hermes&transform.routerRoot=app&unstable_transformProfile=hermes-stable:491568
[ 1110474ms] [ERROR] WebSocket connection to 'ws://localhost:4000/api/v1/realtime/ws?topics=' failed: HTTP Authentication failed; no valid credentials available @ http://localhost:8083/index.ts.bundle?platform=web&dev=true&hot=false&lazy=true&transform.engine=hermes&transform.routerRoot=app&unstable_transformProfile=hermes-stable:491568
[ 1116622ms] [ERROR] WebSocket connection to 'ws://localhost:4000/api/v1/realtime/ws?topics=' failed: HTTP Authentication failed; no valid credentials available @ http://localhost:8083/index.ts.bundle?platform=web&dev=true&hot=false&lazy=true&transform.engine=hermes&transform.routerRoot=app&unstable_transformProfile=hermes-stable:491568
[ 1121325ms] [ERROR] WebSocket connection to 'ws://localhost:4000/api/v1/realtime/ws?topics=' failed: HTTP Authentication failed; no valid credentials available @ http://localhost:8083/index.ts.bundle?platform=web&dev=true&hot=false&lazy=true&transform.engine=hermes&transform.routerRoot=app&unstable_transformProfile=hermes-stable:491568
[ 1127501ms] [ERROR] WebSocket connection to 'ws://localhost:4000/api/v1/realtime/ws?topics=' failed: HTTP Authentication failed; no valid credentials available @ http://localhost:8083/index.ts.bundle?platform=web&dev=true&hot=false&lazy=true&transform.engine=hermes&transform.routerRoot=app&unstable_transformProfile=hermes-stable:491568
[ 1132153ms] [ERROR] WebSocket connection to 'ws://localhost:4000/api/v1/realtime/ws?topics=' failed: HTTP Authentication failed; no valid credentials available @ http://localhost:8083/index.ts.bundle?platform=web&dev=true&hot=false&lazy=true&transform.engine=hermes&transform.routerRoot=app&unstable_transformProfile=hermes-stable:491568
[ 1136500ms] [ERROR] WebSocket connection to 'ws://localhost:4000/api/v1/realtime/ws?topics=' failed: HTTP Authentication failed; no valid credentials available @ http://localhost:8083/index.ts.bundle?platform=web&dev=true&hot=false&lazy=true&transform.engine=hermes&transform.routerRoot=app&unstable_transformProfile=hermes-stable:491568
[ 1140104ms] [INFO] [backendDiagnostics] sync — count=10 error=none baseUrl=http://localhost:4000/api/v1 @ http://localhost:8083/index.ts.bundle?platform=web&dev=true&hot=false&lazy=true&transform.engine=hermes&transform.routerRoot=app&unstable_transformProfile=hermes-stable:124750
[ 1140628ms] [ERROR] WebSocket connection to 'ws://localhost:4000/api/v1/realtime/ws?topics=' failed: HTTP Authentication failed; no valid credentials available @ http://localhost:8083/index.ts.bundle?platform=web&dev=true&hot=false&lazy=true&transform.engine=hermes&transform.routerRoot=app&unstable_transformProfile=hermes-stable:491568
[ 1148501ms] [ERROR] WebSocket connection to 'ws://localhost:4000/api/v1/realtime/ws?topics=' failed: HTTP Authentication failed; no valid credentials available @ http://localhost:8083/index.ts.bundle?platform=web&dev=true&hot=false&lazy=true&transform.engine=hermes&transform.routerRoot=app&unstable_transformProfile=hermes-stable:491568
[ 1153115ms] [ERROR] WebSocket connection to 'ws://localhost:4000/api/v1/realtime/ws?topics=' failed: HTTP Authentication failed; no valid credentials available @ http://localhost:8083/index.ts.bundle?platform=web&dev=true&hot=false&lazy=true&transform.engine=hermes&transform.routerRoot=app&unstable_transformProfile=hermes-stable:491568
[ 1159352ms] [ERROR] WebSocket connection to 'ws://localhost:4000/api/v1/realtime/ws?topics=' failed: HTTP Authentication failed; no valid credentials available @ http://localhost:8083/index.ts.bundle?platform=web&dev=true&hot=false&lazy=true&transform.engine=hermes&transform.routerRoot=app&unstable_transformProfile=hermes-stable:491568
[ 1161612ms] [ERROR] WebSocket connection to 'ws://localhost:4000/api/v1/realtime/ws?topics=' failed: HTTP Authentication failed; no valid credentials available @ http://localhost:8083/index.ts.bundle?platform=web&dev=true&hot=false&lazy=true&transform.engine=hermes&transform.routerRoot=app&unstable_transformProfile=hermes-stable:491568
[ 1166645ms] [ERROR] WebSocket connection to 'ws://localhost:4000/api/v1/realtime/ws?topics=' failed: HTTP Authentication failed; no valid credentials available @ http://localhost:8083/index.ts.bundle?platform=web&dev=true&hot=false&lazy=true&transform.engine=hermes&transform.routerRoot=app&unstable_transformProfile=hermes-stable:491568
[ 1172510ms] [ERROR] WebSocket connection to 'ws://localhost:4000/api/v1/realtime/ws?topics=' failed: HTTP Authentication failed; no valid credentials available @ http://localhost:8083/index.ts.bundle?platform=web&dev=true&hot=false&lazy=true&transform.engine=hermes&transform.routerRoot=app&unstable_transformProfile=hermes-stable:491568
[ 1177494ms] [ERROR] WebSocket connection to 'ws://localhost:4000/api/v1/realtime/ws?topics=' failed: HTTP Authentication failed; no valid credentials available @ http://localhost:8083/index.ts.bundle?platform=web&dev=true&hot=false&lazy=true&transform.engine=hermes&transform.routerRoot=app&unstable_transformProfile=hermes-stable:491568
[ 1184270ms] [ERROR] WebSocket connection to 'ws://localhost:4000/api/v1/realtime/ws?topics=' failed: HTTP Authentication failed; no valid credentials available @ http://localhost:8083/index.ts.bundle?platform=web&dev=true&hot=false&lazy=true&transform.engine=hermes&transform.routerRoot=app&unstable_transformProfile=hermes-stable:491568
[ 1189055ms] [ERROR] WebSocket connection to 'ws://localhost:4000/api/v1/realtime/ws?topics=' failed: HTTP Authentication failed; no valid credentials available @ http://localhost:8083/index.ts.bundle?platform=web&dev=true&hot=false&lazy=true&transform.engine=hermes&transform.routerRoot=app&unstable_transformProfile=hermes-stable:491568
[ 1192403ms] [ERROR] WebSocket connection to 'ws://localhost:4000/api/v1/realtime/ws?topics=' failed: HTTP Authentication failed; no valid credentials available @ http://localhost:8083/index.ts.bundle?platform=web&dev=true&hot=false&lazy=true&transform.engine=hermes&transform.routerRoot=app&unstable_transformProfile=hermes-stable:491568
[ 1195068ms] [INFO] [backendDiagnostics] sync — count=10 error=none baseUrl=http://localhost:4000/api/v1 @ http://localhost:8083/index.ts.bundle?platform=web&dev=true&hot=false&lazy=true&transform.engine=hermes&transform.routerRoot=app&unstable_transformProfile=hermes-stable:124750
[ 1198038ms] [ERROR] WebSocket connection to 'ws://localhost:4000/api/v1/realtime/ws?topics=' failed: HTTP Authentication failed; no valid credentials available @ http://localhost:8083/index.ts.bundle?platform=web&dev=true&hot=false&lazy=true&transform.engine=hermes&transform.routerRoot=app&unstable_transformProfile=hermes-stable:491568
[ 1203409ms] [ERROR] WebSocket connection to 'ws://localhost:4000/api/v1/realtime/ws?topics=' failed: HTTP Authentication failed; no valid credentials available @ http://localhost:8083/index.ts.bundle?platform=web&dev=true&hot=false&lazy=true&transform.engine=hermes&transform.routerRoot=app&unstable_transformProfile=hermes-stable:491568
[ 1206276ms] [ERROR] WebSocket connection to 'ws://localhost:4000/api/v1/realtime/ws?topics=' failed: HTTP Authentication failed; no valid credentials available @ http://localhost:8083/index.ts.bundle?platform=web&dev=true&hot=false&lazy=true&transform.engine=hermes&transform.routerRoot=app&unstable_transformProfile=hermes-stable:491568
[ 1211447ms] [ERROR] WebSocket connection to 'ws://localhost:4000/api/v1/realtime/ws?topics=' failed: HTTP Authentication failed; no valid credentials available @ http://localhost:8083/index.ts.bundle?platform=web&dev=true&hot=false&lazy=true&transform.engine=hermes&transform.routerRoot=app&unstable_transformProfile=hermes-stable:491568
[ 1218052ms] [ERROR] WebSocket connection to 'ws://localhost:4000/api/v1/realtime/ws?topics=' failed: HTTP Authentication failed; no valid credentials available @ http://localhost:8083/index.ts.bundle?platform=web&dev=true&hot=false&lazy=true&transform.engine=hermes&transform.routerRoot=app&unstable_transformProfile=hermes-stable:491568
[ 1223315ms] [ERROR] WebSocket connection to 'ws://localhost:4000/api/v1/realtime/ws?topics=' failed: HTTP Authentication failed; no valid credentials available @ http://localhost:8083/index.ts.bundle?platform=web&dev=true&hot=false&lazy=true&transform.engine=hermes&transform.routerRoot=app&unstable_transformProfile=hermes-stable:491568
[ 1227283ms] [ERROR] WebSocket connection to 'ws://localhost:4000/api/v1/realtime/ws?topics=' failed: HTTP Authentication failed; no valid credentials available @ http://localhost:8083/index.ts.bundle?platform=web&dev=true&hot=false&lazy=true&transform.engine=hermes&transform.routerRoot=app&unstable_transformProfile=hermes-stable:491568
[ 1231040ms] [ERROR] WebSocket connection to 'ws://localhost:4000/api/v1/realtime/ws?topics=' failed: HTTP Authentication failed; no valid credentials available @ http://localhost:8083/index.ts.bundle?platform=web&dev=true&hot=false&lazy=true&transform.engine=hermes&transform.routerRoot=app&unstable_transformProfile=hermes-stable:491568
[ 1237772ms] [ERROR] WebSocket connection to 'ws://localhost:4000/api/v1/realtime/ws?topics=' failed: HTTP Authentication failed; no valid credentials available @ http://localhost:8083/index.ts.bundle?platform=web&dev=true&hot=false&lazy=true&transform.engine=hermes&transform.routerRoot=app&unstable_transformProfile=hermes-stable:491568
[ 1241534ms] [ERROR] WebSocket connection to 'ws://localhost:4000/api/v1/realtime/ws?topics=' failed: HTTP Authentication failed; no valid credentials available @ http://localhost:8083/index.ts.bundle?platform=web&dev=true&hot=false&lazy=true&transform.engine=hermes&transform.routerRoot=app&unstable_transformProfile=hermes-stable:491568
[ 1246494ms] [ERROR] WebSocket connection to 'ws://localhost:4000/api/v1/realtime/ws?topics=' failed: HTTP Authentication failed; no valid credentials available @ http://localhost:8083/index.ts.bundle?platform=web&dev=true&hot=false&lazy=true&transform.engine=hermes&transform.routerRoot=app&unstable_transformProfile=hermes-stable:491568
[ 1250065ms] [INFO] [backendDiagnostics] sync — count=10 error=none baseUrl=http://localhost:4000/api/v1 @ http://localhost:8083/index.ts.bundle?platform=web&dev=true&hot=false&lazy=true&transform.engine=hermes&transform.routerRoot=app&unstable_transformProfile=hermes-stable:124750
[ 1253657ms] [ERROR] WebSocket connection to 'ws://localhost:4000/api/v1/realtime/ws?topics=' failed: HTTP Authentication failed; no valid credentials available @ http://localhost:8083/index.ts.bundle?platform=web&dev=true&hot=false&lazy=true&transform.engine=hermes&transform.routerRoot=app&unstable_transformProfile=hermes-stable:491568
[ 1256634ms] [ERROR] WebSocket connection to 'ws://localhost:4000/api/v1/realtime/ws?topics=' failed: HTTP Authentication failed; no valid credentials available @ http://localhost:8083/index.ts.bundle?platform=web&dev=true&hot=false&lazy=true&transform.engine=hermes&transform.routerRoot=app&unstable_transformProfile=hermes-stable:491568
[ 1262038ms] [ERROR] WebSocket connection to 'ws://localhost:4000/api/v1/realtime/ws?topics=' failed: HTTP Authentication failed; no valid credentials available @ http://localhost:8083/index.ts.bundle?platform=web&dev=true&hot=false&lazy=true&transform.engine=hermes&transform.routerRoot=app&unstable_transformProfile=hermes-stable:491568
[ 1267588ms] [ERROR] WebSocket connection to 'ws://localhost:4000/api/v1/realtime/ws?topics=' failed: HTTP Authentication failed; no valid credentials available @ http://localhost:8083/index.ts.bundle?platform=web&dev=true&hot=false&lazy=true&transform.engine=hermes&transform.routerRoot=app&unstable_transformProfile=hermes-stable:491568
[ 1272286ms] [ERROR] WebSocket connection to 'ws://localhost:4000/api/v1/realtime/ws?topics=' failed: HTTP Authentication failed; no valid credentials available @ http://localhost:8083/index.ts.bundle?platform=web&dev=true&hot=false&lazy=true&transform.engine=hermes&transform.routerRoot=app&unstable_transformProfile=hermes-stable:491568
[ 1277110ms] [ERROR] WebSocket connection to 'ws://localhost:4000/api/v1/realtime/ws?topics=' failed: HTTP Authentication failed; no valid credentials available @ http://localhost:8083/index.ts.bundle?platform=web&dev=true&hot=false&lazy=true&transform.engine=hermes&transform.routerRoot=app&unstable_transformProfile=hermes-stable:491568
[ 1281887ms] [ERROR] WebSocket connection to 'ws://localhost:4000/api/v1/realtime/ws?topics=' failed: HTTP Authentication failed; no valid credentials available @ http://localhost:8083/index.ts.bundle?platform=web&dev=true&hot=false&lazy=true&transform.engine=hermes&transform.routerRoot=app&unstable_transformProfile=hermes-stable:491568
[ 1286439ms] [ERROR] WebSocket connection to 'ws://localhost:4000/api/v1/realtime/ws?topics=' failed: HTTP Authentication failed; no valid credentials available @ http://localhost:8083/index.ts.bundle?platform=web&dev=true&hot=false&lazy=true&transform.engine=hermes&transform.routerRoot=app&unstable_transformProfile=hermes-stable:491568
[ 1291084ms] [ERROR] WebSocket connection to 'ws://localhost:4000/api/v1/realtime/ws?topics=' failed: HTTP Authentication failed; no valid credentials available @ http://localhost:8083/index.ts.bundle?platform=web&dev=true&hot=false&lazy=true&transform.engine=hermes&transform.routerRoot=app&unstable_transformProfile=hermes-stable:491568
[ 1296666ms] [ERROR] WebSocket connection to 'ws://localhost:4000/api/v1/realtime/ws?topics=' failed: HTTP Authentication failed; no valid credentials available @ http://localhost:8083/index.ts.bundle?platform=web&dev=true&hot=false&lazy=true&transform.engine=hermes&transform.routerRoot=app&unstable_transformProfile=hermes-stable:491568
[ 1301703ms] [ERROR] WebSocket connection to 'ws://localhost:4000/api/v1/realtime/ws?topics=' failed: HTTP Authentication failed; no valid credentials available @ http://localhost:8083/index.ts.bundle?platform=web&dev=true&hot=false&lazy=true&transform.engine=hermes&transform.routerRoot=app&unstable_transformProfile=hermes-stable:491568
[ 1305067ms] [INFO] [backendDiagnostics] sync — count=10 error=none baseUrl=http://localhost:4000/api/v1 @ http://localhost:8083/index.ts.bundle?platform=web&dev=true&hot=false&lazy=true&transform.engine=hermes&transform.routerRoot=app&unstable_transformProfile=hermes-stable:124750
[ 1306544ms] [ERROR] WebSocket connection to 'ws://localhost:4000/api/v1/realtime/ws?topics=' failed: HTTP Authentication failed; no valid credentials available @ http://localhost:8083/index.ts.bundle?platform=web&dev=true&hot=false&lazy=true&transform.engine=hermes&transform.routerRoot=app&unstable_transformProfile=hermes-stable:491568
[ 1311755ms] [ERROR] WebSocket connection to 'ws://localhost:4000/api/v1/realtime/ws?topics=' failed: HTTP Authentication failed; no valid credentials available @ http://localhost:8083/index.ts.bundle?platform=web&dev=true&hot=false&lazy=true&transform.engine=hermes&transform.routerRoot=app&unstable_transformProfile=hermes-stable:491568
[ 1315810ms] [ERROR] WebSocket connection to 'ws://localhost:4000/api/v1/realtime/ws?topics=' failed: HTTP Authentication failed; no valid credentials available @ http://localhost:8083/index.ts.bundle?platform=web&dev=true&hot=false&lazy=true&transform.engine=hermes&transform.routerRoot=app&unstable_transformProfile=hermes-stable:491568
[ 1322853ms] [ERROR] WebSocket connection to 'ws://localhost:4000/api/v1/realtime/ws?topics=' failed: HTTP Authentication failed; no valid credentials available @ http://localhost:8083/index.ts.bundle?platform=web&dev=true&hot=false&lazy=true&transform.engine=hermes&transform.routerRoot=app&unstable_transformProfile=hermes-stable:491568
[ 1325856ms] [ERROR] WebSocket connection to 'ws://localhost:4000/api/v1/realtime/ws?topics=' failed: HTTP Authentication failed; no valid credentials available @ http://localhost:8083/index.ts.bundle?platform=web&dev=true&hot=false&lazy=true&transform.engine=hermes&transform.routerRoot=app&unstable_transformProfile=hermes-stable:491568
[ 1332537ms] [ERROR] WebSocket connection to 'ws://localhost:4000/api/v1/realtime/ws?topics=' failed: HTTP Authentication failed; no valid credentials available @ http://localhost:8083/index.ts.bundle?platform=web&dev=true&hot=false&lazy=true&transform.engine=hermes&transform.routerRoot=app&unstable_transformProfile=hermes-stable:491568
[ 1335578ms] [ERROR] WebSocket connection to 'ws://localhost:4000/api/v1/realtime/ws?topics=' failed: HTTP Authentication failed; no valid credentials available @ http://localhost:8083/index.ts.bundle?platform=web&dev=true&hot=false&lazy=true&transform.engine=hermes&transform.routerRoot=app&unstable_transformProfile=hermes-stable:491568
[ 1344155ms] [ERROR] WebSocket connection to 'ws://localhost:4000/api/v1/realtime/ws?topics=' failed: HTTP Authentication failed; no valid credentials available @ http://localhost:8083/index.ts.bundle?platform=web&dev=true&hot=false&lazy=true&transform.engine=hermes&transform.routerRoot=app&unstable_transformProfile=hermes-stable:491568
[ 1345749ms] [ERROR] WebSocket connection to 'ws://localhost:4000/api/v1/realtime/ws?topics=' failed: HTTP Authentication failed; no valid credentials available @ http://localhost:8083/index.ts.bundle?platform=web&dev=true&hot=false&lazy=true&transform.engine=hermes&transform.routerRoot=app&unstable_transformProfile=hermes-stable:491568
[ 1352337ms] [ERROR] WebSocket connection to 'ws://localhost:4000/api/v1/realtime/ws?topics=' failed: HTTP Authentication failed; no valid credentials available @ http://localhost:8083/index.ts.bundle?platform=web&dev=true&hot=false&lazy=true&transform.engine=hermes&transform.routerRoot=app&unstable_transformProfile=hermes-stable:491568
[ 1356136ms] [ERROR] WebSocket connection to 'ws://localhost:4000/api/v1/realtime/ws?topics=' failed: HTTP Authentication failed; no valid credentials available @ http://localhost:8083/index.ts.bundle?platform=web&dev=true&hot=false&lazy=true&transform.engine=hermes&transform.routerRoot=app&unstable_transformProfile=hermes-stable:491568
[ 1360071ms] [INFO] [backendDiagnostics] sync — count=10 error=none baseUrl=http://localhost:4000/api/v1 @ http://localhost:8083/index.ts.bundle?platform=web&dev=true&hot=false&lazy=true&transform.engine=hermes&transform.routerRoot=app&unstable_transformProfile=hermes-stable:124750
[ 1360996ms] [ERROR] WebSocket connection to 'ws://localhost:4000/api/v1/realtime/ws?topics=' failed: HTTP Authentication failed; no valid credentials available @ http://localhost:8083/index.ts.bundle?platform=web&dev=true&hot=false&lazy=true&transform.engine=hermes&transform.routerRoot=app&unstable_transformProfile=hermes-stable:491568
[ 1368192ms] [ERROR] WebSocket connection to 'ws://localhost:4000/api/v1/realtime/ws?topics=' failed: HTTP Authentication failed; no valid credentials available @ http://localhost:8083/index.ts.bundle?platform=web&dev=true&hot=false&lazy=true&transform.engine=hermes&transform.routerRoot=app&unstable_transformProfile=hermes-stable:491568
[ 1374289ms] [ERROR] WebSocket connection to 'ws://localhost:4000/api/v1/realtime/ws?topics=' failed: HTTP Authentication failed; no valid credentials available @ http://localhost:8083/index.ts.bundle?platform=web&dev=true&hot=false&lazy=true&transform.engine=hermes&transform.routerRoot=app&unstable_transformProfile=hermes-stable:491568
[ 1377186ms] [ERROR] WebSocket connection to 'ws://localhost:4000/api/v1/realtime/ws?topics=' failed: HTTP Authentication failed; no valid credentials available @ http://localhost:8083/index.ts.bundle?platform=web&dev=true&hot=false&lazy=true&transform.engine=hermes&transform.routerRoot=app&unstable_transformProfile=hermes-stable:491568
[ 1383205ms] [ERROR] WebSocket connection to 'ws://localhost:4000/api/v1/realtime/ws?topics=' failed: HTTP Authentication failed; no valid credentials available @ http://localhost:8083/index.ts.bundle?platform=web&dev=true&hot=false&lazy=true&transform.engine=hermes&transform.routerRoot=app&unstable_transformProfile=hermes-stable:491568
[ 1387412ms] [ERROR] WebSocket connection to 'ws://localhost:4000/api/v1/realtime/ws?topics=' failed: HTTP Authentication failed; no valid credentials available @ http://localhost:8083/index.ts.bundle?platform=web&dev=true&hot=false&lazy=true&transform.engine=hermes&transform.routerRoot=app&unstable_transformProfile=hermes-stable:491568
[ 1393432ms] [ERROR] WebSocket connection to 'ws://localhost:4000/api/v1/realtime/ws?topics=' failed: HTTP Authentication failed; no valid credentials available @ http://localhost:8083/index.ts.bundle?platform=web&dev=true&hot=false&lazy=true&transform.engine=hermes&transform.routerRoot=app&unstable_transformProfile=hermes-stable:491568
[ 1398059ms] [ERROR] WebSocket connection to 'ws://localhost:4000/api/v1/realtime/ws?topics=' failed: HTTP Authentication failed; no valid credentials available @ http://localhost:8083/index.ts.bundle?platform=web&dev=true&hot=false&lazy=true&transform.engine=hermes&transform.routerRoot=app&unstable_transformProfile=hermes-stable:491568
[ 1403180ms] [ERROR] WebSocket connection to 'ws://localhost:4000/api/v1/realtime/ws?topics=' failed: HTTP Authentication failed; no valid credentials available @ http://localhost:8083/index.ts.bundle?platform=web&dev=true&hot=false&lazy=true&transform.engine=hermes&transform.routerRoot=app&unstable_transformProfile=hermes-stable:491568
[ 1405875ms] [ERROR] WebSocket connection to 'ws://localhost:4000/api/v1/realtime/ws?topics=' failed: HTTP Authentication failed; no valid credentials available @ http://localhost:8083/index.ts.bundle?platform=web&dev=true&hot=false&lazy=true&transform.engine=hermes&transform.routerRoot=app&unstable_transformProfile=hermes-stable:491568
[ 1412903ms] [ERROR] WebSocket connection to 'ws://localhost:4000/api/v1/realtime/ws?topics=' failed: HTTP Authentication failed; no valid credentials available @ http://localhost:8083/index.ts.bundle?platform=web&dev=true&hot=false&lazy=true&transform.engine=hermes&transform.routerRoot=app&unstable_transformProfile=hermes-stable:491568
[ 1415058ms] [INFO] [backendDiagnostics] sync — count=10 error=none baseUrl=http://localhost:4000/api/v1 @ http://localhost:8083/index.ts.bundle?platform=web&dev=true&hot=false&lazy=true&transform.engine=hermes&transform.routerRoot=app&unstable_transformProfile=hermes-stable:124750
[ 1415900ms] [ERROR] WebSocket connection to 'ws://localhost:4000/api/v1/realtime/ws?topics=' failed: HTTP Authentication failed; no valid credentials available @ http://localhost:8083/index.ts.bundle?platform=web&dev=true&hot=false&lazy=true&transform.engine=hermes&transform.routerRoot=app&unstable_transformProfile=hermes-stable:491568
[ 1421297ms] [ERROR] WebSocket connection to 'ws://localhost:4000/api/v1/realtime/ws?topics=' failed: HTTP Authentication failed; no valid credentials available @ http://localhost:8083/index.ts.bundle?platform=web&dev=true&hot=false&lazy=true&transform.engine=hermes&transform.routerRoot=app&unstable_transformProfile=hermes-stable:491568
[ 1428503ms] [ERROR] WebSocket connection to 'ws://localhost:4000/api/v1/realtime/ws?topics=' failed: HTTP Authentication failed; no valid credentials available @ http://localhost:8083/index.ts.bundle?platform=web&dev=true&hot=false&lazy=true&transform.engine=hermes&transform.routerRoot=app&unstable_transformProfile=hermes-stable:491568
[ 1433044ms] [ERROR] WebSocket connection to 'ws://localhost:4000/api/v1/realtime/ws?topics=' failed: HTTP Authentication failed; no valid credentials available @ http://localhost:8083/index.ts.bundle?platform=web&dev=true&hot=false&lazy=true&transform.engine=hermes&transform.routerRoot=app&unstable_transformProfile=hermes-stable:491568
[ 1437322ms] [ERROR] WebSocket connection to 'ws://localhost:4000/api/v1/realtime/ws?topics=' failed: HTTP Authentication failed; no valid credentials available @ http://localhost:8083/index.ts.bundle?platform=web&dev=true&hot=false&lazy=true&transform.engine=hermes&transform.routerRoot=app&unstable_transformProfile=hermes-stable:491568
[ 1440577ms] [ERROR] WebSocket connection to 'ws://localhost:4000/api/v1/realtime/ws?topics=' failed: HTTP Authentication failed; no valid credentials available @ http://localhost:8083/index.ts.bundle?platform=web&dev=true&hot=false&lazy=true&transform.engine=hermes&transform.routerRoot=app&unstable_transformProfile=hermes-stable:491568
[ 1446180ms] [ERROR] WebSocket connection to 'ws://localhost:4000/api/v1/realtime/ws?topics=' failed: HTTP Authentication failed; no valid credentials available @ http://localhost:8083/index.ts.bundle?platform=web&dev=true&hot=false&lazy=true&transform.engine=hermes&transform.routerRoot=app&unstable_transformProfile=hermes-stable:491568
[ 1452816ms] [ERROR] WebSocket connection to 'ws://localhost:4000/api/v1/realtime/ws?topics=' failed: HTTP Authentication failed; no valid credentials available @ http://localhost:8083/index.ts.bundle?platform=web&dev=true&hot=false&lazy=true&transform.engine=hermes&transform.routerRoot=app&unstable_transformProfile=hermes-stable:491568
[ 1457341ms] [ERROR] WebSocket connection to 'ws://localhost:4000/api/v1/realtime/ws?topics=' failed: HTTP Authentication failed; no valid credentials available @ http://localhost:8083/index.ts.bundle?platform=web&dev=true&hot=false&lazy=true&transform.engine=hermes&transform.routerRoot=app&unstable_transformProfile=hermes-stable:491568
[ 1463994ms] [ERROR] WebSocket connection to 'ws://localhost:4000/api/v1/realtime/ws?topics=' failed: HTTP Authentication failed; no valid credentials available @ http://localhost:8083/index.ts.bundle?platform=web&dev=true&hot=false&lazy=true&transform.engine=hermes&transform.routerRoot=app&unstable_transformProfile=hermes-stable:491568
[ 1468134ms] [ERROR] WebSocket connection to 'ws://localhost:4000/api/v1/realtime/ws?topics=' failed: HTTP Authentication failed; no valid credentials available @ http://localhost:8083/index.ts.bundle?platform=web&dev=true&hot=false&lazy=true&transform.engine=hermes&transform.routerRoot=app&unstable_transformProfile=hermes-stable:491568
[ 1470053ms] [INFO] [backendDiagnostics] sync — count=10 error=none baseUrl=http://localhost:4000/api/v1 @ http://localhost:8083/index.ts.bundle?platform=web&dev=true&hot=false&lazy=true&transform.engine=hermes&transform.routerRoot=app&unstable_transformProfile=hermes-stable:124750
[ 1472068ms] [ERROR] WebSocket connection to 'ws://localhost:4000/api/v1/realtime/ws?topics=' failed: HTTP Authentication failed; no valid credentials available @ http://localhost:8083/index.ts.bundle?platform=web&dev=true&hot=false&lazy=true&transform.engine=hermes&transform.routerRoot=app&unstable_transformProfile=hermes-stable:491568
[ 1476681ms] [ERROR] WebSocket connection to 'ws://localhost:4000/api/v1/realtime/ws?topics=' failed: HTTP Authentication failed; no valid credentials available @ http://localhost:8083/index.ts.bundle?platform=web&dev=true&hot=false&lazy=true&transform.engine=hermes&transform.routerRoot=app&unstable_transformProfile=hermes-stable:491568
[ 1481196ms] [ERROR] WebSocket connection to 'ws://localhost:4000/api/v1/realtime/ws?topics=' failed: HTTP Authentication failed; no valid credentials available @ http://localhost:8083/index.ts.bundle?platform=web&dev=true&hot=false&lazy=true&transform.engine=hermes&transform.routerRoot=app&unstable_transformProfile=hermes-stable:491568
[ 1488246ms] [ERROR] WebSocket connection to 'ws://localhost:4000/api/v1/realtime/ws?topics=' failed: HTTP Authentication failed; no valid credentials available @ http://localhost:8083/index.ts.bundle?platform=web&dev=true&hot=false&lazy=true&transform.engine=hermes&transform.routerRoot=app&unstable_transformProfile=hermes-stable:491568
[ 1490957ms] [ERROR] WebSocket connection to 'ws://localhost:4000/api/v1/realtime/ws?topics=' failed: HTTP Authentication failed; no valid credentials available @ http://localhost:8083/index.ts.bundle?platform=web&dev=true&hot=false&lazy=true&transform.engine=hermes&transform.routerRoot=app&unstable_transformProfile=hermes-stable:491568
[ 1498631ms] [ERROR] WebSocket connection to 'ws://localhost:4000/api/v1/realtime/ws?topics=' failed: HTTP Authentication failed; no valid credentials available @ http://localhost:8083/index.ts.bundle?platform=web&dev=true&hot=false&lazy=true&transform.engine=hermes&transform.routerRoot=app&unstable_transformProfile=hermes-stable:491568
[ 1503498ms] [ERROR] WebSocket connection to 'ws://localhost:4000/api/v1/realtime/ws?topics=' failed: HTTP Authentication failed; no valid credentials available @ http://localhost:8083/index.ts.bundle?platform=web&dev=true&hot=false&lazy=true&transform.engine=hermes&transform.routerRoot=app&unstable_transformProfile=hermes-stable:491568
[ 1509291ms] [ERROR] WebSocket connection to 'ws://localhost:4000/api/v1/realtime/ws?topics=' failed: HTTP Authentication failed; no valid credentials available @ http://localhost:8083/index.ts.bundle?platform=web&dev=true&hot=false&lazy=true&transform.engine=hermes&transform.routerRoot=app&unstable_transformProfile=hermes-stable:491568
[ 1510725ms] [ERROR] WebSocket connection to 'ws://localhost:4000/api/v1/realtime/ws?topics=' failed: HTTP Authentication failed; no valid credentials available @ http://localhost:8083/index.ts.bundle?platform=web&dev=true&hot=false&lazy=true&transform.engine=hermes&transform.routerRoot=app&unstable_transformProfile=hermes-stable:491568
[ 1518037ms] [ERROR] WebSocket connection to 'ws://localhost:4000/api/v1/realtime/ws?topics=' failed: HTTP Authentication failed; no valid credentials available @ http://localhost:8083/index.ts.bundle?platform=web&dev=true&hot=false&lazy=true&transform.engine=hermes&transform.routerRoot=app&unstable_transformProfile=hermes-stable:491568
[ 1522312ms] [ERROR] WebSocket connection to 'ws://localhost:4000/api/v1/realtime/ws?topics=' failed: HTTP Authentication failed; no valid credentials available @ http://localhost:8083/index.ts.bundle?platform=web&dev=true&hot=false&lazy=true&transform.engine=hermes&transform.routerRoot=app&unstable_transformProfile=hermes-stable:491568
[ 1525063ms] [INFO] [backendDiagnostics] sync — count=10 error=none baseUrl=http://localhost:4000/api/v1 @ http://localhost:8083/index.ts.bundle?platform=web&dev=true&hot=false&lazy=true&transform.engine=hermes&transform.routerRoot=app&unstable_transformProfile=hermes-stable:124750
[ 1528668ms] [ERROR] WebSocket connection to 'ws://localhost:4000/api/v1/realtime/ws?topics=' failed: HTTP Authentication failed; no valid credentials available @ http://localhost:8083/index.ts.bundle?platform=web&dev=true&hot=false&lazy=true&transform.engine=hermes&transform.routerRoot=app&unstable_transformProfile=hermes-stable:491568
[ 1530631ms] [ERROR] WebSocket connection to 'ws://localhost:4000/api/v1/realtime/ws?topics=' failed: HTTP Authentication failed; no valid credentials available @ http://localhost:8083/index.ts.bundle?platform=web&dev=true&hot=false&lazy=true&transform.engine=hermes&transform.routerRoot=app&unstable_transformProfile=hermes-stable:491568
[ 1537970ms] [ERROR] WebSocket connection to 'ws://localhost:4000/api/v1/realtime/ws?topics=' failed: HTTP Authentication failed; no valid credentials available @ http://localhost:8083/index.ts.bundle?platform=web&dev=true&hot=false&lazy=true&transform.engine=hermes&transform.routerRoot=app&unstable_transformProfile=hermes-stable:491568
[ 1543397ms] [ERROR] WebSocket connection to 'ws://localhost:4000/api/v1/realtime/ws?topics=' failed: HTTP Authentication failed; no valid credentials available @ http://localhost:8083/index.ts.bundle?platform=web&dev=true&hot=false&lazy=true&transform.engine=hermes&transform.routerRoot=app&unstable_transformProfile=hermes-stable:491568
[ 1547631ms] [ERROR] WebSocket connection to 'ws://localhost:4000/api/v1/realtime/ws?topics=' failed: HTTP Authentication failed; no valid credentials available @ http://localhost:8083/index.ts.bundle?platform=web&dev=true&hot=false&lazy=true&transform.engine=hermes&transform.routerRoot=app&unstable_transformProfile=hermes-stable:491568
[ 1553415ms] [ERROR] WebSocket connection to 'ws://localhost:4000/api/v1/realtime/ws?topics=' failed: HTTP Authentication failed; no valid credentials available @ http://localhost:8083/index.ts.bundle?platform=web&dev=true&hot=false&lazy=true&transform.engine=hermes&transform.routerRoot=app&unstable_transformProfile=hermes-stable:491568
[ 1555762ms] [ERROR] WebSocket connection to 'ws://localhost:4000/api/v1/realtime/ws?topics=' failed: HTTP Authentication failed; no valid credentials available @ http://localhost:8083/index.ts.bundle?platform=web&dev=true&hot=false&lazy=true&transform.engine=hermes&transform.routerRoot=app&unstable_transformProfile=hermes-stable:491568
[ 1564006ms] [ERROR] WebSocket connection to 'ws://localhost:4000/api/v1/realtime/ws?topics=' failed: HTTP Authentication failed; no valid credentials available @ http://localhost:8083/index.ts.bundle?platform=web&dev=true&hot=false&lazy=true&transform.engine=hermes&transform.routerRoot=app&unstable_transformProfile=hermes-stable:491568
[ 1565989ms] [ERROR] WebSocket connection to 'ws://localhost:4000/api/v1/realtime/ws?topics=' failed: HTTP Authentication failed; no valid credentials available @ http://localhost:8083/index.ts.bundle?platform=web&dev=true&hot=false&lazy=true&transform.engine=hermes&transform.routerRoot=app&unstable_transformProfile=hermes-stable:491568
[ 1571527ms] [ERROR] WebSocket connection to 'ws://localhost:4000/api/v1/realtime/ws?topics=' failed: HTTP Authentication failed; no valid credentials available @ http://localhost:8083/index.ts.bundle?platform=web&dev=true&hot=false&lazy=true&transform.engine=hermes&transform.routerRoot=app&unstable_transformProfile=hermes-stable:491568
[ 1577518ms] [ERROR] WebSocket connection to 'ws://localhost:4000/api/v1/realtime/ws?topics=' failed: HTTP Authentication failed; no valid credentials available @ http://localhost:8083/index.ts.bundle?platform=web&dev=true&hot=false&lazy=true&transform.engine=hermes&transform.routerRoot=app&unstable_transformProfile=hermes-stable:491568
[ 1580069ms] [INFO] [backendDiagnostics] sync — count=10 error=none baseUrl=http://localhost:4000/api/v1 @ http://localhost:8083/index.ts.bundle?platform=web&dev=true&hot=false&lazy=true&transform.engine=hermes&transform.routerRoot=app&unstable_transformProfile=hermes-stable:124750
[ 1584157ms] [ERROR] WebSocket connection to 'ws://localhost:4000/api/v1/realtime/ws?topics=' failed: HTTP Authentication failed; no valid credentials available @ http://localhost:8083/index.ts.bundle?platform=web&dev=true&hot=false&lazy=true&transform.engine=hermes&transform.routerRoot=app&unstable_transformProfile=hermes-stable:491568
[ 1587524ms] [ERROR] WebSocket connection to 'ws://localhost:4000/api/v1/realtime/ws?topics=' failed: HTTP Authentication failed; no valid credentials available @ http://localhost:8083/index.ts.bundle?platform=web&dev=true&hot=false&lazy=true&transform.engine=hermes&transform.routerRoot=app&unstable_transformProfile=hermes-stable:491568
[ 1593579ms] [ERROR] WebSocket connection to 'ws://localhost:4000/api/v1/realtime/ws?topics=' failed: HTTP Authentication failed; no valid credentials available @ http://localhost:8083/index.ts.bundle?platform=web&dev=true&hot=false&lazy=true&transform.engine=hermes&transform.routerRoot=app&unstable_transformProfile=hermes-stable:491568
[ 1596030ms] [ERROR] WebSocket connection to 'ws://localhost:4000/api/v1/realtime/ws?topics=' failed: HTTP Authentication failed; no valid credentials available @ http://localhost:8083/index.ts.bundle?platform=web&dev=true&hot=false&lazy=true&transform.engine=hermes&transform.routerRoot=app&unstable_transformProfile=hermes-stable:491568
[ 1603192ms] [ERROR] WebSocket connection to 'ws://localhost:4000/api/v1/realtime/ws?topics=' failed: HTTP Authentication failed; no valid credentials available @ http://localhost:8083/index.ts.bundle?platform=web&dev=true&hot=false&lazy=true&transform.engine=hermes&transform.routerRoot=app&unstable_transformProfile=hermes-stable:491568
[ 1608009ms] [ERROR] WebSocket connection to 'ws://localhost:4000/api/v1/realtime/ws?topics=' failed: HTTP Authentication failed; no valid credentials available @ http://localhost:8083/index.ts.bundle?platform=web&dev=true&hot=false&lazy=true&transform.engine=hermes&transform.routerRoot=app&unstable_transformProfile=hermes-stable:491568
[ 1611441ms] [ERROR] WebSocket connection to 'ws://localhost:4000/api/v1/realtime/ws?topics=' failed: HTTP Authentication failed; no valid credentials available @ http://localhost:8083/index.ts.bundle?platform=web&dev=true&hot=false&lazy=true&transform.engine=hermes&transform.routerRoot=app&unstable_transformProfile=hermes-stable:491568
[ 1620953ms] [ERROR] WebSocket connection to 'ws://localhost:4000/api/v1/realtime/ws?topics=' failed: HTTP Authentication failed; no valid credentials available @ http://localhost:8083/index.ts.bundle?platform=web&dev=true&hot=false&lazy=true&transform.engine=hermes&transform.routerRoot=app&unstable_transformProfile=hermes-stable:491568
[ 1623687ms] [ERROR] WebSocket connection to 'ws://localhost:4000/api/v1/realtime/ws?topics=' failed: HTTP Authentication failed; no valid credentials available @ http://localhost:8083/index.ts.bundle?platform=web&dev=true&hot=false&lazy=true&transform.engine=hermes&transform.routerRoot=app&unstable_transformProfile=hermes-stable:491568
[ 1627765ms] [ERROR] WebSocket connection to 'ws://localhost:4000/api/v1/realtime/ws?topics=' failed: HTTP Authentication failed; no valid credentials available @ http://localhost:8083/index.ts.bundle?platform=web&dev=true&hot=false&lazy=true&transform.engine=hermes&transform.routerRoot=app&unstable_transformProfile=hermes-stable:491568
[ 1632139ms] [ERROR] WebSocket connection to 'ws://localhost:4000/api/v1/realtime/ws?topics=' failed: HTTP Authentication failed; no valid credentials available @ http://localhost:8083/index.ts.bundle?platform=web&dev=true&hot=false&lazy=true&transform.engine=hermes&transform.routerRoot=app&unstable_transformProfile=hermes-stable:491568
[ 1635318ms] [INFO] [backendDiagnostics] sync — count=10 error=none baseUrl=http://localhost:4000/api/v1 @ http://localhost:8083/index.ts.bundle?platform=web&dev=true&hot=false&lazy=true&transform.engine=hermes&transform.routerRoot=app&unstable_transformProfile=hermes-stable:124750
[ 1636153ms] [ERROR] WebSocket connection to 'ws://localhost:4000/api/v1/realtime/ws?topics=' failed: HTTP Authentication failed; no valid credentials available @ http://localhost:8083/index.ts.bundle?platform=web&dev=true&hot=false&lazy=true&transform.engine=hermes&transform.routerRoot=app&unstable_transformProfile=hermes-stable:491568
[ 1641687ms] [ERROR] WebSocket connection to 'ws://localhost:4000/api/v1/realtime/ws?topics=' failed: HTTP Authentication failed; no valid credentials available @ http://localhost:8083/index.ts.bundle?platform=web&dev=true&hot=false&lazy=true&transform.engine=hermes&transform.routerRoot=app&unstable_transformProfile=hermes-stable:491568
[ 1646507ms] [ERROR] WebSocket connection to 'ws://localhost:4000/api/v1/realtime/ws?topics=' failed: HTTP Authentication failed; no valid credentials available @ http://localhost:8083/index.ts.bundle?platform=web&dev=true&hot=false&lazy=true&transform.engine=hermes&transform.routerRoot=app&unstable_transformProfile=hermes-stable:491568
[ 1654034ms] [ERROR] WebSocket connection to 'ws://localhost:4000/api/v1/realtime/ws?topics=' failed: HTTP Authentication failed; no valid credentials available @ http://localhost:8083/index.ts.bundle?platform=web&dev=true&hot=false&lazy=true&transform.engine=hermes&transform.routerRoot=app&unstable_transformProfile=hermes-stable:491568
[ 1659270ms] [ERROR] WebSocket connection to 'ws://localhost:4000/api/v1/realtime/ws?topics=' failed: HTTP Authentication failed; no valid credentials available @ http://localhost:8083/index.ts.bundle?platform=web&dev=true&hot=false&lazy=true&transform.engine=hermes&transform.routerRoot=app&unstable_transformProfile=hermes-stable:491568
[ 1662530ms] [ERROR] WebSocket connection to 'ws://localhost:4000/api/v1/realtime/ws?topics=' failed: HTTP Authentication failed; no valid credentials available @ http://localhost:8083/index.ts.bundle?platform=web&dev=true&hot=false&lazy=true&transform.engine=hermes&transform.routerRoot=app&unstable_transformProfile=hermes-stable:491568
[ 1668686ms] [ERROR] WebSocket connection to 'ws://localhost:4000/api/v1/realtime/ws?topics=' failed: HTTP Authentication failed; no valid credentials available @ http://localhost:8083/index.ts.bundle?platform=web&dev=true&hot=false&lazy=true&transform.engine=hermes&transform.routerRoot=app&unstable_transformProfile=hermes-stable:491568
[ 1674051ms] [ERROR] WebSocket connection to 'ws://localhost:4000/api/v1/realtime/ws?topics=' failed: HTTP Authentication failed; no valid credentials available @ http://localhost:8083/index.ts.bundle?platform=web&dev=true&hot=false&lazy=true&transform.engine=hermes&transform.routerRoot=app&unstable_transformProfile=hermes-stable:491568
[ 1676763ms] [ERROR] WebSocket connection to 'ws://localhost:4000/api/v1/realtime/ws?topics=' failed: HTTP Authentication failed; no valid credentials available @ http://localhost:8083/index.ts.bundle?platform=web&dev=true&hot=false&lazy=true&transform.engine=hermes&transform.routerRoot=app&unstable_transformProfile=hermes-stable:491568
[ 1680675ms] [ERROR] WebSocket connection to 'ws://localhost:4000/api/v1/realtime/ws?topics=' failed: HTTP Authentication failed; no valid credentials available @ http://localhost:8083/index.ts.bundle?platform=web&dev=true&hot=false&lazy=true&transform.engine=hermes&transform.routerRoot=app&unstable_transformProfile=hermes-stable:491568
[ 1686502ms] [ERROR] WebSocket connection to 'ws://localhost:4000/api/v1/realtime/ws?topics=' failed: HTTP Authentication failed; no valid credentials available @ http://localhost:8083/index.ts.bundle?platform=web&dev=true&hot=false&lazy=true&transform.engine=hermes&transform.routerRoot=app&unstable_transformProfile=hermes-stable:491568
[ 1690154ms] [INFO] [backendDiagnostics] sync — count=10 error=none baseUrl=http://localhost:4000/api/v1 @ http://localhost:8083/index.ts.bundle?platform=web&dev=true&hot=false&lazy=true&transform.engine=hermes&transform.routerRoot=app&unstable_transformProfile=hermes-stable:124750
[ 1691096ms] [ERROR] WebSocket connection to 'ws://localhost:4000/api/v1/realtime/ws?topics=' failed: HTTP Authentication failed; no valid credentials available @ http://localhost:8083/index.ts.bundle?platform=web&dev=true&hot=false&lazy=true&transform.engine=hermes&transform.routerRoot=app&unstable_transformProfile=hermes-stable:491568
[ 1696084ms] [ERROR] WebSocket connection to 'ws://localhost:4000/api/v1/realtime/ws?topics=' failed: HTTP Authentication failed; no valid credentials available @ http://localhost:8083/index.ts.bundle?platform=web&dev=true&hot=false&lazy=true&transform.engine=hermes&transform.routerRoot=app&unstable_transformProfile=hermes-stable:491568
[ 1701379ms] [ERROR] WebSocket connection to 'ws://localhost:4000/api/v1/realtime/ws?topics=' failed: HTTP Authentication failed; no valid credentials available @ http://localhost:8083/index.ts.bundle?platform=web&dev=true&hot=false&lazy=true&transform.engine=hermes&transform.routerRoot=app&unstable_transformProfile=hermes-stable:491568
[ 1706399ms] [ERROR] WebSocket connection to 'ws://localhost:4000/api/v1/realtime/ws?topics=' failed: HTTP Authentication failed; no valid credentials available @ http://localhost:8083/index.ts.bundle?platform=web&dev=true&hot=false&lazy=true&transform.engine=hermes&transform.routerRoot=app&unstable_transformProfile=hermes-stable:491568
[ 1712357ms] [ERROR] WebSocket connection to 'ws://localhost:4000/api/v1/realtime/ws?topics=' failed: HTTP Authentication failed; no valid credentials available @ http://localhost:8083/index.ts.bundle?platform=web&dev=true&hot=false&lazy=true&transform.engine=hermes&transform.routerRoot=app&unstable_transformProfile=hermes-stable:491568
[ 1718612ms] [ERROR] WebSocket connection to 'ws://localhost:4000/api/v1/realtime/ws?topics=' failed: HTTP Authentication failed; no valid credentials available @ http://localhost:8083/index.ts.bundle?platform=web&dev=true&hot=false&lazy=true&transform.engine=hermes&transform.routerRoot=app&unstable_transformProfile=hermes-stable:491568
[ 1723409ms] [ERROR] WebSocket connection to 'ws://localhost:4000/api/v1/realtime/ws?topics=' failed: HTTP Authentication failed; no valid credentials available @ http://localhost:8083/index.ts.bundle?platform=web&dev=true&hot=false&lazy=true&transform.engine=hermes&transform.routerRoot=app&unstable_transformProfile=hermes-stable:491568
[ 1727780ms] [ERROR] WebSocket connection to 'ws://localhost:4000/api/v1/realtime/ws?topics=' failed: HTTP Authentication failed; no valid credentials available @ http://localhost:8083/index.ts.bundle?platform=web&dev=true&hot=false&lazy=true&transform.engine=hermes&transform.routerRoot=app&unstable_transformProfile=hermes-stable:491568
[ 1732827ms] [ERROR] WebSocket connection to 'ws://localhost:4000/api/v1/realtime/ws?topics=' failed: HTTP Authentication failed; no valid credentials available @ http://localhost:8083/index.ts.bundle?platform=web&dev=true&hot=false&lazy=true&transform.engine=hermes&transform.routerRoot=app&unstable_transformProfile=hermes-stable:491568
[ 1738999ms] [ERROR] WebSocket connection to 'ws://localhost:4000/api/v1/realtime/ws?topics=' failed: HTTP Authentication failed; no valid credentials available @ http://localhost:8083/index.ts.bundle?platform=web&dev=true&hot=false&lazy=true&transform.engine=hermes&transform.routerRoot=app&unstable_transformProfile=hermes-stable:491568
[ 1742177ms] [ERROR] WebSocket connection to 'ws://localhost:4000/api/v1/realtime/ws?topics=' failed: HTTP Authentication failed; no valid credentials available @ http://localhost:8083/index.ts.bundle?platform=web&dev=true&hot=false&lazy=true&transform.engine=hermes&transform.routerRoot=app&unstable_transformProfile=hermes-stable:491568
[ 1745062ms] [INFO] [backendDiagnostics] sync — count=10 error=none baseUrl=http://localhost:4000/api/v1 @ http://localhost:8083/index.ts.bundle?platform=web&dev=true&hot=false&lazy=true&transform.engine=hermes&transform.routerRoot=app&unstable_transformProfile=hermes-stable:124750
[ 1747645ms] [ERROR] WebSocket connection to 'ws://localhost:4000/api/v1/realtime/ws?topics=' failed: HTTP Authentication failed; no valid credentials available @ http://localhost:8083/index.ts.bundle?platform=web&dev=true&hot=false&lazy=true&transform.engine=hermes&transform.routerRoot=app&unstable_transformProfile=hermes-stable:491568
[ 1753222ms] [ERROR] WebSocket connection to 'ws://localhost:4000/api/v1/realtime/ws?topics=' failed: HTTP Authentication failed; no valid credentials available @ http://localhost:8083/index.ts.bundle?platform=web&dev=true&hot=false&lazy=true&transform.engine=hermes&transform.routerRoot=app&unstable_transformProfile=hermes-stable:491568
[ 1756317ms] [ERROR] WebSocket connection to 'ws://localhost:4000/api/v1/realtime/ws?topics=' failed: HTTP Authentication failed; no valid credentials available @ http://localhost:8083/index.ts.bundle?platform=web&dev=true&hot=false&lazy=true&transform.engine=hermes&transform.routerRoot=app&unstable_transformProfile=hermes-stable:491568
[ 1763870ms] [ERROR] WebSocket connection to 'ws://localhost:4000/api/v1/realtime/ws?topics=' failed: HTTP Authentication failed; no valid credentials available @ http://localhost:8083/index.ts.bundle?platform=web&dev=true&hot=false&lazy=true&transform.engine=hermes&transform.routerRoot=app&unstable_transformProfile=hermes-stable:491568
[ 1769440ms] [ERROR] WebSocket connection to 'ws://localhost:4000/api/v1/realtime/ws?topics=' failed: HTTP Authentication failed; no valid credentials available @ http://localhost:8083/index.ts.bundle?platform=web&dev=true&hot=false&lazy=true&transform.engine=hermes&transform.routerRoot=app&unstable_transformProfile=hermes-stable:491568
[ 1772389ms] [ERROR] WebSocket connection to 'ws://localhost:4000/api/v1/realtime/ws?topics=' failed: HTTP Authentication failed; no valid credentials available @ http://localhost:8083/index.ts.bundle?platform=web&dev=true&hot=false&lazy=true&transform.engine=hermes&transform.routerRoot=app&unstable_transformProfile=hermes-stable:491568
[ 1775667ms] [ERROR] WebSocket connection to 'ws://localhost:4000/api/v1/realtime/ws?topics=' failed: HTTP Authentication failed; no valid credentials available @ http://localhost:8083/index.ts.bundle?platform=web&dev=true&hot=false&lazy=true&transform.engine=hermes&transform.routerRoot=app&unstable_transformProfile=hermes-stable:491568
[ 1780604ms] [ERROR] WebSocket connection to 'ws://localhost:4000/api/v1/realtime/ws?topics=' failed: HTTP Authentication failed; no valid credentials available @ http://localhost:8083/index.ts.bundle?platform=web&dev=true&hot=false&lazy=true&transform.engine=hermes&transform.routerRoot=app&unstable_transformProfile=hermes-stable:491568
[ 1787812ms] [ERROR] WebSocket connection to 'ws://localhost:4000/api/v1/realtime/ws?topics=' failed: HTTP Authentication failed; no valid credentials available @ http://localhost:8083/index.ts.bundle?platform=web&dev=true&hot=false&lazy=true&transform.engine=hermes&transform.routerRoot=app&unstable_transformProfile=hermes-stable:491568
[ 1793894ms] [ERROR] WebSocket connection to 'ws://localhost:4000/api/v1/realtime/ws?topics=' failed: HTTP Authentication failed; no valid credentials available @ http://localhost:8083/index.ts.bundle?platform=web&dev=true&hot=false&lazy=true&transform.engine=hermes&transform.routerRoot=app&unstable_transformProfile=hermes-stable:491568
[ 1796291ms] [ERROR] WebSocket connection to 'ws://localhost:4000/api/v1/realtime/ws?topics=' failed: HTTP Authentication failed; no valid credentials available @ http://localhost:8083/index.ts.bundle?platform=web&dev=true&hot=false&lazy=true&transform.engine=hermes&transform.routerRoot=app&unstable_transformProfile=hermes-stable:491568
[ 1800067ms] [INFO] [backendDiagnostics] sync — count=10 error=none baseUrl=http://localhost:4000/api/v1 @ http://localhost:8083/index.ts.bundle?platform=web&dev=true&hot=false&lazy=true&transform.engine=hermes&transform.routerRoot=app&unstable_transformProfile=hermes-stable:124750
[ 1803232ms] [ERROR] WebSocket connection to 'ws://localhost:4000/api/v1/realtime/ws?topics=' failed: HTTP Authentication failed; no valid credentials available @ http://localhost:8083/index.ts.bundle?platform=web&dev=true&hot=false&lazy=true&transform.engine=hermes&transform.routerRoot=app&unstable_transformProfile=hermes-stable:491568
[ 1806993ms] [ERROR] WebSocket connection to 'ws://localhost:4000/api/v1/realtime/ws?topics=' failed: HTTP Authentication failed; no valid credentials available @ http://localhost:8083/index.ts.bundle?platform=web&dev=true&hot=false&lazy=true&transform.engine=hermes&transform.routerRoot=app&unstable_transformProfile=hermes-stable:491568
[ 1813975ms] [ERROR] WebSocket connection to 'ws://localhost:4000/api/v1/realtime/ws?topics=' failed: HTTP Authentication failed; no valid credentials available @ http://localhost:8083/index.ts.bundle?platform=web&dev=true&hot=false&lazy=true&transform.engine=hermes&transform.routerRoot=app&unstable_transformProfile=hermes-stable:491568
[ 1816417ms] [ERROR] WebSocket connection to 'ws://localhost:4000/api/v1/realtime/ws?topics=' failed: HTTP Authentication failed; no valid credentials available @ http://localhost:8083/index.ts.bundle?platform=web&dev=true&hot=false&lazy=true&transform.engine=hermes&transform.routerRoot=app&unstable_transformProfile=hermes-stable:491568
[ 1821574ms] [ERROR] WebSocket connection to 'ws://localhost:4000/api/v1/realtime/ws?topics=' failed: HTTP Authentication failed; no valid credentials available @ http://localhost:8083/index.ts.bundle?platform=web&dev=true&hot=false&lazy=true&transform.engine=hermes&transform.routerRoot=app&unstable_transformProfile=hermes-stable:491568
[ 1827722ms] [ERROR] WebSocket connection to 'ws://localhost:4000/api/v1/realtime/ws?topics=' failed: HTTP Authentication failed; no valid credentials available @ http://localhost:8083/index.ts.bundle?platform=web&dev=true&hot=false&lazy=true&transform.engine=hermes&transform.routerRoot=app&unstable_transformProfile=hermes-stable:491568
[ 1834300ms] [ERROR] WebSocket connection to 'ws://localhost:4000/api/v1/realtime/ws?topics=' failed: HTTP Authentication failed; no valid credentials available @ http://localhost:8083/index.ts.bundle?platform=web&dev=true&hot=false&lazy=true&transform.engine=hermes&transform.routerRoot=app&unstable_transformProfile=hermes-stable:491568
[ 1836224ms] [ERROR] WebSocket connection to 'ws://localhost:4000/api/v1/realtime/ws?topics=' failed: HTTP Authentication failed; no valid credentials available @ http://localhost:8083/index.ts.bundle?platform=web&dev=true&hot=false&lazy=true&transform.engine=hermes&transform.routerRoot=app&unstable_transformProfile=hermes-stable:491568
[ 1841442ms] [ERROR] WebSocket connection to 'ws://localhost:4000/api/v1/realtime/ws?topics=' failed: HTTP Authentication failed; no valid credentials available @ http://localhost:8083/index.ts.bundle?platform=web&dev=true&hot=false&lazy=true&transform.engine=hermes&transform.routerRoot=app&unstable_transformProfile=hermes-stable:491568
[ 1848693ms] [ERROR] WebSocket connection to 'ws://localhost:4000/api/v1/realtime/ws?topics=' failed: HTTP Authentication failed; no valid credentials available @ http://localhost:8083/index.ts.bundle?platform=web&dev=true&hot=false&lazy=true&transform.engine=hermes&transform.routerRoot=app&unstable_transformProfile=hermes-stable:491568
[ 1852139ms] [ERROR] WebSocket connection to 'ws://localhost:4000/api/v1/realtime/ws?topics=' failed: HTTP Authentication failed; no valid credentials available @ http://localhost:8083/index.ts.bundle?platform=web&dev=true&hot=false&lazy=true&transform.engine=hermes&transform.routerRoot=app&unstable_transformProfile=hermes-stable:491568
[ 1855065ms] [INFO] [backendDiagnostics] sync — count=10 error=none baseUrl=http://localhost:4000/api/v1 @ http://localhost:8083/index.ts.bundle?platform=web&dev=true&hot=false&lazy=true&transform.engine=hermes&transform.routerRoot=app&unstable_transformProfile=hermes-stable:124750
[ 1856345ms] [ERROR] WebSocket connection to 'ws://localhost:4000/api/v1/realtime/ws?topics=' failed: HTTP Authentication failed; no valid credentials available @ http://localhost:8083/index.ts.bundle?platform=web&dev=true&hot=false&lazy=true&transform.engine=hermes&transform.routerRoot=app&unstable_transformProfile=hermes-stable:491568
[ 1863122ms] [ERROR] WebSocket connection to 'ws://localhost:4000/api/v1/realtime/ws?topics=' failed: HTTP Authentication failed; no valid credentials available @ http://localhost:8083/index.ts.bundle?platform=web&dev=true&hot=false&lazy=true&transform.engine=hermes&transform.routerRoot=app&unstable_transformProfile=hermes-stable:491568
[ 1865201ms] [WARNING] WebSocket connection to 'ws://localhost:4000/api/v1/realtime/ws?topics=' failed: WebSocket is closed before the connection is established. @ http://localhost:8083/index.ts.bundle?platform=web&dev=true&hot=false&lazy=true&transform.engine=hermes&transform.routerRoot=app&unstable_transformProfile=hermes-stable:491460
[ 1865202ms] [WARNING] [Reanimated] Reduced motion setting is overwritten with mode 'system'. @ http://localhost:8083/index.ts.bundle?platform=web&dev=true&hot=false&lazy=true&transform.engine=hermes&transform.routerRoot=app&unstable_transformProfile=hermes-stable:124750
[ 1865206ms] [WARNING] [sslPinning] status: not-installed. Initialisation failed — pinning NOT active. Error: Cannot find module 'react-native-ssl-public-key-pinning'
    at metroRequire (http://localhost:8083/index.ts.bundle?platform=web&dev=true&hot=false&lazy=true&transform.engine=hermes&transform.routerRoot=app&unstable_transformProfile=hermes-stable:61:15)
    at metroRequire.metroImportAll [as importAll] (http://localhost:8083/index.ts.bundle?platform=web&dev=true&hot=false&lazy=true&transform.engine=hermes&transform.routerRoot=app&unstable_transformProfile=hermes-stable:105:21)
    at importAll (http://localhost:8083/index.ts.bundle?platform=web&dev=true&hot=false&lazy=true&transform.engine=hermes&transform.routerRoot=app&unstable_transformProfile=hermes-stable:153047:37)
    at asyncRequireImpl (http://localhost:8083/index.ts.bundle?platform=web&dev=true&hot=false&lazy=true&transform.engine=hermes&transform.routerRoot=app&unstable_transformProfile=hermes-stable:153055:16)
    at asyncRequire (http://localhost:8083/index.ts.bundle?platform=web&dev=true&hot=false&lazy=true&transform.engine=hermes&transform.routerRoot=app&unstable_transformProfile=hermes-stable:153074:17)
    at initializeSslPinning (http://localhost:8083/index.ts.bundle?platform=web&dev=true&hot=false&lazy=true&transform.engine=hermes&transform.routerRoot=app&unstable_transformProfile=hermes-stable:223586:89)
    at initializeAppBootstrapState (http://localhost:8083/index.ts.bundle?platform=web&dev=true&hot=false&lazy=true&transform.engine=hermes&transform.routerRoot=app&unstable_transformProfile=hermes-stable:120335:96)
    at http://localhost:8083/index.ts.bundle?platform=web&dev=true&hot=false&lazy=true&transform.engine=hermes&transform.routerRoot=app&unstable_transformProfile=hermes-stable:120381:7
    at Object.react_stack_bottom_frame (http://localhost:8083/index.ts.bundle?platform=web&dev=true&hot=false&lazy=true&transform.engine=hermes&transform.routerRoot=app&unstable_transformProfile=hermes-stable:141303:20)
    at runWithFiberInDEV (http://localhost:8083/index.ts.bundle?platform=web&dev=true&hot=false&lazy=true&transform.engine=hermes&transform.routerRoot=app&unstable_transformProfile=hermes-stable:128591:70) @ http://localhost:8083/index.ts.bundle?platform=web&dev=true&hot=false&lazy=true&transform.engine=hermes&transform.routerRoot=app&unstable_transformProfile=hermes-stable:124750
[ 1865249ms] [INFO] [telemetry] screen_view {screen: CoOwnHub, session_id: 894425f5-7193-4efa-9463-f016360ad0d8, timestamp: 2026-09-03T01:09:10.811Z} @ http://localhost:8083/index.ts.bundle?platform=web&dev=true&hot=false&lazy=true&transform.engine=hermes&transform.routerRoot=app&unstable_transformProfile=hermes-stable:124750
[ 1865255ms] [INFO] [backendDiagnostics] sync — count=10 error=none baseUrl=http://localhost:4000/api/v1 @ http://localhost:8083/index.ts.bundle?platform=web&dev=true&hot=false&lazy=true&transform.engine=hermes&transform.routerRoot=app&unstable_transformProfile=hermes-stable:124750
[ 1868779ms] [ERROR] WebSocket connection to 'ws://localhost:4000/api/v1/realtime/ws?topics=' failed: HTTP Authentication failed; no valid credentials available @ http://localhost:8083/index.ts.bundle?platform=web&dev=true&hot=false&lazy=true&transform.engine=hermes&transform.routerRoot=app&unstable_transformProfile=hermes-stable:491568
[ 1868884ms] [WARNING] [sslPinning] status: not-installed. Initialisation failed — pinning NOT active. Error: Cannot find module 'react-native-ssl-public-key-pinning'
    at metroRequire (http://localhost:8083/index.ts.bundle?platform=web&dev=true&hot=false&lazy=true&transform.engine=hermes&transform.routerRoot=app&unstable_transformProfile=hermes-stable:61:15)
    at metroRequire.metroImportAll [as importAll] (http://localhost:8083/index.ts.bundle?platform=web&dev=true&hot=false&lazy=true&transform.engine=hermes&transform.routerRoot=app&unstable_transformProfile=hermes-stable:105:21)
    at importAll (http://localhost:8083/index.ts.bundle?platform=web&dev=true&hot=false&lazy=true&transform.engine=hermes&transform.routerRoot=app&unstable_transformProfile=hermes-stable:153047:37)
    at asyncRequireImpl (http://localhost:8083/index.ts.bundle?platform=web&dev=true&hot=false&lazy=true&transform.engine=hermes&transform.routerRoot=app&unstable_transformProfile=hermes-stable:153055:16)
    at asyncRequire (http://localhost:8083/index.ts.bundle?platform=web&dev=true&hot=false&lazy=true&transform.engine=hermes&transform.routerRoot=app&unstable_transformProfile=hermes-stable:153074:17)
    at initializeSslPinning (http://localhost:8083/index.ts.bundle?platform=web&dev=true&hot=false&lazy=true&transform.engine=hermes&transform.routerRoot=app&unstable_transformProfile=hermes-stable:223586:89)
    at initializeAppBootstrapState (http://localhost:8083/index.ts.bundle?platform=web&dev=true&hot=false&lazy=true&transform.engine=hermes&transform.routerRoot=app&unstable_transformProfile=hermes-stable:120335:96)
    at http://localhost:8083/index.ts.bundle?platform=web&dev=true&hot=false&lazy=true&transform.engine=hermes&transform.routerRoot=app&unstable_transformProfile=hermes-stable:120381:7
    at Object.react_stack_bottom_frame (http://localhost:8083/index.ts.bundle?platform=web&dev=true&hot=false&lazy=true&transform.engine=hermes&transform.routerRoot=app&unstable_transformProfile=hermes-stable:141303:20)
    at runWithFiberInDEV (http://localhost:8083/index.ts.bundle?platform=web&dev=true&hot=false&lazy=true&transform.engine=hermes&transform.routerRoot=app&unstable_transformProfile=hermes-stable:128591:70) @ http://localhost:8083/index.ts.bundle?platform=web&dev=true&hot=false&lazy=true&transform.engine=hermes&transform.routerRoot=app&unstable_transformProfile=hermes-stable:124750
[ 1872536ms] [ERROR] WebSocket connection to 'ws://localhost:4000/api/v1/realtime/ws?topics=' failed: HTTP Authentication failed; no valid credentials available @ http://localhost:8083/index.ts.bundle?platform=web&dev=true&hot=false&lazy=true&transform.engine=hermes&transform.routerRoot=app&unstable_transformProfile=hermes-stable:491568
[ 1876861ms] [ERROR] WebSocket connection to 'ws://localhost:4000/api/v1/realtime/ws?topics=' failed: HTTP Authentication failed; no valid credentials available @ http://localhost:8083/index.ts.bundle?platform=web&dev=true&hot=false&lazy=true&transform.engine=hermes&transform.routerRoot=app&unstable_transformProfile=hermes-stable:491568
[ 1884728ms] [ERROR] WebSocket connection to 'ws://localhost:4000/api/v1/realtime/ws?topics=' failed: HTTP Authentication failed; no valid credentials available @ http://localhost:8083/index.ts.bundle?platform=web&dev=true&hot=false&lazy=true&transform.engine=hermes&transform.routerRoot=app&unstable_transformProfile=hermes-stable:491568
[ 1886229ms] [ERROR] Failed to load resource: net::ERR_CONNECTION_TIMED_OUT @ http://10.0.2.2:4000/api/v1/auth/login:0
[ 1886510ms] [ERROR] Failed to load resource: net::ERR_CONNECTION_TIMED_OUT @ http://10.0.2.2:4000/api/v1/analytics/events/batch:0
[ 1889153ms] [ERROR] WebSocket connection to 'ws://localhost:4000/api/v1/realtime/ws?topics=' failed: HTTP Authentication failed; no valid credentials available @ http://localhost:8083/index.ts.bundle?platform=web&dev=true&hot=false&lazy=true&transform.engine=hermes&transform.routerRoot=app&unstable_transformProfile=hermes-stable:491568
[ 1892980ms] [ERROR] WebSocket connection to 'ws://localhost:4000/api/v1/realtime/ws?topics=' failed: HTTP Authentication failed; no valid credentials available @ http://localhost:8083/index.ts.bundle?platform=web&dev=true&hot=false&lazy=true&transform.engine=hermes&transform.routerRoot=app&unstable_transformProfile=hermes-stable:491568
[ 1900148ms] [ERROR] WebSocket connection to 'ws://localhost:4000/api/v1/realtime/ws?topics=' failed: HTTP Authentication failed; no valid credentials available @ http://localhost:8083/index.ts.bundle?platform=web&dev=true&hot=false&lazy=true&transform.engine=hermes&transform.routerRoot=app&unstable_transformProfile=hermes-stable:491568
[ 1904711ms] [ERROR] WebSocket connection to 'ws://localhost:4000/api/v1/realtime/ws?topics=' failed: HTTP Authentication failed; no valid credentials available @ http://localhost:8083/index.ts.bundle?platform=web&dev=true&hot=false&lazy=true&transform.engine=hermes&transform.routerRoot=app&unstable_transformProfile=hermes-stable:491568
[ 1907276ms] [ERROR] Failed to load resource: net::ERR_CONNECTION_TIMED_OUT @ http://10.0.2.2:4000/api/v1/analytics/events/batch:0
[ 1907559ms] [ERROR] Failed to load resource: net::ERR_CONNECTION_TIMED_OUT @ http://10.0.2.2:4000/api/v1/analytics/events/batch:0
[ 1907563ms] [ERROR] Failed to load resource: the server responded with a status of 401 (Unauthorized) @ http://localhost:4000/api/v1/analytics/events/batch:0
[ 1907566ms] [ERROR] Failed to load resource: the server responded with a status of 401 (Unauthorized) @ http://localhost:4000/api/v1/analytics/events/batch:0
[ 1910400ms] [ERROR] WebSocket connection to 'ws://localhost:4000/api/v1/realtime/ws?topics=' failed: HTTP Authentication failed; no valid credentials available @ http://localhost:8083/index.ts.bundle?platform=web&dev=true&hot=false&lazy=true&transform.engine=hermes&transform.routerRoot=app&unstable_transformProfile=hermes-stable:491568
[ 1913836ms] [ERROR] WebSocket connection to 'ws://localhost:4000/api/v1/realtime/ws?topics=' failed: HTTP Authentication failed; no valid credentials available @ http://localhost:8083/index.ts.bundle?platform=web&dev=true&hot=false&lazy=true&transform.engine=hermes&transform.routerRoot=app&unstable_transformProfile=hermes-stable:491568
[ 1920167ms] [ERROR] WebSocket connection to 'ws://localhost:4000/api/v1/realtime/ws?topics=' failed: HTTP Authentication failed; no valid credentials available @ http://localhost:8083/index.ts.bundle?platform=web&dev=true&hot=false&lazy=true&transform.engine=hermes&transform.routerRoot=app&unstable_transformProfile=hermes-stable:491568
[ 1921974ms] [ERROR] WebSocket connection to 'ws://localhost:4000/api/v1/realtime/ws?topics=' failed: HTTP Authentication failed; no valid credentials available @ http://localhost:8083/index.ts.bundle?platform=web&dev=true&hot=false&lazy=true&transform.engine=hermes&transform.routerRoot=app&unstable_transformProfile=hermes-stable:491568
[ 1929231ms] [ERROR] WebSocket connection to 'ws://localhost:4000/api/v1/realtime/ws?topics=' failed: HTTP Authentication failed; no valid credentials available @ http://localhost:8083/index.ts.bundle?platform=web&dev=true&hot=false&lazy=true&transform.engine=hermes&transform.routerRoot=app&unstable_transformProfile=hermes-stable:491568
[ 1932278ms] [ERROR] WebSocket connection to 'ws://localhost:4000/api/v1/realtime/ws?topics=' failed: HTTP Authentication failed; no valid credentials available @ http://localhost:8083/index.ts.bundle?platform=web&dev=true&hot=false&lazy=true&transform.engine=hermes&transform.routerRoot=app&unstable_transformProfile=hermes-stable:491568
[ 1939764ms] [ERROR] WebSocket connection to 'ws://localhost:4000/api/v1/realtime/ws?topics=' failed: HTTP Authentication failed; no valid credentials available @ http://localhost:8083/index.ts.bundle?platform=web&dev=true&hot=false&lazy=true&transform.engine=hermes&transform.routerRoot=app&unstable_transformProfile=hermes-stable:491568
[ 1944147ms] [WARNING] [sslPinning] status: not-installed. Initialisation failed — pinning NOT active. Error: Cannot find module 'react-native-ssl-public-key-pinning'
    at metroRequire (http://localhost:8083/index.ts.bundle?platform=web&dev=true&hot=false&lazy=true&transform.engine=hermes&transform.routerRoot=app&unstable_transformProfile=hermes-stable:61:15)
    at metroRequire.metroImportAll [as importAll] (http://localhost:8083/index.ts.bundle?platform=web&dev=true&hot=false&lazy=true&transform.engine=hermes&transform.routerRoot=app&unstable_transformProfile=hermes-stable:105:21)
    at importAll (http://localhost:8083/index.ts.bundle?platform=web&dev=true&hot=false&lazy=true&transform.engine=hermes&transform.routerRoot=app&unstable_transformProfile=hermes-stable:153047:37)
    at asyncRequireImpl (http://localhost:8083/index.ts.bundle?platform=web&dev=true&hot=false&lazy=true&transform.engine=hermes&transform.routerRoot=app&unstable_transformProfile=hermes-stable:153055:16)
    at asyncRequire (http://localhost:8083/index.ts.bundle?platform=web&dev=true&hot=false&lazy=true&transform.engine=hermes&transform.routerRoot=app&unstable_transformProfile=hermes-stable:153074:17)
    at initializeSslPinning (http://localhost:8083/index.ts.bundle?platform=web&dev=true&hot=false&lazy=true&transform.engine=hermes&transform.routerRoot=app&unstable_transformProfile=hermes-stable:223586:89)
    at initializeAppBootstrapState (http://localhost:8083/index.ts.bundle?platform=web&dev=true&hot=false&lazy=true&transform.engine=hermes&transform.routerRoot=app&unstable_transformProfile=hermes-stable:120335:96)
    at http://localhost:8083/index.ts.bundle?platform=web&dev=true&hot=false&lazy=true&transform.engine=hermes&transform.routerRoot=app&unstable_transformProfile=hermes-stable:120381:7
    at Object.react_stack_bottom_frame (http://localhost:8083/index.ts.bundle?platform=web&dev=true&hot=false&lazy=true&transform.engine=hermes&transform.routerRoot=app&unstable_transformProfile=hermes-stable:141303:20)
    at runWithFiberInDEV (http://localhost:8083/index.ts.bundle?platform=web&dev=true&hot=false&lazy=true&transform.engine=hermes&transform.routerRoot=app&unstable_transformProfile=hermes-stable:128591:70) @ http://localhost:8083/index.ts.bundle?platform=web&dev=true&hot=false&lazy=true&transform.engine=hermes&transform.routerRoot=app&unstable_transformProfile=hermes-stable:124750
[ 1945013ms] [ERROR] WebSocket connection to 'ws://localhost:4000/api/v1/realtime/ws?topics=' failed: HTTP Authentication failed; no valid credentials available @ http://localhost:8083/index.ts.bundle?platform=web&dev=true&hot=false&lazy=true&transform.engine=hermes&transform.routerRoot=app&unstable_transformProfile=hermes-stable:491568
[ 1947694ms] [ERROR] WebSocket connection to 'ws://localhost:4000/api/v1/realtime/ws?topics=' failed: HTTP Authentication failed; no valid credentials available @ http://localhost:8083/index.ts.bundle?platform=web&dev=true&hot=false&lazy=true&transform.engine=hermes&transform.routerRoot=app&unstable_transformProfile=hermes-stable:491568
[ 1948588ms] [WARNING] [sslPinning] status: not-installed. Initialisation failed — pinning NOT active. Error: Cannot find module 'react-native-ssl-public-key-pinning'
    at metroRequire (http://localhost:8083/index.ts.bundle?platform=web&dev=true&hot=false&lazy=true&transform.engine=hermes&transform.routerRoot=app&unstable_transformProfile=hermes-stable:61:15)
    at metroRequire.metroImportAll [as importAll] (http://localhost:8083/index.ts.bundle?platform=web&dev=true&hot=false&lazy=true&transform.engine=hermes&transform.routerRoot=app&unstable_transformProfile=hermes-stable:105:21)
    at importAll (http://localhost:8083/index.ts.bundle?platform=web&dev=true&hot=false&lazy=true&transform.engine=hermes&transform.routerRoot=app&unstable_transformProfile=hermes-stable:153047:37)
    at asyncRequireImpl (http://localhost:8083/index.ts.bundle?platform=web&dev=true&hot=false&lazy=true&transform.engine=hermes&transform.routerRoot=app&unstable_transformProfile=hermes-stable:153055:16)
    at asyncRequire (http://localhost:8083/index.ts.bundle?platform=web&dev=true&hot=false&lazy=true&transform.engine=hermes&transform.routerRoot=app&unstable_transformProfile=hermes-stable:153074:17)
    at initializeSslPinning (http://localhost:8083/index.ts.bundle?platform=web&dev=true&hot=false&lazy=true&transform.engine=hermes&transform.routerRoot=app&unstable_transformProfile=hermes-stable:223586:89)
    at initializeAppBootstrapState (http://localhost:8083/index.ts.bundle?platform=web&dev=true&hot=false&lazy=true&transform.engine=hermes&transform.routerRoot=app&unstable_transformProfile=hermes-stable:120335:96)
    at http://localhost:8083/index.ts.bundle?platform=web&dev=true&hot=false&lazy=true&transform.engine=hermes&transform.routerRoot=app&unstable_transformProfile=hermes-stable:120381:7
    at Object.react_stack_bottom_frame (http://localhost:8083/index.ts.bundle?platform=web&dev=true&hot=false&lazy=true&transform.engine=hermes&transform.routerRoot=app&unstable_transformProfile=hermes-stable:141303:20)
    at runWithFiberInDEV (http://localhost:8083/index.ts.bundle?platform=web&dev=true&hot=false&lazy=true&transform.engine=hermes&transform.routerRoot=app&unstable_transformProfile=hermes-stable:128591:70) @ http://localhost:8083/index.ts.bundle?platform=web&dev=true&hot=false&lazy=true&transform.engine=hermes&transform.routerRoot=app&unstable_transformProfile=hermes-stable:124750
[ 1952179ms] [ERROR] WebSocket connection to 'ws://localhost:4000/api/v1/realtime/ws?topics=' failed: HTTP Authentication failed; no valid credentials available @ http://localhost:8083/index.ts.bundle?platform=web&dev=true&hot=false&lazy=true&transform.engine=hermes&transform.routerRoot=app&unstable_transformProfile=hermes-stable:491568
[ 1952340ms] [WARNING] [sslPinning] status: not-installed. Initialisation failed — pinning NOT active. Error: Cannot find module 'react-native-ssl-public-key-pinning'
    at metroRequire (http://localhost:8083/index.ts.bundle?platform=web&dev=true&hot=false&lazy=true&transform.engine=hermes&transform.routerRoot=app&unstable_transformProfile=hermes-stable:61:15)
    at metroRequire.metroImportAll [as importAll] (http://localhost:8083/index.ts.bundle?platform=web&dev=true&hot=false&lazy=true&transform.engine=hermes&transform.routerRoot=app&unstable_transformProfile=hermes-stable:105:21)
    at importAll (http://localhost:8083/index.ts.bundle?platform=web&dev=true&hot=false&lazy=true&transform.engine=hermes&transform.routerRoot=app&unstable_transformProfile=hermes-stable:153047:37)
    at asyncRequireImpl (http://localhost:8083/index.ts.bundle?platform=web&dev=true&hot=false&lazy=true&transform.engine=hermes&transform.routerRoot=app&unstable_transformProfile=hermes-stable:153055:16)
    at asyncRequire (http://localhost:8083/index.ts.bundle?platform=web&dev=true&hot=false&lazy=true&transform.engine=hermes&transform.routerRoot=app&unstable_transformProfile=hermes-stable:153074:17)
    at initializeSslPinning (http://localhost:8083/index.ts.bundle?platform=web&dev=true&hot=false&lazy=true&transform.engine=hermes&transform.routerRoot=app&unstable_transformProfile=hermes-stable:223586:89)
    at initializeAppBootstrapState (http://localhost:8083/index.ts.bundle?platform=web&dev=true&hot=false&lazy=true&transform.engine=hermes&transform.routerRoot=app&unstable_transformProfile=hermes-stable:120335:96)
    at http://localhost:8083/index.ts.bundle?platform=web&dev=true&hot=false&lazy=true&transform.engine=hermes&transform.routerRoot=app&unstable_transformProfile=hermes-stable:120381:7
    at Object.react_stack_bottom_frame (http://localhost:8083/index.ts.bundle?platform=web&dev=true&hot=false&lazy=true&transform.engine=hermes&transform.routerRoot=app&unstable_transformProfile=hermes-stable:141303:20)
    at runWithFiberInDEV (http://localhost:8083/index.ts.bundle?platform=web&dev=true&hot=false&lazy=true&transform.engine=hermes&transform.routerRoot=app&unstable_transformProfile=hermes-stable:128591:70) @ http://localhost:8083/index.ts.bundle?platform=web&dev=true&hot=false&lazy=true&transform.engine=hermes&transform.routerRoot=app&unstable_transformProfile=hermes-stable:124750
[ 1957832ms] [WARNING] [sslPinning] status: not-installed. Initialisation failed — pinning NOT active. Error: Cannot find module 'react-native-ssl-public-key-pinning'
    at metroRequire (http://localhost:8083/index.ts.bundle?platform=web&dev=true&hot=false&lazy=true&transform.engine=hermes&transform.routerRoot=app&unstable_transformProfile=hermes-stable:61:15)
    at metroRequire.metroImportAll [as importAll] (http://localhost:8083/index.ts.bundle?platform=web&dev=true&hot=false&lazy=true&transform.engine=hermes&transform.routerRoot=app&unstable_transformProfile=hermes-stable:105:21)
    at importAll (http://localhost:8083/index.ts.bundle?platform=web&dev=true&hot=false&lazy=true&transform.engine=hermes&transform.routerRoot=app&unstable_transformProfile=hermes-stable:153047:37)
    at asyncRequireImpl (http://localhost:8083/index.ts.bundle?platform=web&dev=true&hot=false&lazy=true&transform.engine=hermes&transform.routerRoot=app&unstable_transformProfile=hermes-stable:153055:16)
    at asyncRequire (http://localhost:8083/index.ts.bundle?platform=web&dev=true&hot=false&lazy=true&transform.engine=hermes&transform.routerRoot=app&unstable_transformProfile=hermes-stable:153074:17)
    at initializeSslPinning (http://localhost:8083/index.ts.bundle?platform=web&dev=true&hot=false&lazy=true&transform.engine=hermes&transform.routerRoot=app&unstable_transformProfile=hermes-stable:223586:89)
    at initializeAppBootstrapState (http://localhost:8083/index.ts.bundle?platform=web&dev=true&hot=false&lazy=true&transform.engine=hermes&transform.routerRoot=app&unstable_transformProfile=hermes-stable:120335:96)
    at http://localhost:8083/index.ts.bundle?platform=web&dev=true&hot=false&lazy=true&transform.engine=hermes&transform.routerRoot=app&unstable_transformProfile=hermes-stable:120381:7
    at Object.react_stack_bottom_frame (http://localhost:8083/index.ts.bundle?platform=web&dev=true&hot=false&lazy=true&transform.engine=hermes&transform.routerRoot=app&unstable_transformProfile=hermes-stable:141303:20)
    at runWithFiberInDEV (http://localhost:8083/index.ts.bundle?platform=web&dev=true&hot=false&lazy=true&transform.engine=hermes&transform.routerRoot=app&unstable_transformProfile=hermes-stable:128591:70) @ http://localhost:8083/index.ts.bundle?platform=web&dev=true&hot=false&lazy=true&transform.engine=hermes&transform.routerRoot=app&unstable_transformProfile=hermes-stable:124750
[ 1959179ms] [ERROR] WebSocket connection to 'ws://localhost:4000/api/v1/realtime/ws?topics=' failed: HTTP Authentication failed; no valid credentials available @ http://localhost:8083/index.ts.bundle?platform=web&dev=true&hot=false&lazy=true&transform.engine=hermes&transform.routerRoot=app&unstable_transformProfile=hermes-stable:491568
[ 1965165ms] [ERROR] WebSocket connection to 'ws://localhost:4000/api/v1/realtime/ws?topics=' failed: HTTP Authentication failed; no valid credentials available @ http://localhost:8083/index.ts.bundle?platform=web&dev=true&hot=false&lazy=true&transform.engine=hermes&transform.routerRoot=app&unstable_transformProfile=hermes-stable:491568
[ 1965179ms] [ERROR] Failed to load resource: net::ERR_CONNECTION_TIMED_OUT @ http://10.0.2.2:4000/api/v1/auth/login:0
[ 1965447ms] [ERROR] Failed to load resource: net::ERR_CONNECTION_TIMED_OUT @ http://10.0.2.2:4000/api/v1/analytics/events/batch:0
[ 1969981ms] [ERROR] WebSocket connection to 'ws://localhost:4000/api/v1/realtime/ws?topics=' failed: HTTP Authentication failed; no valid credentials available @ http://localhost:8083/index.ts.bundle?platform=web&dev=true&hot=false&lazy=true&transform.engine=hermes&transform.routerRoot=app&unstable_transformProfile=hermes-stable:491568
[ 1973466ms] [ERROR] WebSocket connection to 'ws://localhost:4000/api/v1/realtime/ws?topics=' failed: HTTP Authentication failed; no valid credentials available @ http://localhost:8083/index.ts.bundle?platform=web&dev=true&hot=false&lazy=true&transform.engine=hermes&transform.routerRoot=app&unstable_transformProfile=hermes-stable:491568
[ 1978796ms] [ERROR] WebSocket connection to 'ws://localhost:4000/api/v1/realtime/ws?topics=' failed: HTTP Authentication failed; no valid credentials available @ http://localhost:8083/index.ts.bundle?platform=web&dev=true&hot=false&lazy=true&transform.engine=hermes&transform.routerRoot=app&unstable_transformProfile=hermes-stable:491568
[ 1983958ms] [ERROR] WebSocket connection to 'ws://localhost:4000/api/v1/realtime/ws?topics=' failed: HTTP Authentication failed; no valid credentials available @ http://localhost:8083/index.ts.bundle?platform=web&dev=true&hot=false&lazy=true&transform.engine=hermes&transform.routerRoot=app&unstable_transformProfile=hermes-stable:491568
[ 1986235ms] [ERROR] Failed to load resource: net::ERR_CONNECTION_TIMED_OUT @ http://10.0.2.2:4000/api/v1/analytics/events/batch:0
[ 1986504ms] [ERROR] Failed to load resource: net::ERR_CONNECTION_TIMED_OUT @ http://10.0.2.2:4000/api/v1/analytics/events/batch:0
[ 1986507ms] [ERROR] Failed to load resource: the server responded with a status of 401 (Unauthorized) @ http://localhost:4000/api/v1/analytics/events/batch:0
[ 1986510ms] [ERROR] Failed to load resource: the server responded with a status of 401 (Unauthorized) @ http://localhost:4000/api/v1/analytics/events/batch:0
[ 1987034ms] [ERROR] WebSocket connection to 'ws://localhost:4000/api/v1/realtime/ws?topics=' failed: HTTP Authentication failed; no valid credentials available @ http://localhost:8083/index.ts.bundle?platform=web&dev=true&hot=false&lazy=true&transform.engine=hermes&transform.routerRoot=app&unstable_transformProfile=hermes-stable:491568
[ 1993546ms] [ERROR] WebSocket connection to 'ws://localhost:4000/api/v1/realtime/ws?topics=' failed: HTTP Authentication failed; no valid credentials available @ http://localhost:8083/index.ts.bundle?platform=web&dev=true&hot=false&lazy=true&transform.engine=hermes&transform.routerRoot=app&unstable_transformProfile=hermes-stable:491568
[ 1997313ms] [ERROR] WebSocket connection to 'ws://localhost:4000/api/v1/realtime/ws?topics=' failed: HTTP Authentication failed; no valid credentials available @ http://localhost:8083/index.ts.bundle?platform=web&dev=true&hot=false&lazy=true&transform.engine=hermes&transform.routerRoot=app&unstable_transformProfile=hermes-stable:491568
[ 2004242ms] [ERROR] WebSocket connection to 'ws://localhost:4000/api/v1/realtime/ws?topics=' failed: HTTP Authentication failed; no valid credentials available @ http://localhost:8083/index.ts.bundle?platform=web&dev=true&hot=false&lazy=true&transform.engine=hermes&transform.routerRoot=app&unstable_transformProfile=hermes-stable:491568
[ 2010258ms] [ERROR] WebSocket connection to 'ws://localhost:4000/api/v1/realtime/ws?topics=' failed: HTTP Authentication failed; no valid credentials available @ http://localhost:8083/index.ts.bundle?platform=web&dev=true&hot=false&lazy=true&transform.engine=hermes&transform.routerRoot=app&unstable_transformProfile=hermes-stable:491568
[ 2014183ms] [ERROR] WebSocket connection to 'ws://localhost:4000/api/v1/realtime/ws?topics=' failed: HTTP Authentication failed; no valid credentials available @ http://localhost:8083/index.ts.bundle?platform=web&dev=true&hot=false&lazy=true&transform.engine=hermes&transform.routerRoot=app&unstable_transformProfile=hermes-stable:491568
[ 2018735ms] [ERROR] WebSocket connection to 'ws://localhost:4000/api/v1/realtime/ws?topics=' failed: HTTP Authentication failed; no valid credentials available @ http://localhost:8083/index.ts.bundle?platform=web&dev=true&hot=false&lazy=true&transform.engine=hermes&transform.routerRoot=app&unstable_transformProfile=hermes-stable:491568
[ 2023741ms] [ERROR] WebSocket connection to 'ws://localhost:4000/api/v1/realtime/ws?topics=' failed: HTTP Authentication failed; no valid credentials available @ http://localhost:8083/index.ts.bundle?platform=web&dev=true&hot=false&lazy=true&transform.engine=hermes&transform.routerRoot=app&unstable_transformProfile=hermes-stable:491568
[ 2029321ms] [ERROR] WebSocket connection to 'ws://localhost:4000/api/v1/realtime/ws?topics=' failed: HTTP Authentication failed; no valid credentials available @ http://localhost:8083/index.ts.bundle?platform=web&dev=true&hot=false&lazy=true&transform.engine=hermes&transform.routerRoot=app&unstable_transformProfile=hermes-stable:491568
[ 2035035ms] [ERROR] WebSocket connection to 'ws://localhost:4000/api/v1/realtime/ws?topics=' failed: HTTP Authentication failed; no valid credentials available @ http://localhost:8083/index.ts.bundle?platform=web&dev=true&hot=false&lazy=true&transform.engine=hermes&transform.routerRoot=app&unstable_transformProfile=hermes-stable:491568
[ 2038573ms] [ERROR] WebSocket connection to 'ws://localhost:4000/api/v1/realtime/ws?topics=' failed: HTTP Authentication failed; no valid credentials available @ http://localhost:8083/index.ts.bundle?platform=web&dev=true&hot=false&lazy=true&transform.engine=hermes&transform.routerRoot=app&unstable_transformProfile=hermes-stable:491568
[ 2046265ms] [ERROR] WebSocket connection to 'ws://localhost:4000/api/v1/realtime/ws?topics=' failed: Error in connection establishment: net::ERR_CONNECTION_REFUSED @ http://localhost:8083/index.ts.bundle?platform=web&dev=true&hot=false&lazy=true&transform.engine=hermes&transform.routerRoot=app&unstable_transformProfile=hermes-stable:491568
[ 2049566ms] [ERROR] WebSocket connection to 'ws://localhost:4000/api/v1/realtime/ws?topics=' failed: Error in connection establishment: net::ERR_CONNECTION_REFUSED @ http://localhost:8083/index.ts.bundle?platform=web&dev=true&hot=false&lazy=true&transform.engine=hermes&transform.routerRoot=app&unstable_transformProfile=hermes-stable:491568
[ 2055052ms] [ERROR] WebSocket connection to 'ws://localhost:4000/api/v1/realtime/ws?topics=' failed: Error in connection establishment: net::ERR_CONNECTION_REFUSED @ http://localhost:8083/index.ts.bundle?platform=web&dev=true&hot=false&lazy=true&transform.engine=hermes&transform.routerRoot=app&unstable_transformProfile=hermes-stable:491568
[ 2061511ms] [ERROR] WebSocket connection to 'ws://localhost:4000/api/v1/realtime/ws?topics=' failed: HTTP Authentication failed; no valid credentials available @ http://localhost:8083/index.ts.bundle?platform=web&dev=true&hot=false&lazy=true&transform.engine=hermes&transform.routerRoot=app&unstable_transformProfile=hermes-stable:491568
[ 2063051ms] [ERROR] WebSocket connection to 'ws://localhost:4000/api/v1/realtime/ws?topics=' failed: HTTP Authentication failed; no valid credentials available @ http://localhost:8083/index.ts.bundle?platform=web&dev=true&hot=false&lazy=true&transform.engine=hermes&transform.routerRoot=app&unstable_transformProfile=hermes-stable:491568
[ 2063819ms] [ERROR] %o

%s

%s
 ReferenceError: AnimatedPressable is not defined
    at CoOwnEducationCard (http://127.0.0.1:63736/src/components/coown/CoOwnEducationCard.bundle//&platform=web&dev=true&hot=false&lazy=true&transform.engine=hermes&transform.routerRoot=app&unstable_transformProfile=hermes-stable&minify=false&modulesOnly=true&runModule=false&shallow=true:156:53)
    at Object.react_stack_bottom_frame (http://localhost:8083/index.ts.bundle?platform=web&dev=true&hot=false&lazy=true&transform.engine=hermes&transform.routerRoot=app&unstable_transformProfile=hermes-stable:141241:20)
    at renderWithHooks (http://localhost:8083/index.ts.bundle?platform=web&dev=true&hot=false&lazy=true&transform.engine=hermes&transform.routerRoot=app&unstable_transformProfile=hermes-stable:132114:22)
    at updateFunctionComponent (http://localhost:8083/index.ts.bundle?platform=web&dev=true&hot=false&lazy=true&transform.engine=hermes&transform.routerRoot=app&unstable_transformProfile=hermes-stable:133503:19)
    at beginWork (http://localhost:8083/index.ts.bundle?platform=web&dev=true&hot=false&lazy=true&transform.engine=hermes&transform.routerRoot=app&unstable_transformProfile=hermes-stable:134072:18)
    at runWithFiberInDEV (http://localhost:8083/index.ts.bundle?platform=web&dev=true&hot=false&lazy=true&transform.engine=hermes&transform.routerRoot=app&unstable_transformProfile=hermes-stable:128591:70)
    at performUnitOfWork (http://localhost:8083/index.ts.bundle?platform=web&dev=true&hot=false&lazy=true&transform.engine=hermes&transform.routerRoot=app&unstable_transformProfile=hermes-stable:136499:95)
    at workLoopSync (http://localhost:8083/index.ts.bundle?platform=web&dev=true&hot=false&lazy=true&transform.engine=hermes&transform.routerRoot=app&unstable_transformProfile=hermes-stable:136394:40)
    at renderRootSync (http://localhost:8083/index.ts.bundle?platform=web&dev=true&hot=false&lazy=true&transform.engine=hermes&transform.routerRoot=app&unstable_transformProfile=hermes-stable:136379:9)
    at performWorkOnRoot (http://localhost:8083/index.ts.bundle?platform=web&dev=true&hot=false&lazy=true&transform.engine=hermes&transform.routerRoot=app&unstable_transformProfile=hermes-stable:136052:35) The above error occurred in the <CoOwnEducationCard> component. React will try to recreate this component tree from scratch using the error boundary you provided, AppErrorBoundaryInner. @ http://localhost:8083/index.ts.bundle?platform=web&dev=true&hot=false&lazy=true&transform.engine=hermes&transform.routerRoot=app&unstable_transformProfile=hermes-stable:124750
[ 2063820ms] [INFO] [telemetry] error_boundary_crash {error_message: AnimatedPressable is not defined, component_stack: 
    at CoOwnEducationCard (http://127.0.0.1:63736…unstable_transformProfile=hermes-stable:127839:5), session_id: 894425f5-7193-4efa-9463-f016360ad0d8, timestamp: 2026-09-03T01:12:29.382Z} @ http://localhost:8083/index.ts.bundle?platform=web&dev=true&hot=false&lazy=true&transform.engine=hermes&transform.routerRoot=app&unstable_transformProfile=hermes-stable:124750
[ 2070508ms] [WARNING] [Reanimated] Reduced motion setting is overwritten with mode 'system'. @ http://localhost:8083/index.ts.bundle?platform=web&dev=true&hot=false&lazy=true&transform.engine=hermes&transform.routerRoot=app&unstable_transformProfile=hermes-stable:124750
[ 2070551ms] [INFO] [telemetry] screen_view {screen: CoOwnHub, session_id: 894425f5-7193-4efa-9463-f016360ad0d8, timestamp: 2026-09-03T01:12:36.113Z} @ http://localhost:8083/index.ts.bundle?platform=web&dev=true&hot=false&lazy=true&transform.engine=hermes&transform.routerRoot=app&unstable_transformProfile=hermes-stable:124750
[ 2070560ms] [INFO] [backendDiagnostics] sync — count=10 error=none baseUrl=http://localhost:4000/api/v1 @ http://localhost:8083/index.ts.bundle?platform=web&dev=true&hot=false&lazy=true&transform.engine=hermes&transform.routerRoot=app&unstable_transformProfile=hermes-stable:124750
[ 2072912ms] [ERROR] WebSocket connection to 'ws://localhost:4000/api/v1/realtime/ws?topics=' failed: HTTP Authentication failed; no valid credentials available @ http://localhost:8083/index.ts.bundle?platform=web&dev=true&hot=false&lazy=true&transform.engine=hermes&transform.routerRoot=app&unstable_transformProfile=hermes-stable:491568
[ 2077018ms] [ERROR] WebSocket connection to 'ws://localhost:4000/api/v1/realtime/ws?topics=' failed: HTTP Authentication failed; no valid credentials available @ http://localhost:8083/index.ts.bundle?platform=web&dev=true&hot=false&lazy=true&transform.engine=hermes&transform.routerRoot=app&unstable_transformProfile=hermes-stable:491568
[ 2078544ms] [ERROR] WebSocket connection to 'ws://localhost:4000/api/v1/realtime/ws?topics=' failed: HTTP Authentication failed; no valid credentials available @ http://localhost:8083/index.ts.bundle?platform=web&dev=true&hot=false&lazy=true&transform.engine=hermes&transform.routerRoot=app&unstable_transformProfile=hermes-stable:491568
[ 2081869ms] [ERROR] WebSocket connection to 'ws://localhost:4000/api/v1/realtime/ws?topics=' failed: HTTP Authentication failed; no valid credentials available @ http://localhost:8083/index.ts.bundle?platform=web&dev=true&hot=false&lazy=true&transform.engine=hermes&transform.routerRoot=app&unstable_transformProfile=hermes-stable:491568
[ 2083437ms] [ERROR] WebSocket connection to 'ws://localhost:4000/api/v1/realtime/ws?topics=' failed: HTTP Authentication failed; no valid credentials available @ http://localhost:8083/index.ts.bundle?platform=web&dev=true&hot=false&lazy=true&transform.engine=hermes&transform.routerRoot=app&unstable_transformProfile=hermes-stable:491568
[ 2085562ms] [ERROR] WebSocket connection to 'ws://localhost:4000/api/v1/realtime/ws?topics=' failed: HTTP Authentication failed; no valid credentials available @ http://localhost:8083/index.ts.bundle?platform=web&dev=true&hot=false&lazy=true&transform.engine=hermes&transform.routerRoot=app&unstable_transformProfile=hermes-stable:491568
[ 2085750ms] [ERROR] WebSocket connection to 'ws://localhost:4000/api/v1/realtime/ws?topics=' failed: HTTP Authentication failed; no valid credentials available @ http://localhost:8083/index.ts.bundle?platform=web&dev=true&hot=false&lazy=true&transform.engine=hermes&transform.routerRoot=app&unstable_transformProfile=hermes-stable:491568
[ 2088131ms] [ERROR] WebSocket connection to 'ws://localhost:4000/api/v1/realtime/ws?topics=' failed: HTTP Authentication failed; no valid credentials available @ http://localhost:8083/index.ts.bundle?platform=web&dev=true&hot=false&lazy=true&transform.engine=hermes&transform.routerRoot=app&unstable_transformProfile=hermes-stable:491568
[ 2089163ms] [ERROR] WebSocket connection to 'ws://localhost:4000/api/v1/realtime/ws?topics=' failed: HTTP Authentication failed; no valid credentials available @ http://localhost:8083/index.ts.bundle?platform=web&dev=true&hot=false&lazy=true&transform.engine=hermes&transform.routerRoot=app&unstable_transformProfile=hermes-stable:491568
[ 2092050ms] [ERROR] WebSocket connection to 'ws://localhost:4000/api/v1/realtime/ws?topics=' failed: HTTP Authentication failed; no valid credentials available @ http://localhost:8083/index.ts.bundle?platform=web&dev=true&hot=false&lazy=true&transform.engine=hermes&transform.routerRoot=app&unstable_transformProfile=hermes-stable:491568
[ 2092383ms] [ERROR] WebSocket connection to 'ws://localhost:4000/api/v1/realtime/ws?topics=' failed: HTTP Authentication failed; no valid credentials available @ http://localhost:8083/index.ts.bundle?platform=web&dev=true&hot=false&lazy=true&transform.engine=hermes&transform.routerRoot=app&unstable_transformProfile=hermes-stable:491568
[ 2097164ms] [ERROR] WebSocket connection to 'ws://localhost:4000/api/v1/realtime/ws?topics=' failed: HTTP Authentication failed; no valid credentials available @ http://localhost:8083/index.ts.bundle?platform=web&dev=true&hot=false&lazy=true&transform.engine=hermes&transform.routerRoot=app&unstable_transformProfile=hermes-stable:491568
[ 2097915ms] [ERROR] WebSocket connection to 'ws://localhost:4000/api/v1/realtime/ws?topics=' failed: HTTP Authentication failed; no valid credentials available @ http://localhost:8083/index.ts.bundle?platform=web&dev=true&hot=false&lazy=true&transform.engine=hermes&transform.routerRoot=app&unstable_transformProfile=hermes-stable:491568
[ 2099385ms] [ERROR] WebSocket connection to 'ws://localhost:4000/api/v1/realtime/ws?topics=' failed: HTTP Authentication failed; no valid credentials available @ http://localhost:8083/index.ts.bundle?platform=web&dev=true&hot=false&lazy=true&transform.engine=hermes&transform.routerRoot=app&unstable_transformProfile=hermes-stable:491568
[ 2100741ms] [ERROR] WebSocket connection to 'ws://localhost:4000/api/v1/realtime/ws?topics=' failed: HTTP Authentication failed; no valid credentials available @ http://localhost:8083/index.ts.bundle?platform=web&dev=true&hot=false&lazy=true&transform.engine=hermes&transform.routerRoot=app&unstable_transformProfile=hermes-stable:491568
[ 2103854ms] [ERROR] WebSocket connection to 'ws://localhost:4000/api/v1/realtime/ws?topics=' failed: HTTP Authentication failed; no valid credentials available @ http://localhost:8083/index.ts.bundle?platform=web&dev=true&hot=false&lazy=true&transform.engine=hermes&transform.routerRoot=app&unstable_transformProfile=hermes-stable:491568
[ 2107146ms] [ERROR] WebSocket connection to 'ws://localhost:4000/api/v1/realtime/ws?topics=' failed: HTTP Authentication failed; no valid credentials available @ http://localhost:8083/index.ts.bundle?platform=web&dev=true&hot=false&lazy=true&transform.engine=hermes&transform.routerRoot=app&unstable_transformProfile=hermes-stable:491568
[ 2109014ms] [ERROR] WebSocket connection to 'ws://localhost:4000/api/v1/realtime/ws?topics=' failed: HTTP Authentication failed; no valid credentials available @ http://localhost:8083/index.ts.bundle?platform=web&dev=true&hot=false&lazy=true&transform.engine=hermes&transform.routerRoot=app&unstable_transformProfile=hermes-stable:491568
[ 2111427ms] [ERROR] WebSocket connection to 'ws://localhost:4000/api/v1/realtime/ws?topics=' failed: HTTP Authentication failed; no valid credentials available @ http://localhost:8083/index.ts.bundle?platform=web&dev=true&hot=false&lazy=true&transform.engine=hermes&transform.routerRoot=app&unstable_transformProfile=hermes-stable:491568
[ 2111958ms] [ERROR] WebSocket connection to 'ws://localhost:4000/api/v1/realtime/ws?topics=' failed: HTTP Authentication failed; no valid credentials available @ http://localhost:8083/index.ts.bundle?platform=web&dev=true&hot=false&lazy=true&transform.engine=hermes&transform.routerRoot=app&unstable_transformProfile=hermes-stable:491568
[ 2113800ms] [ERROR] WebSocket connection to 'ws://localhost:4000/api/v1/realtime/ws?topics=' failed: HTTP Authentication failed; no valid credentials available @ http://localhost:8083/index.ts.bundle?platform=web&dev=true&hot=false&lazy=true&transform.engine=hermes&transform.routerRoot=app&unstable_transformProfile=hermes-stable:491568
[ 2115521ms] [ERROR] WebSocket connection to 'ws://localhost:4000/api/v1/realtime/ws?topics=' failed: HTTP Authentication failed; no valid credentials available @ http://localhost:8083/index.ts.bundle?platform=web&dev=true&hot=false&lazy=true&transform.engine=hermes&transform.routerRoot=app&unstable_transformProfile=hermes-stable:491568
[ 2118071ms] [ERROR] WebSocket connection to 'ws://localhost:4000/api/v1/realtime/ws?topics=' failed: HTTP Authentication failed; no valid credentials available @ http://localhost:8083/index.ts.bundle?platform=web&dev=true&hot=false&lazy=true&transform.engine=hermes&transform.routerRoot=app&unstable_transformProfile=hermes-stable:491568
[ 2118086ms] [ERROR] WebSocket connection to 'ws://localhost:4000/api/v1/realtime/ws?topics=' failed: HTTP Authentication failed; no valid credentials available @ http://localhost:8083/index.ts.bundle?platform=web&dev=true&hot=false&lazy=true&transform.engine=hermes&transform.routerRoot=app&unstable_transformProfile=hermes-stable:491568
[ 2118447ms] [ERROR] WebSocket connection to 'ws://localhost:4000/api/v1/realtime/ws?topics=' failed: HTTP Authentication failed; no valid credentials available @ http://localhost:8083/index.ts.bundle?platform=web&dev=true&hot=false&lazy=true&transform.engine=hermes&transform.routerRoot=app&unstable_transformProfile=hermes-stable:491568
[ 2119446ms] [ERROR] WebSocket connection to 'ws://localhost:4000/api/v1/realtime/ws?topics=' failed: HTTP Authentication failed; no valid credentials available @ http://localhost:8083/index.ts.bundle?platform=web&dev=true&hot=false&lazy=true&transform.engine=hermes&transform.routerRoot=app&unstable_transformProfile=hermes-stable:491568
[ 2120069ms] [ERROR] WebSocket connection to 'ws://localhost:4000/api/v1/realtime/ws?topics=' failed: HTTP Authentication failed; no valid credentials available @ http://localhost:8083/index.ts.bundle?platform=web&dev=true&hot=false&lazy=true&transform.engine=hermes&transform.routerRoot=app&unstable_transformProfile=hermes-stable:491568
[ 2120131ms] [ERROR] WebSocket connection to 'ws://localhost:4000/api/v1/realtime/ws?topics=' failed: HTTP Authentication failed; no valid credentials available @ http://localhost:8083/index.ts.bundle?platform=web&dev=true&hot=false&lazy=true&transform.engine=hermes&transform.routerRoot=app&unstable_transformProfile=hermes-stable:491568
[ 2122859ms] [ERROR] WebSocket connection to 'ws://localhost:4000/api/v1/realtime/ws?topics=' failed: HTTP Authentication failed; no valid credentials available @ http://localhost:8083/index.ts.bundle?platform=web&dev=true&hot=false&lazy=true&transform.engine=hermes&transform.routerRoot=app&unstable_transformProfile=hermes-stable:491568
[ 2123604ms] [ERROR] WebSocket connection to 'ws://localhost:4000/api/v1/realtime/ws?topics=' failed: HTTP Authentication failed; no valid credentials available @ http://localhost:8083/index.ts.bundle?platform=web&dev=true&hot=false&lazy=true&transform.engine=hermes&transform.routerRoot=app&unstable_transformProfile=hermes-stable:491568
[ 2127237ms] [ERROR] WebSocket connection to 'ws://localhost:4000/api/v1/realtime/ws?topics=' failed: HTTP Authentication failed; no valid credentials available @ http://localhost:8083/index.ts.bundle?platform=web&dev=true&hot=false&lazy=true&transform.engine=hermes&transform.routerRoot=app&unstable_transformProfile=hermes-stable:491568
[ 2127501ms] [ERROR] WebSocket connection to 'ws://localhost:4000/api/v1/realtime/ws?topics=' failed: HTTP Authentication failed; no valid credentials available @ http://localhost:8083/index.ts.bundle?platform=web&dev=true&hot=false&lazy=true&transform.engine=hermes&transform.routerRoot=app&unstable_transformProfile=hermes-stable:491568
[ 2128080ms] [ERROR] WebSocket connection to 'ws://localhost:4000/api/v1/realtime/ws?topics=' failed: HTTP Authentication failed; no valid credentials available @ http://localhost:8083/index.ts.bundle?platform=web&dev=true&hot=false&lazy=true&transform.engine=hermes&transform.routerRoot=app&unstable_transformProfile=hermes-stable:491568
[ 2128609ms] [ERROR] WebSocket connection to 'ws://localhost:4000/api/v1/realtime/ws?topics=' failed: HTTP Authentication failed; no valid credentials available @ http://localhost:8083/index.ts.bundle?platform=web&dev=true&hot=false&lazy=true&transform.engine=hermes&transform.routerRoot=app&unstable_transformProfile=hermes-stable:491568
[ 2133073ms] [ERROR] WebSocket connection to 'ws://localhost:4000/api/v1/realtime/ws?topics=' failed: HTTP Authentication failed; no valid credentials available @ http://localhost:8083/index.ts.bundle?platform=web&dev=true&hot=false&lazy=true&transform.engine=hermes&transform.routerRoot=app&unstable_transformProfile=hermes-stable:491568
[ 2133601ms] [ERROR] WebSocket connection to 'ws://localhost:4000/api/v1/realtime/ws?topics=' failed: HTTP Authentication failed; no valid credentials available @ http://localhost:8083/index.ts.bundle?platform=web&dev=true&hot=false&lazy=true&transform.engine=hermes&transform.routerRoot=app&unstable_transformProfile=hermes-stable:491568
[ 2134132ms] [ERROR] WebSocket connection to 'ws://localhost:4000/api/v1/realtime/ws?topics=' failed: HTTP Authentication failed; no valid credentials available @ http://localhost:8083/index.ts.bundle?platform=web&dev=true&hot=false&lazy=true&transform.engine=hermes&transform.routerRoot=app&unstable_transformProfile=hermes-stable:491568
[ 2138431ms] [ERROR] WebSocket connection to 'ws://localhost:4000/api/v1/realtime/ws?topics=' failed: HTTP Authentication failed; no valid credentials available @ http://localhost:8083/index.ts.bundle?platform=web&dev=true&hot=false&lazy=true&transform.engine=hermes&transform.routerRoot=app&unstable_transformProfile=hermes-stable:491568
[ 2142938ms] [ERROR] WebSocket connection to 'ws://localhost:4000/api/v1/realtime/ws?topics=' failed: HTTP Authentication failed; no valid credentials available @ http://localhost:8083/index.ts.bundle?platform=web&dev=true&hot=false&lazy=true&transform.engine=hermes&transform.routerRoot=app&unstable_transformProfile=hermes-stable:491568
[ 2143606ms] [ERROR] WebSocket connection to 'ws://localhost:4000/api/v1/realtime/ws?topics=' failed: HTTP Authentication failed; no valid credentials available @ http://localhost:8083/index.ts.bundle?platform=web&dev=true&hot=false&lazy=true&transform.engine=hermes&transform.routerRoot=app&unstable_transformProfile=hermes-stable:491568
[ 2144062ms] [ERROR] WebSocket connection to 'ws://localhost:4000/api/v1/realtime/ws?topics=' failed: HTTP Authentication failed; no valid credentials available @ http://localhost:8083/index.ts.bundle?platform=web&dev=true&hot=false&lazy=true&transform.engine=hermes&transform.routerRoot=app&unstable_transformProfile=hermes-stable:491568
[ 2144077ms] [ERROR] WebSocket connection to 'ws://localhost:4000/api/v1/realtime/ws?topics=' failed: HTTP Authentication failed; no valid credentials available @ http://localhost:8083/index.ts.bundle?platform=web&dev=true&hot=false&lazy=true&transform.engine=hermes&transform.routerRoot=app&unstable_transformProfile=hermes-stable:491568
[ 2144655ms] [ERROR] WebSocket connection to 'ws://localhost:4000/api/v1/realtime/ws?topics=' failed: HTTP Authentication failed; no valid credentials available @ http://localhost:8083/index.ts.bundle?platform=web&dev=true&hot=false&lazy=true&transform.engine=hermes&transform.routerRoot=app&unstable_transformProfile=hermes-stable:491568
[ 2145467ms] [ERROR] WebSocket connection to 'ws://localhost:4000/api/v1/realtime/ws?topics=' failed: HTTP Authentication failed; no valid credentials available @ http://localhost:8083/index.ts.bundle?platform=web&dev=true&hot=false&lazy=true&transform.engine=hermes&transform.routerRoot=app&unstable_transformProfile=hermes-stable:491568
[ 2148025ms] [ERROR] WebSocket connection to 'ws://localhost:4000/api/v1/realtime/ws?topics=' failed: HTTP Authentication failed; no valid credentials available @ http://localhost:8083/index.ts.bundle?platform=web&dev=true&hot=false&lazy=true&transform.engine=hermes&transform.routerRoot=app&unstable_transformProfile=hermes-stable:491568
[ 2149571ms] [ERROR] WebSocket connection to 'ws://localhost:4000/api/v1/realtime/ws?topics=' failed: HTTP Authentication failed; no valid credentials available @ http://localhost:8083/index.ts.bundle?platform=web&dev=true&hot=false&lazy=true&transform.engine=hermes&transform.routerRoot=app&unstable_transformProfile=hermes-stable:491568
[ 2151298ms] [ERROR] WebSocket connection to 'ws://localhost:4000/api/v1/realtime/ws?topics=' failed: HTTP Authentication failed; no valid credentials available @ http://localhost:8083/index.ts.bundle?platform=web&dev=true&hot=false&lazy=true&transform.engine=hermes&transform.routerRoot=app&unstable_transformProfile=hermes-stable:491568
[ 2152234ms] [ERROR] WebSocket connection to 'ws://localhost:4000/api/v1/realtime/ws?topics=' failed: HTTP Authentication failed; no valid credentials available @ http://localhost:8083/index.ts.bundle?platform=web&dev=true&hot=false&lazy=true&transform.engine=hermes&transform.routerRoot=app&unstable_transformProfile=hermes-stable:491568
[ 2153945ms] [ERROR] WebSocket connection to 'ws://localhost:4000/api/v1/realtime/ws?topics=' failed: HTTP Authentication failed; no valid credentials available @ http://localhost:8083/index.ts.bundle?platform=web&dev=true&hot=false&lazy=true&transform.engine=hermes&transform.routerRoot=app&unstable_transformProfile=hermes-stable:491568
[ 2155545ms] [ERROR] WebSocket connection to 'ws://localhost:4000/api/v1/realtime/ws?topics=' failed: HTTP Authentication failed; no valid credentials available @ http://localhost:8083/index.ts.bundle?platform=web&dev=true&hot=false&lazy=true&transform.engine=hermes&transform.routerRoot=app&unstable_transformProfile=hermes-stable:491568
[ 2157024ms] [ERROR] WebSocket connection to 'ws://localhost:4000/api/v1/realtime/ws?topics=' failed: HTTP Authentication failed; no valid credentials available @ http://localhost:8083/index.ts.bundle?platform=web&dev=true&hot=false&lazy=true&transform.engine=hermes&transform.routerRoot=app&unstable_transformProfile=hermes-stable:491568
[ 2157634ms] [ERROR] WebSocket connection to 'ws://localhost:4000/api/v1/realtime/ws?topics=' failed: HTTP Authentication failed; no valid credentials available @ http://localhost:8083/index.ts.bundle?platform=web&dev=true&hot=false&lazy=true&transform.engine=hermes&transform.routerRoot=app&unstable_transformProfile=hermes-stable:491568
[ 2157822ms] [ERROR] WebSocket connection to 'ws://localhost:4000/api/v1/realtime/ws?topics=' failed: HTTP Authentication failed; no valid credentials available @ http://localhost:8083/index.ts.bundle?platform=web&dev=true&hot=false&lazy=true&transform.engine=hermes&transform.routerRoot=app&unstable_transformProfile=hermes-stable:491568
[ 2158151ms] [ERROR] WebSocket connection to 'ws://localhost:4000/api/v1/realtime/ws?topics=' failed: HTTP Authentication failed; no valid credentials available @ http://localhost:8083/index.ts.bundle?platform=web&dev=true&hot=false&lazy=true&transform.engine=hermes&transform.routerRoot=app&unstable_transformProfile=hermes-stable:491568
[ 2159495ms] [ERROR] WebSocket connection to 'ws://localhost:4000/api/v1/realtime/ws?topics=' failed: HTTP Authentication failed; no valid credentials available @ http://localhost:8083/index.ts.bundle?platform=web&dev=true&hot=false&lazy=true&transform.engine=hermes&transform.routerRoot=app&unstable_transformProfile=hermes-stable:491568
[ 2159982ms] [ERROR] WebSocket connection to 'ws://localhost:4000/api/v1/realtime/ws?topics=' failed: HTTP Authentication failed; no valid credentials available @ http://localhost:8083/index.ts.bundle?platform=web&dev=true&hot=false&lazy=true&transform.engine=hermes&transform.routerRoot=app&unstable_transformProfile=hermes-stable:491568
[ 2160391ms] [ERROR] WebSocket connection to 'ws://localhost:4000/api/v1/realtime/ws?topics=' failed: HTTP Authentication failed; no valid credentials available @ http://localhost:8083/index.ts.bundle?platform=web&dev=true&hot=false&lazy=true&transform.engine=hermes&transform.routerRoot=app&unstable_transformProfile=hermes-stable:491568
[ 2161703ms] [ERROR] WebSocket connection to 'ws://localhost:4000/api/v1/realtime/ws?topics=' failed: HTTP Authentication failed; no valid credentials available @ http://localhost:8083/index.ts.bundle?platform=web&dev=true&hot=false&lazy=true&transform.engine=hermes&transform.routerRoot=app&unstable_transformProfile=hermes-stable:491568
[ 2162310ms] [ERROR] WebSocket connection to 'ws://localhost:4000/api/v1/realtime/ws?topics=' failed: HTTP Authentication failed; no valid credentials available @ http://localhost:8083/index.ts.bundle?platform=web&dev=true&hot=false&lazy=true&transform.engine=hermes&transform.routerRoot=app&unstable_transformProfile=hermes-stable:491568
[ 2163465ms] [ERROR] WebSocket connection to 'ws://localhost:4000/api/v1/realtime/ws?topics=' failed: HTTP Authentication failed; no valid credentials available @ http://localhost:8083/index.ts.bundle?platform=web&dev=true&hot=false&lazy=true&transform.engine=hermes&transform.routerRoot=app&unstable_transformProfile=hermes-stable:491568
[ 2163481ms] [ERROR] WebSocket connection to 'ws://localhost:4000/api/v1/realtime/ws?topics=' failed: HTTP Authentication failed; no valid credentials available @ http://localhost:8083/index.ts.bundle?platform=web&dev=true&hot=false&lazy=true&transform.engine=hermes&transform.routerRoot=app&unstable_transformProfile=hermes-stable:491568
[ 2166112ms] [ERROR] WebSocket connection to 'ws://localhost:4000/api/v1/realtime/ws?topics=' failed: HTTP Authentication failed; no valid credentials available @ http://localhost:8083/index.ts.bundle?platform=web&dev=true&hot=false&lazy=true&transform.engine=hermes&transform.routerRoot=app&unstable_transformProfile=hermes-stable:491568
[ 2169413ms] [ERROR] WebSocket connection to 'ws://localhost:4000/api/v1/realtime/ws?topics=' failed: HTTP Authentication failed; no valid credentials available @ http://localhost:8083/index.ts.bundle?platform=web&dev=true&hot=false&lazy=true&transform.engine=hermes&transform.routerRoot=app&unstable_transformProfile=hermes-stable:491568
[ 2170408ms] [ERROR] WebSocket connection to 'ws://localhost:4000/api/v1/realtime/ws?topics=' failed: HTTP Authentication failed; no valid credentials available @ http://localhost:8083/index.ts.bundle?platform=web&dev=true&hot=false&lazy=true&transform.engine=hermes&transform.routerRoot=app&unstable_transformProfile=hermes-stable:491568
[ 2172675ms] [ERROR] WebSocket connection to 'ws://localhost:4000/api/v1/realtime/ws?topics=' failed: HTTP Authentication failed; no valid credentials available @ http://localhost:8083/index.ts.bundle?platform=web&dev=true&hot=false&lazy=true&transform.engine=hermes&transform.routerRoot=app&unstable_transformProfile=hermes-stable:491568
[ 2172862ms] [ERROR] WebSocket connection to 'ws://localhost:4000/api/v1/realtime/ws?topics=' failed: HTTP Authentication failed; no valid credentials available @ http://localhost:8083/index.ts.bundle?platform=web&dev=true&hot=false&lazy=true&transform.engine=hermes&transform.routerRoot=app&unstable_transformProfile=hermes-stable:491568
[ 2173170ms] [ERROR] WebSocket connection to 'ws://localhost:4000/api/v1/realtime/ws?topics=' failed: HTTP Authentication failed; no valid credentials available @ http://localhost:8083/index.ts.bundle?platform=web&dev=true&hot=false&lazy=true&transform.engine=hermes&transform.routerRoot=app&unstable_transformProfile=hermes-stable:491568
[ 2174975ms] [ERROR] WebSocket connection to 'ws://localhost:4000/api/v1/realtime/ws?topics=' failed: HTTP Authentication failed; no valid credentials available @ http://localhost:8083/index.ts.bundle?platform=web&dev=true&hot=false&lazy=true&transform.engine=hermes&transform.routerRoot=app&unstable_transformProfile=hermes-stable:491568
[ 2175720ms] [ERROR] WebSocket connection to 'ws://localhost:4000/api/v1/realtime/ws?topics=' failed: HTTP Authentication failed; no valid credentials available @ http://localhost:8083/index.ts.bundle?platform=web&dev=true&hot=false&lazy=true&transform.engine=hermes&transform.routerRoot=app&unstable_transformProfile=hermes-stable:491568
[ 2178842ms] [ERROR] WebSocket connection to 'ws://localhost:4000/api/v1/realtime/ws?topics=' failed: HTTP Authentication failed; no valid credentials available @ http://localhost:8083/index.ts.bundle?platform=web&dev=true&hot=false&lazy=true&transform.engine=hermes&transform.routerRoot=app&unstable_transformProfile=hermes-stable:491568
[ 2178937ms] [ERROR] WebSocket connection to 'ws://localhost:4000/api/v1/realtime/ws?topics=' failed: HTTP Authentication failed; no valid credentials available @ http://localhost:8083/index.ts.bundle?platform=web&dev=true&hot=false&lazy=true&transform.engine=hermes&transform.routerRoot=app&unstable_transformProfile=hermes-stable:491568
[ 2181393ms] [ERROR] WebSocket connection to 'ws://localhost:4000/api/v1/realtime/ws?topics=' failed: HTTP Authentication failed; no valid credentials available @ http://localhost:8083/index.ts.bundle?platform=web&dev=true&hot=false&lazy=true&transform.engine=hermes&transform.routerRoot=app&unstable_transformProfile=hermes-stable:491568
[ 2184256ms] [ERROR] WebSocket connection to 'ws://localhost:4000/api/v1/realtime/ws?topics=' failed: HTTP Authentication failed; no valid credentials available @ http://localhost:8083/index.ts.bundle?platform=web&dev=true&hot=false&lazy=true&transform.engine=hermes&transform.routerRoot=app&unstable_transformProfile=hermes-stable:491568
[ 2190154ms] [ERROR] WebSocket connection to 'ws://localhost:4000/api/v1/realtime/ws?topics=' failed: HTTP Authentication failed; no valid credentials available @ http://localhost:8083/index.ts.bundle?platform=web&dev=true&hot=false&lazy=true&transform.engine=hermes&transform.routerRoot=app&unstable_transformProfile=hermes-stable:491568
[ 2191996ms] [ERROR] WebSocket connection to 'ws://localhost:4000/api/v1/realtime/ws?topics=' failed: HTTP Authentication failed; no valid credentials available @ http://localhost:8083/index.ts.bundle?platform=web&dev=true&hot=false&lazy=true&transform.engine=hermes&transform.routerRoot=app&unstable_transformProfile=hermes-stable:491568
[ 2198182ms] [ERROR] WebSocket connection to 'ws://localhost:4000/api/v1/realtime/ws?topics=' failed: HTTP Authentication failed; no valid credentials available @ http://localhost:8083/index.ts.bundle?platform=web&dev=true&hot=false&lazy=true&transform.engine=hermes&transform.routerRoot=app&unstable_transformProfile=hermes-stable:491568
[ 2202327ms] [ERROR] WebSocket connection to 'ws://localhost:4000/api/v1/realtime/ws?topics=' failed: HTTP Authentication failed; no valid credentials available @ http://localhost:8083/index.ts.bundle?platform=web&dev=true&hot=false&lazy=true&transform.engine=hermes&transform.routerRoot=app&unstable_transformProfile=hermes-stable:491568
[ 2210033ms] [ERROR] WebSocket connection to 'ws://localhost:4000/api/v1/realtime/ws?topics=' failed: HTTP Authentication failed; no valid credentials available @ http://localhost:8083/index.ts.bundle?platform=web&dev=true&hot=false&lazy=true&transform.engine=hermes&transform.routerRoot=app&unstable_transformProfile=hermes-stable:491568
[ 2213757ms] [ERROR] WebSocket connection to 'ws://localhost:4000/api/v1/realtime/ws?topics=' failed: HTTP Authentication failed; no valid credentials available @ http://localhost:8083/index.ts.bundle?platform=web&dev=true&hot=false&lazy=true&transform.engine=hermes&transform.routerRoot=app&unstable_transformProfile=hermes-stable:491568
[ 2219215ms] [ERROR] WebSocket connection to 'ws://localhost:4000/api/v1/realtime/ws?topics=' failed: HTTP Authentication failed; no valid credentials available @ http://localhost:8083/index.ts.bundle?platform=web&dev=true&hot=false&lazy=true&transform.engine=hermes&transform.routerRoot=app&unstable_transformProfile=hermes-stable:491568
[ 2224999ms] [ERROR] WebSocket connection to 'ws://localhost:4000/api/v1/realtime/ws?topics=' failed: HTTP Authentication failed; no valid credentials available @ http://localhost:8083/index.ts.bundle?platform=web&dev=true&hot=false&lazy=true&transform.engine=hermes&transform.routerRoot=app&unstable_transformProfile=hermes-stable:491568
[ 2230718ms] [ERROR] WebSocket connection to 'ws://localhost:4000/api/v1/realtime/ws?topics=' failed: HTTP Authentication failed; no valid credentials available @ http://localhost:8083/index.ts.bundle?platform=web&dev=true&hot=false&lazy=true&transform.engine=hermes&transform.routerRoot=app&unstable_transformProfile=hermes-stable:491568
[ 2233346ms] [ERROR] WebSocket connection to 'ws://localhost:4000/api/v1/realtime/ws?topics=' failed: HTTP Authentication failed; no valid credentials available @ http://localhost:8083/index.ts.bundle?platform=web&dev=true&hot=false&lazy=true&transform.engine=hermes&transform.routerRoot=app&unstable_transformProfile=hermes-stable:491568
[ 2238097ms] [ERROR] WebSocket connection to 'ws://localhost:4000/api/v1/realtime/ws?topics=' failed: HTTP Authentication failed; no valid credentials available @ http://localhost:8083/index.ts.bundle?platform=web&dev=true&hot=false&lazy=true&transform.engine=hermes&transform.routerRoot=app&unstable_transformProfile=hermes-stable:491568
[ 2244956ms] [ERROR] WebSocket connection to 'ws://localhost:4000/api/v1/realtime/ws?topics=' failed: HTTP Authentication failed; no valid credentials available @ http://localhost:8083/index.ts.bundle?platform=web&dev=true&hot=false&lazy=true&transform.engine=hermes&transform.routerRoot=app&unstable_transformProfile=hermes-stable:491568
[ 2247797ms] [ERROR] WebSocket connection to 'ws://localhost:4000/api/v1/realtime/ws?topics=' failed: HTTP Authentication failed; no valid credentials available @ http://localhost:8083/index.ts.bundle?platform=web&dev=true&hot=false&lazy=true&transform.engine=hermes&transform.routerRoot=app&unstable_transformProfile=hermes-stable:491568
[ 2254115ms] [ERROR] WebSocket connection to 'ws://localhost:4000/api/v1/realtime/ws?topics=' failed: HTTP Authentication failed; no valid credentials available @ http://localhost:8083/index.ts.bundle?platform=web&dev=true&hot=false&lazy=true&transform.engine=hermes&transform.routerRoot=app&unstable_transformProfile=hermes-stable:491568
[ 2256878ms] [ERROR] WebSocket connection to 'ws://localhost:4000/api/v1/realtime/ws?topics=' failed: HTTP Authentication failed; no valid credentials available @ http://localhost:8083/index.ts.bundle?platform=web&dev=true&hot=false&lazy=true&transform.engine=hermes&transform.routerRoot=app&unstable_transformProfile=hermes-stable:491568
[ 2263027ms] [ERROR] WebSocket connection to 'ws://localhost:4000/api/v1/realtime/ws?topics=' failed: HTTP Authentication failed; no valid credentials available @ http://localhost:8083/index.ts.bundle?platform=web&dev=true&hot=false&lazy=true&transform.engine=hermes&transform.routerRoot=app&unstable_transformProfile=hermes-stable:491568
[ 2267195ms] [ERROR] WebSocket connection to 'ws://localhost:4000/api/v1/realtime/ws?topics=' failed: HTTP Authentication failed; no valid credentials available @ http://localhost:8083/index.ts.bundle?platform=web&dev=true&hot=false&lazy=true&transform.engine=hermes&transform.routerRoot=app&unstable_transformProfile=hermes-stable:491568
[ 2273207ms] [ERROR] WebSocket connection to 'ws://localhost:4000/api/v1/realtime/ws?topics=' failed: HTTP Authentication failed; no valid credentials available @ http://localhost:8083/index.ts.bundle?platform=web&dev=true&hot=false&lazy=true&transform.engine=hermes&transform.routerRoot=app&unstable_transformProfile=hermes-stable:491568
[ 2279189ms] [ERROR] WebSocket connection to 'ws://localhost:4000/api/v1/realtime/ws?topics=' failed: HTTP Authentication failed; no valid credentials available @ http://localhost:8083/index.ts.bundle?platform=web&dev=true&hot=false&lazy=true&transform.engine=hermes&transform.routerRoot=app&unstable_transformProfile=hermes-stable:491568
[ 2281955ms] [ERROR] WebSocket connection to 'ws://localhost:4000/api/v1/realtime/ws?topics=' failed: HTTP Authentication failed; no valid credentials available @ http://localhost:8083/index.ts.bundle?platform=web&dev=true&hot=false&lazy=true&transform.engine=hermes&transform.routerRoot=app&unstable_transformProfile=hermes-stable:491568
[ 2288196ms] [ERROR] WebSocket connection to 'ws://localhost:4000/api/v1/realtime/ws?topics=' failed: HTTP Authentication failed; no valid credentials available @ http://localhost:8083/index.ts.bundle?platform=web&dev=true&hot=false&lazy=true&transform.engine=hermes&transform.routerRoot=app&unstable_transformProfile=hermes-stable:491568
[ 2293920ms] [ERROR] WebSocket connection to 'ws://localhost:4000/api/v1/realtime/ws?topics=' failed: HTTP Authentication failed; no valid credentials available @ http://localhost:8083/index.ts.bundle?platform=web&dev=true&hot=false&lazy=true&transform.engine=hermes&transform.routerRoot=app&unstable_transformProfile=hermes-stable:491568
[ 2297401ms] [ERROR] WebSocket connection to 'ws://localhost:4000/api/v1/realtime/ws?topics=' failed: HTTP Authentication failed; no valid credentials available @ http://localhost:8083/index.ts.bundle?platform=web&dev=true&hot=false&lazy=true&transform.engine=hermes&transform.routerRoot=app&unstable_transformProfile=hermes-stable:491568
[ 2302429ms] [ERROR] WebSocket connection to 'ws://localhost:4000/api/v1/realtime/ws?topics=' failed: HTTP Authentication failed; no valid credentials available @ http://localhost:8083/index.ts.bundle?platform=web&dev=true&hot=false&lazy=true&transform.engine=hermes&transform.routerRoot=app&unstable_transformProfile=hermes-stable:491568
[ 2309763ms] [ERROR] WebSocket connection to 'ws://localhost:4000/api/v1/realtime/ws?topics=' failed: HTTP Authentication failed; no valid credentials available @ http://localhost:8083/index.ts.bundle?platform=web&dev=true&hot=false&lazy=true&transform.engine=hermes&transform.routerRoot=app&unstable_transformProfile=hermes-stable:491568
[ 2311993ms] [ERROR] WebSocket connection to 'ws://localhost:4000/api/v1/realtime/ws?topics=' failed: HTTP Authentication failed; no valid credentials available @ http://localhost:8083/index.ts.bundle?platform=web&dev=true&hot=false&lazy=true&transform.engine=hermes&transform.routerRoot=app&unstable_transformProfile=hermes-stable:491568
[ 2319915ms] [ERROR] WebSocket connection to 'ws://localhost:4000/api/v1/realtime/ws?topics=' failed: HTTP Authentication failed; no valid credentials available @ http://localhost:8083/index.ts.bundle?platform=web&dev=true&hot=false&lazy=true&transform.engine=hermes&transform.routerRoot=app&unstable_transformProfile=hermes-stable:491568
[ 2325529ms] [ERROR] WebSocket connection to 'ws://localhost:4000/api/v1/realtime/ws?topics=' failed: HTTP Authentication failed; no valid credentials available @ http://localhost:8083/index.ts.bundle?platform=web&dev=true&hot=false&lazy=true&transform.engine=hermes&transform.routerRoot=app&unstable_transformProfile=hermes-stable:491568
[ 2329477ms] [ERROR] WebSocket connection to 'ws://localhost:4000/api/v1/realtime/ws?topics=' failed: HTTP Authentication failed; no valid credentials available @ http://localhost:8083/index.ts.bundle?platform=web&dev=true&hot=false&lazy=true&transform.engine=hermes&transform.routerRoot=app&unstable_transformProfile=hermes-stable:491568
[ 2334649ms] [ERROR] WebSocket connection to 'ws://localhost:4000/api/v1/realtime/ws?topics=' failed: HTTP Authentication failed; no valid credentials available @ http://localhost:8083/index.ts.bundle?platform=web&dev=true&hot=false&lazy=true&transform.engine=hermes&transform.routerRoot=app&unstable_transformProfile=hermes-stable:491568
[ 2339666ms] [ERROR] WebSocket connection to 'ws://localhost:4000/api/v1/realtime/ws?topics=' failed: HTTP Authentication failed; no valid credentials available @ http://localhost:8083/index.ts.bundle?platform=web&dev=true&hot=false&lazy=true&transform.engine=hermes&transform.routerRoot=app&unstable_transformProfile=hermes-stable:491568
[ 2344269ms] [ERROR] WebSocket connection to 'ws://localhost:4000/api/v1/realtime/ws?topics=' failed: HTTP Authentication failed; no valid credentials available @ http://localhost:8083/index.ts.bundle?platform=web&dev=true&hot=false&lazy=true&transform.engine=hermes&transform.routerRoot=app&unstable_transformProfile=hermes-stable:491568
[ 2347687ms] [ERROR] WebSocket connection to 'ws://localhost:4000/api/v1/realtime/ws?topics=' failed: HTTP Authentication failed; no valid credentials available @ http://localhost:8083/index.ts.bundle?platform=web&dev=true&hot=false&lazy=true&transform.engine=hermes&transform.routerRoot=app&unstable_transformProfile=hermes-stable:491568
[ 2354385ms] [ERROR] WebSocket connection to 'ws://localhost:4000/api/v1/realtime/ws?topics=' failed: HTTP Authentication failed; no valid credentials available @ http://localhost:8083/index.ts.bundle?platform=web&dev=true&hot=false&lazy=true&transform.engine=hermes&transform.routerRoot=app&unstable_transformProfile=hermes-stable:491568
[ 2359256ms] [ERROR] WebSocket connection to 'ws://localhost:4000/api/v1/realtime/ws?topics=' failed: HTTP Authentication failed; no valid credentials available @ http://localhost:8083/index.ts.bundle?platform=web&dev=true&hot=false&lazy=true&transform.engine=hermes&transform.routerRoot=app&unstable_transformProfile=hermes-stable:491568
[ 2364303ms] [ERROR] WebSocket connection to 'ws://localhost:4000/api/v1/realtime/ws?topics=' failed: HTTP Authentication failed; no valid credentials available @ http://localhost:8083/index.ts.bundle?platform=web&dev=true&hot=false&lazy=true&transform.engine=hermes&transform.routerRoot=app&unstable_transformProfile=hermes-stable:491568
[ 2367141ms] [ERROR] WebSocket connection to 'ws://localhost:4000/api/v1/realtime/ws?topics=' failed: HTTP Authentication failed; no valid credentials available @ http://localhost:8083/index.ts.bundle?platform=web&dev=true&hot=false&lazy=true&transform.engine=hermes&transform.routerRoot=app&unstable_transformProfile=hermes-stable:491568
[ 2374027ms] [ERROR] WebSocket connection to 'ws://localhost:4000/api/v1/realtime/ws?topics=' failed: HTTP Authentication failed; no valid credentials available @ http://localhost:8083/index.ts.bundle?platform=web&dev=true&hot=false&lazy=true&transform.engine=hermes&transform.routerRoot=app&unstable_transformProfile=hermes-stable:491568
[ 2377660ms] [ERROR] WebSocket connection to 'ws://localhost:4000/api/v1/realtime/ws?topics=' failed: HTTP Authentication failed; no valid credentials available @ http://localhost:8083/index.ts.bundle?platform=web&dev=true&hot=false&lazy=true&transform.engine=hermes&transform.routerRoot=app&unstable_transformProfile=hermes-stable:491568
[ 2383358ms] [ERROR] WebSocket connection to 'ws://localhost:4000/api/v1/realtime/ws?topics=' failed: HTTP Authentication failed; no valid credentials available @ http://localhost:8083/index.ts.bundle?platform=web&dev=true&hot=false&lazy=true&transform.engine=hermes&transform.routerRoot=app&unstable_transformProfile=hermes-stable:491568
[ 2388541ms] [ERROR] WebSocket connection to 'ws://localhost:4000/api/v1/realtime/ws?topics=' failed: HTTP Authentication failed; no valid credentials available @ http://localhost:8083/index.ts.bundle?platform=web&dev=true&hot=false&lazy=true&transform.engine=hermes&transform.routerRoot=app&unstable_transformProfile=hermes-stable:491568
[ 2393155ms] [ERROR] WebSocket connection to 'ws://localhost:4000/api/v1/realtime/ws?topics=' failed: HTTP Authentication failed; no valid credentials available @ http://localhost:8083/index.ts.bundle?platform=web&dev=true&hot=false&lazy=true&transform.engine=hermes&transform.routerRoot=app&unstable_transformProfile=hermes-stable:491568
[ 2399405ms] [ERROR] WebSocket connection to 'ws://localhost:4000/api/v1/realtime/ws?topics=' failed: HTTP Authentication failed; no valid credentials available @ http://localhost:8083/index.ts.bundle?platform=web&dev=true&hot=false&lazy=true&transform.engine=hermes&transform.routerRoot=app&unstable_transformProfile=hermes-stable:491568
[ 2405741ms] [ERROR] WebSocket connection to 'ws://localhost:4000/api/v1/realtime/ws?topics=' failed: HTTP Authentication failed; no valid credentials available @ http://localhost:8083/index.ts.bundle?platform=web&dev=true&hot=false&lazy=true&transform.engine=hermes&transform.routerRoot=app&unstable_transformProfile=hermes-stable:491568
[ 2407137ms] [ERROR] WebSocket connection to 'ws://localhost:4000/api/v1/realtime/ws?topics=' failed: HTTP Authentication failed; no valid credentials available @ http://localhost:8083/index.ts.bundle?platform=web&dev=true&hot=false&lazy=true&transform.engine=hermes&transform.routerRoot=app&unstable_transformProfile=hermes-stable:491568
[ 2412668ms] [ERROR] WebSocket connection to 'ws://localhost:4000/api/v1/realtime/ws?topics=' failed: HTTP Authentication failed; no valid credentials available @ http://localhost:8083/index.ts.bundle?platform=web&dev=true&hot=false&lazy=true&transform.engine=hermes&transform.routerRoot=app&unstable_transformProfile=hermes-stable:491568
[ 2416902ms] [ERROR] WebSocket connection to 'ws://localhost:4000/api/v1/realtime/ws?topics=' failed: HTTP Authentication failed; no valid credentials available @ http://localhost:8083/index.ts.bundle?platform=web&dev=true&hot=false&lazy=true&transform.engine=hermes&transform.routerRoot=app&unstable_transformProfile=hermes-stable:491568
[ 2423601ms] [ERROR] WebSocket connection to 'ws://localhost:4000/api/v1/realtime/ws?topics=' failed: HTTP Authentication failed; no valid credentials available @ http://localhost:8083/index.ts.bundle?platform=web&dev=true&hot=false&lazy=true&transform.engine=hermes&transform.routerRoot=app&unstable_transformProfile=hermes-stable:491568
[ 2427548ms] [ERROR] WebSocket connection to 'ws://localhost:4000/api/v1/realtime/ws?topics=' failed: HTTP Authentication failed; no valid credentials available @ http://localhost:8083/index.ts.bundle?platform=web&dev=true&hot=false&lazy=true&transform.engine=hermes&transform.routerRoot=app&unstable_transformProfile=hermes-stable:491568
[ 2433579ms] [ERROR] WebSocket connection to 'ws://localhost:4000/api/v1/realtime/ws?topics=' failed: HTTP Authentication failed; no valid credentials available @ http://localhost:8083/index.ts.bundle?platform=web&dev=true&hot=false&lazy=true&transform.engine=hermes&transform.routerRoot=app&unstable_transformProfile=hermes-stable:491568
[ 2440371ms] [ERROR] WebSocket connection to 'ws://localhost:4000/api/v1/realtime/ws?topics=' failed: HTTP Authentication failed; no valid credentials available @ http://localhost:8083/index.ts.bundle?platform=web&dev=true&hot=false&lazy=true&transform.engine=hermes&transform.routerRoot=app&unstable_transformProfile=hermes-stable:491568
[ 2442701ms] [ERROR] WebSocket connection to 'ws://localhost:4000/api/v1/realtime/ws?topics=' failed: HTTP Authentication failed; no valid credentials available @ http://localhost:8083/index.ts.bundle?platform=web&dev=true&hot=false&lazy=true&transform.engine=hermes&transform.routerRoot=app&unstable_transformProfile=hermes-stable:491568
[ 2447283ms] [ERROR] WebSocket connection to 'ws://localhost:4000/api/v1/realtime/ws?topics=' failed: HTTP Authentication failed; no valid credentials available @ http://localhost:8083/index.ts.bundle?platform=web&dev=true&hot=false&lazy=true&transform.engine=hermes&transform.routerRoot=app&unstable_transformProfile=hermes-stable:491568
[ 2454111ms] [ERROR] WebSocket connection to 'ws://localhost:4000/api/v1/realtime/ws?topics=' failed: HTTP Authentication failed; no valid credentials available @ http://localhost:8083/index.ts.bundle?platform=web&dev=true&hot=false&lazy=true&transform.engine=hermes&transform.routerRoot=app&unstable_transformProfile=hermes-stable:491568
[ 2456933ms] [ERROR] WebSocket connection to 'ws://localhost:4000/api/v1/realtime/ws?topics=' failed: HTTP Authentication failed; no valid credentials available @ http://localhost:8083/index.ts.bundle?platform=web&dev=true&hot=false&lazy=true&transform.engine=hermes&transform.routerRoot=app&unstable_transformProfile=hermes-stable:491568
[ 2465825ms] [ERROR] WebSocket connection to 'ws://localhost:4000/api/v1/realtime/ws?topics=' failed: HTTP Authentication failed; no valid credentials available @ http://localhost:8083/index.ts.bundle?platform=web&dev=true&hot=false&lazy=true&transform.engine=hermes&transform.routerRoot=app&unstable_transformProfile=hermes-stable:491568
[ 2469073ms] [ERROR] WebSocket connection to 'ws://localhost:4000/api/v1/realtime/ws?topics=' failed: HTTP Authentication failed; no valid credentials available @ http://localhost:8083/index.ts.bundle?platform=web&dev=true&hot=false&lazy=true&transform.engine=hermes&transform.routerRoot=app&unstable_transformProfile=hermes-stable:491568
[ 2472551ms] [ERROR] WebSocket connection to 'ws://localhost:4000/api/v1/realtime/ws?topics=' failed: HTTP Authentication failed; no valid credentials available @ http://localhost:8083/index.ts.bundle?platform=web&dev=true&hot=false&lazy=true&transform.engine=hermes&transform.routerRoot=app&unstable_transformProfile=hermes-stable:491568
[ 2480111ms] [ERROR] WebSocket connection to 'ws://localhost:4000/api/v1/realtime/ws?topics=' failed: HTTP Authentication failed; no valid credentials available @ http://localhost:8083/index.ts.bundle?platform=web&dev=true&hot=false&lazy=true&transform.engine=hermes&transform.routerRoot=app&unstable_transformProfile=hermes-stable:491568
[ 2484858ms] [ERROR] WebSocket connection to 'ws://localhost:4000/api/v1/realtime/ws?topics=' failed: HTTP Authentication failed; no valid credentials available @ http://localhost:8083/index.ts.bundle?platform=web&dev=true&hot=false&lazy=true&transform.engine=hermes&transform.routerRoot=app&unstable_transformProfile=hermes-stable:491568
[ 2490824ms] [ERROR] WebSocket connection to 'ws://localhost:4000/api/v1/realtime/ws?topics=' failed: HTTP Authentication failed; no valid credentials available @ http://localhost:8083/index.ts.bundle?platform=web&dev=true&hot=false&lazy=true&transform.engine=hermes&transform.routerRoot=app&unstable_transformProfile=hermes-stable:491568
[ 2492931ms] [ERROR] WebSocket connection to 'ws://localhost:4000/api/v1/realtime/ws?topics=' failed: HTTP Authentication failed; no valid credentials available @ http://localhost:8083/index.ts.bundle?platform=web&dev=true&hot=false&lazy=true&transform.engine=hermes&transform.routerRoot=app&unstable_transformProfile=hermes-stable:491568
[ 2500348ms] [ERROR] WebSocket connection to 'ws://localhost:4000/api/v1/realtime/ws?topics=' failed: HTTP Authentication failed; no valid credentials available @ http://localhost:8083/index.ts.bundle?platform=web&dev=true&hot=false&lazy=true&transform.engine=hermes&transform.routerRoot=app&unstable_transformProfile=hermes-stable:491568
[ 2504386ms] [ERROR] WebSocket connection to 'ws://localhost:4000/api/v1/realtime/ws?topics=' failed: HTTP Authentication failed; no valid credentials available @ http://localhost:8083/index.ts.bundle?platform=web&dev=true&hot=false&lazy=true&transform.engine=hermes&transform.routerRoot=app&unstable_transformProfile=hermes-stable:491568
[ 2509629ms] [ERROR] WebSocket connection to 'ws://localhost:4000/api/v1/realtime/ws?topics=' failed: HTTP Authentication failed; no valid credentials available @ http://localhost:8083/index.ts.bundle?platform=web&dev=true&hot=false&lazy=true&transform.engine=hermes&transform.routerRoot=app&unstable_transformProfile=hermes-stable:491568
[ 2512877ms] [ERROR] WebSocket connection to 'ws://localhost:4000/api/v1/realtime/ws?topics=' failed: HTTP Authentication failed; no valid credentials available @ http://localhost:8083/index.ts.bundle?platform=web&dev=true&hot=false&lazy=true&transform.engine=hermes&transform.routerRoot=app&unstable_transformProfile=hermes-stable:491568
[ 2520421ms] [ERROR] WebSocket connection to 'ws://localhost:4000/api/v1/realtime/ws?topics=' failed: HTTP Authentication failed; no valid credentials available @ http://localhost:8083/index.ts.bundle?platform=web&dev=true&hot=false&lazy=true&transform.engine=hermes&transform.routerRoot=app&unstable_transformProfile=hermes-stable:491568
[ 2523444ms] [ERROR] WebSocket connection to 'ws://localhost:4000/api/v1/realtime/ws?topics=' failed: HTTP Authentication failed; no valid credentials available @ http://localhost:8083/index.ts.bundle?platform=web&dev=true&hot=false&lazy=true&transform.engine=hermes&transform.routerRoot=app&unstable_transformProfile=hermes-stable:491568
[ 2528737ms] [ERROR] WebSocket connection to 'ws://localhost:4000/api/v1/realtime/ws?topics=' failed: HTTP Authentication failed; no valid credentials available @ http://localhost:8083/index.ts.bundle?platform=web&dev=true&hot=false&lazy=true&transform.engine=hermes&transform.routerRoot=app&unstable_transformProfile=hermes-stable:491568
[ 2533683ms] [ERROR] WebSocket connection to 'ws://localhost:4000/api/v1/realtime/ws?topics=' failed: HTTP Authentication failed; no valid credentials available @ http://localhost:8083/index.ts.bundle?platform=web&dev=true&hot=false&lazy=true&transform.engine=hermes&transform.routerRoot=app&unstable_transformProfile=hermes-stable:491568
[ 2537129ms] [ERROR] WebSocket connection to 'ws://localhost:4000/api/v1/realtime/ws?topics=' failed: HTTP Authentication failed; no valid credentials available @ http://localhost:8083/index.ts.bundle?platform=web&dev=true&hot=false&lazy=true&transform.engine=hermes&transform.routerRoot=app&unstable_transformProfile=hermes-stable:491568
[ 2543212ms] [ERROR] WebSocket connection to 'ws://localhost:4000/api/v1/realtime/ws?topics=' failed: HTTP Authentication failed; no valid credentials available @ http://localhost:8083/index.ts.bundle?platform=web&dev=true&hot=false&lazy=true&transform.engine=hermes&transform.routerRoot=app&unstable_transformProfile=hermes-stable:491568
[ 2550422ms] [ERROR] WebSocket connection to 'ws://localhost:4000/api/v1/realtime/ws?topics=' failed: HTTP Authentication failed; no valid credentials available @ http://localhost:8083/index.ts.bundle?platform=web&dev=true&hot=false&lazy=true&transform.engine=hermes&transform.routerRoot=app&unstable_transformProfile=hermes-stable:491568
[ 2555789ms] [ERROR] WebSocket connection to 'ws://localhost:4000/api/v1/realtime/ws?topics=' failed: HTTP Authentication failed; no valid credentials available @ http://localhost:8083/index.ts.bundle?platform=web&dev=true&hot=false&lazy=true&transform.engine=hermes&transform.routerRoot=app&unstable_transformProfile=hermes-stable:491568
[ 2560159ms] [ERROR] WebSocket connection to 'ws://localhost:4000/api/v1/realtime/ws?topics=' failed: HTTP Authentication failed; no valid credentials available @ http://localhost:8083/index.ts.bundle?platform=web&dev=true&hot=false&lazy=true&transform.engine=hermes&transform.routerRoot=app&unstable_transformProfile=hermes-stable:491568
[ 2565599ms] [ERROR] WebSocket connection to 'ws://localhost:4000/api/v1/realtime/ws?topics=' failed: HTTP Authentication failed; no valid credentials available @ http://localhost:8083/index.ts.bundle?platform=web&dev=true&hot=false&lazy=true&transform.engine=hermes&transform.routerRoot=app&unstable_transformProfile=hermes-stable:491568
[ 2567015ms] [ERROR] WebSocket connection to 'ws://localhost:4000/api/v1/realtime/ws?topics=' failed: HTTP Authentication failed; no valid credentials available @ http://localhost:8083/index.ts.bundle?platform=web&dev=true&hot=false&lazy=true&transform.engine=hermes&transform.routerRoot=app&unstable_transformProfile=hermes-stable:491568
[ 2574827ms] [ERROR] WebSocket connection to 'ws://localhost:4000/api/v1/realtime/ws?topics=' failed: HTTP Authentication failed; no valid credentials available @ http://localhost:8083/index.ts.bundle?platform=web&dev=true&hot=false&lazy=true&transform.engine=hermes&transform.routerRoot=app&unstable_transformProfile=hermes-stable:491568
[ 2580572ms] [ERROR] WebSocket connection to 'ws://localhost:4000/api/v1/realtime/ws?topics=' failed: HTTP Authentication failed; no valid credentials available @ http://localhost:8083/index.ts.bundle?platform=web&dev=true&hot=false&lazy=true&transform.engine=hermes&transform.routerRoot=app&unstable_transformProfile=hermes-stable:491568
[ 2584249ms] [ERROR] WebSocket connection to 'ws://localhost:4000/api/v1/realtime/ws?topics=' failed: HTTP Authentication failed; no valid credentials available @ http://localhost:8083/index.ts.bundle?platform=web&dev=true&hot=false&lazy=true&transform.engine=hermes&transform.routerRoot=app&unstable_transformProfile=hermes-stable:491568
[ 2587913ms] [ERROR] WebSocket connection to 'ws://localhost:4000/api/v1/realtime/ws?topics=' failed: HTTP Authentication failed; no valid credentials available @ http://localhost:8083/index.ts.bundle?platform=web&dev=true&hot=false&lazy=true&transform.engine=hermes&transform.routerRoot=app&unstable_transformProfile=hermes-stable:491568
[ 2592964ms] [ERROR] WebSocket connection to 'ws://localhost:4000/api/v1/realtime/ws?topics=' failed: HTTP Authentication failed; no valid credentials available @ http://localhost:8083/index.ts.bundle?platform=web&dev=true&hot=false&lazy=true&transform.engine=hermes&transform.routerRoot=app&unstable_transformProfile=hermes-stable:491568
[ 2598975ms] [ERROR] WebSocket connection to 'ws://localhost:4000/api/v1/realtime/ws?topics=' failed: HTTP Authentication failed; no valid credentials available @ http://localhost:8083/index.ts.bundle?platform=web&dev=true&hot=false&lazy=true&transform.engine=hermes&transform.routerRoot=app&unstable_transformProfile=hermes-stable:491568
[ 2604935ms] [ERROR] WebSocket connection to 'ws://localhost:4000/api/v1/realtime/ws?topics=' failed: HTTP Authentication failed; no valid credentials available @ http://localhost:8083/index.ts.bundle?platform=web&dev=true&hot=false&lazy=true&transform.engine=hermes&transform.routerRoot=app&unstable_transformProfile=hermes-stable:491568
[ 2607089ms] [ERROR] WebSocket connection to 'ws://localhost:4000/api/v1/realtime/ws?topics=' failed: HTTP Authentication failed; no valid credentials available @ http://localhost:8083/index.ts.bundle?platform=web&dev=true&hot=false&lazy=true&transform.engine=hermes&transform.routerRoot=app&unstable_transformProfile=hermes-stable:491568
[ 2613717ms] [ERROR] WebSocket connection to 'ws://localhost:4000/api/v1/realtime/ws?topics=' failed: HTTP Authentication failed; no valid credentials available @ http://localhost:8083/index.ts.bundle?platform=web&dev=true&hot=false&lazy=true&transform.engine=hermes&transform.routerRoot=app&unstable_transformProfile=hermes-stable:491568
[ 2618886ms] [ERROR] WebSocket connection to 'ws://localhost:4000/api/v1/realtime/ws?topics=' failed: HTTP Authentication failed; no valid credentials available @ http://localhost:8083/index.ts.bundle?platform=web&dev=true&hot=false&lazy=true&transform.engine=hermes&transform.routerRoot=app&unstable_transformProfile=hermes-stable:491568
[ 2622650ms] [ERROR] WebSocket connection to 'ws://localhost:4000/api/v1/realtime/ws?topics=' failed: HTTP Authentication failed; no valid credentials available @ http://localhost:8083/index.ts.bundle?platform=web&dev=true&hot=false&lazy=true&transform.engine=hermes&transform.routerRoot=app&unstable_transformProfile=hermes-stable:491568
[ 2629417ms] [ERROR] WebSocket connection to 'ws://localhost:4000/api/v1/realtime/ws?topics=' failed: HTTP Authentication failed; no valid credentials available @ http://localhost:8083/index.ts.bundle?platform=web&dev=true&hot=false&lazy=true&transform.engine=hermes&transform.routerRoot=app&unstable_transformProfile=hermes-stable:491568
[ 2633762ms] [ERROR] WebSocket connection to 'ws://localhost:4000/api/v1/realtime/ws?topics=' failed: HTTP Authentication failed; no valid credentials available @ http://localhost:8083/index.ts.bundle?platform=web&dev=true&hot=false&lazy=true&transform.engine=hermes&transform.routerRoot=app&unstable_transformProfile=hermes-stable:491568
[ 2638987ms] [ERROR] WebSocket connection to 'ws://localhost:4000/api/v1/realtime/ws?topics=' failed: HTTP Authentication failed; no valid credentials available @ http://localhost:8083/index.ts.bundle?platform=web&dev=true&hot=false&lazy=true&transform.engine=hermes&transform.routerRoot=app&unstable_transformProfile=hermes-stable:491568
[ 2645526ms] [ERROR] WebSocket connection to 'ws://localhost:4000/api/v1/realtime/ws?topics=' failed: HTTP Authentication failed; no valid credentials available @ http://localhost:8083/index.ts.bundle?platform=web&dev=true&hot=false&lazy=true&transform.engine=hermes&transform.routerRoot=app&unstable_transformProfile=hermes-stable:491568
[ 2649075ms] [ERROR] WebSocket connection to 'ws://localhost:4000/api/v1/realtime/ws?topics=' failed: HTTP Authentication failed; no valid credentials available @ http://localhost:8083/index.ts.bundle?platform=web&dev=true&hot=false&lazy=true&transform.engine=hermes&transform.routerRoot=app&unstable_transformProfile=hermes-stable:491568
[ 2655039ms] [ERROR] WebSocket connection to 'ws://localhost:4000/api/v1/realtime/ws?topics=' failed: HTTP Authentication failed; no valid credentials available @ http://localhost:8083/index.ts.bundle?platform=web&dev=true&hot=false&lazy=true&transform.engine=hermes&transform.routerRoot=app&unstable_transformProfile=hermes-stable:491568
[ 2660813ms] [ERROR] WebSocket connection to 'ws://localhost:4000/api/v1/realtime/ws?topics=' failed: HTTP Authentication failed; no valid credentials available @ http://localhost:8083/index.ts.bundle?platform=web&dev=true&hot=false&lazy=true&transform.engine=hermes&transform.routerRoot=app&unstable_transformProfile=hermes-stable:491568
[ 2664446ms] [ERROR] WebSocket connection to 'ws://localhost:4000/api/v1/realtime/ws?topics=' failed: HTTP Authentication failed; no valid credentials available @ http://localhost:8083/index.ts.bundle?platform=web&dev=true&hot=false&lazy=true&transform.engine=hermes&transform.routerRoot=app&unstable_transformProfile=hermes-stable:491568
[ 2668289ms] [ERROR] WebSocket connection to 'ws://localhost:4000/api/v1/realtime/ws?topics=' failed: HTTP Authentication failed; no valid credentials available @ http://localhost:8083/index.ts.bundle?platform=web&dev=true&hot=false&lazy=true&transform.engine=hermes&transform.routerRoot=app&unstable_transformProfile=hermes-stable:491568
[ 2675284ms] [ERROR] WebSocket connection to 'ws://localhost:4000/api/v1/realtime/ws?topics=' failed: HTTP Authentication failed; no valid credentials available @ http://localhost:8083/index.ts.bundle?platform=web&dev=true&hot=false&lazy=true&transform.engine=hermes&transform.routerRoot=app&unstable_transformProfile=hermes-stable:491568
[ 2678545ms] [ERROR] WebSocket connection to 'ws://localhost:4000/api/v1/realtime/ws?topics=' failed: HTTP Authentication failed; no valid credentials available @ http://localhost:8083/index.ts.bundle?platform=web&dev=true&hot=false&lazy=true&transform.engine=hermes&transform.routerRoot=app&unstable_transformProfile=hermes-stable:491568
[ 2682238ms] [ERROR] WebSocket connection to 'ws://localhost:4000/api/v1/realtime/ws?topics=' failed: HTTP Authentication failed; no valid credentials available @ http://localhost:8083/index.ts.bundle?platform=web&dev=true&hot=false&lazy=true&transform.engine=hermes&transform.routerRoot=app&unstable_transformProfile=hermes-stable:491568
[ 2689654ms] [ERROR] WebSocket connection to 'ws://localhost:4000/api/v1/realtime/ws?topics=' failed: HTTP Authentication failed; no valid credentials available @ http://localhost:8083/index.ts.bundle?platform=web&dev=true&hot=false&lazy=true&transform.engine=hermes&transform.routerRoot=app&unstable_transformProfile=hermes-stable:491568
[ 2695169ms] [ERROR] WebSocket connection to 'ws://localhost:4000/api/v1/realtime/ws?topics=' failed: HTTP Authentication failed; no valid credentials available @ http://localhost:8083/index.ts.bundle?platform=web&dev=true&hot=false&lazy=true&transform.engine=hermes&transform.routerRoot=app&unstable_transformProfile=hermes-stable:491568
[ 2699505ms] [ERROR] WebSocket connection to 'ws://localhost:4000/api/v1/realtime/ws?topics=' failed: HTTP Authentication failed; no valid credentials available @ http://localhost:8083/index.ts.bundle?platform=web&dev=true&hot=false&lazy=true&transform.engine=hermes&transform.routerRoot=app&unstable_transformProfile=hermes-stable:491568
[ 2705644ms] [ERROR] WebSocket connection to 'ws://localhost:4000/api/v1/realtime/ws?topics=' failed: HTTP Authentication failed; no valid credentials available @ http://localhost:8083/index.ts.bundle?platform=web&dev=true&hot=false&lazy=true&transform.engine=hermes&transform.routerRoot=app&unstable_transformProfile=hermes-stable:491568
[ 2707567ms] [ERROR] WebSocket connection to 'ws://localhost:4000/api/v1/realtime/ws?topics=' failed: HTTP Authentication failed; no valid credentials available @ http://localhost:8083/index.ts.bundle?platform=web&dev=true&hot=false&lazy=true&transform.engine=hermes&transform.routerRoot=app&unstable_transformProfile=hermes-stable:491568
[ 2712227ms] [ERROR] WebSocket connection to 'ws://localhost:4000/api/v1/realtime/ws?topics=' failed: HTTP Authentication failed; no valid credentials available @ http://localhost:8083/index.ts.bundle?platform=web&dev=true&hot=false&lazy=true&transform.engine=hermes&transform.routerRoot=app&unstable_transformProfile=hermes-stable:491568
[ 2717385ms] [ERROR] WebSocket connection to 'ws://localhost:4000/api/v1/realtime/ws?topics=' failed: HTTP Authentication failed; no valid credentials available @ http://localhost:8083/index.ts.bundle?platform=web&dev=true&hot=false&lazy=true&transform.engine=hermes&transform.routerRoot=app&unstable_transformProfile=hermes-stable:491568
[ 2725817ms] [ERROR] WebSocket connection to 'ws://localhost:4000/api/v1/realtime/ws?topics=' failed: HTTP Authentication failed; no valid credentials available @ http://localhost:8083/index.ts.bundle?platform=web&dev=true&hot=false&lazy=true&transform.engine=hermes&transform.routerRoot=app&unstable_transformProfile=hermes-stable:491568
[ 2728905ms] [ERROR] WebSocket connection to 'ws://localhost:4000/api/v1/realtime/ws?topics=' failed: HTTP Authentication failed; no valid credentials available @ http://localhost:8083/index.ts.bundle?platform=web&dev=true&hot=false&lazy=true&transform.engine=hermes&transform.routerRoot=app&unstable_transformProfile=hermes-stable:491568
[ 2735631ms] [ERROR] WebSocket connection to 'ws://localhost:4000/api/v1/realtime/ws?topics=' failed: HTTP Authentication failed; no valid credentials available @ http://localhost:8083/index.ts.bundle?platform=web&dev=true&hot=false&lazy=true&transform.engine=hermes&transform.routerRoot=app&unstable_transformProfile=hermes-stable:491568
[ 2738028ms] [ERROR] WebSocket connection to 'ws://localhost:4000/api/v1/realtime/ws?topics=' failed: HTTP Authentication failed; no valid credentials available @ http://localhost:8083/index.ts.bundle?platform=web&dev=true&hot=false&lazy=true&transform.engine=hermes&transform.routerRoot=app&unstable_transformProfile=hermes-stable:491568
[ 2745323ms] [ERROR] WebSocket connection to 'ws://localhost:4000/api/v1/realtime/ws?topics=' failed: HTTP Authentication failed; no valid credentials available @ http://localhost:8083/index.ts.bundle?platform=web&dev=true&hot=false&lazy=true&transform.engine=hermes&transform.routerRoot=app&unstable_transformProfile=hermes-stable:491568
[ 2748748ms] [ERROR] WebSocket connection to 'ws://localhost:4000/api/v1/realtime/ws?topics=' failed: HTTP Authentication failed; no valid credentials available @ http://localhost:8083/index.ts.bundle?platform=web&dev=true&hot=false&lazy=true&transform.engine=hermes&transform.routerRoot=app&unstable_transformProfile=hermes-stable:491568
[ 2754005ms] [ERROR] WebSocket connection to 'ws://localhost:4000/api/v1/realtime/ws?topics=' failed: HTTP Authentication failed; no valid credentials available @ http://localhost:8083/index.ts.bundle?platform=web&dev=true&hot=false&lazy=true&transform.engine=hermes&transform.routerRoot=app&unstable_transformProfile=hermes-stable:491568
[ 2758826ms] [ERROR] WebSocket connection to 'ws://localhost:4000/api/v1/realtime/ws?topics=' failed: HTTP Authentication failed; no valid credentials available @ http://localhost:8083/index.ts.bundle?platform=web&dev=true&hot=false&lazy=true&transform.engine=hermes&transform.routerRoot=app&unstable_transformProfile=hermes-stable:491568
[ 2763832ms] [ERROR] WebSocket connection to 'ws://localhost:4000/api/v1/realtime/ws?topics=' failed: HTTP Authentication failed; no valid credentials available @ http://localhost:8083/index.ts.bundle?platform=web&dev=true&hot=false&lazy=true&transform.engine=hermes&transform.routerRoot=app&unstable_transformProfile=hermes-stable:491568
[ 2768106ms] [ERROR] WebSocket connection to 'ws://localhost:4000/api/v1/realtime/ws?topics=' failed: HTTP Authentication failed; no valid credentials available @ http://localhost:8083/index.ts.bundle?platform=web&dev=true&hot=false&lazy=true&transform.engine=hermes&transform.routerRoot=app&unstable_transformProfile=hermes-stable:491568
[ 2772750ms] [ERROR] WebSocket connection to 'ws://localhost:4000/api/v1/realtime/ws?topics=' failed: HTTP Authentication failed; no valid credentials available @ http://localhost:8083/index.ts.bundle?platform=web&dev=true&hot=false&lazy=true&transform.engine=hermes&transform.routerRoot=app&unstable_transformProfile=hermes-stable:491568
[ 2780809ms] [ERROR] WebSocket connection to 'ws://localhost:4000/api/v1/realtime/ws?topics=' failed: HTTP Authentication failed; no valid credentials available @ http://localhost:8083/index.ts.bundle?platform=web&dev=true&hot=false&lazy=true&transform.engine=hermes&transform.routerRoot=app&unstable_transformProfile=hermes-stable:491568
[ 2784333ms] [ERROR] WebSocket connection to 'ws://localhost:4000/api/v1/realtime/ws?topics=' failed: HTTP Authentication failed; no valid credentials available @ http://localhost:8083/index.ts.bundle?platform=web&dev=true&hot=false&lazy=true&transform.engine=hermes&transform.routerRoot=app&unstable_transformProfile=hermes-stable:491568
[ 2789760ms] [ERROR] WebSocket connection to 'ws://localhost:4000/api/v1/realtime/ws?topics=' failed: HTTP Authentication failed; no valid credentials available @ http://localhost:8083/index.ts.bundle?platform=web&dev=true&hot=false&lazy=true&transform.engine=hermes&transform.routerRoot=app&unstable_transformProfile=hermes-stable:491568
[ 2793582ms] [ERROR] WebSocket connection to 'ws://localhost:4000/api/v1/realtime/ws?topics=' failed: HTTP Authentication failed; no valid credentials available @ http://localhost:8083/index.ts.bundle?platform=web&dev=true&hot=false&lazy=true&transform.engine=hermes&transform.routerRoot=app&unstable_transformProfile=hermes-stable:491568
[ 2797275ms] [ERROR] WebSocket connection to 'ws://localhost:4000/api/v1/realtime/ws?topics=' failed: HTTP Authentication failed; no valid credentials available @ http://localhost:8083/index.ts.bundle?platform=web&dev=true&hot=false&lazy=true&transform.engine=hermes&transform.routerRoot=app&unstable_transformProfile=hermes-stable:491568
[ 2803553ms] [ERROR] WebSocket connection to 'ws://localhost:4000/api/v1/realtime/ws?topics=' failed: HTTP Authentication failed; no valid credentials available @ http://localhost:8083/index.ts.bundle?platform=web&dev=true&hot=false&lazy=true&transform.engine=hermes&transform.routerRoot=app&unstable_transformProfile=hermes-stable:491568
[ 2807240ms] [ERROR] WebSocket connection to 'ws://localhost:4000/api/v1/realtime/ws?topics=' failed: HTTP Authentication failed; no valid credentials available @ http://localhost:8083/index.ts.bundle?platform=web&dev=true&hot=false&lazy=true&transform.engine=hermes&transform.routerRoot=app&unstable_transformProfile=hermes-stable:491568
[ 2813933ms] [ERROR] WebSocket connection to 'ws://localhost:4000/api/v1/realtime/ws?topics=' failed: HTTP Authentication failed; no valid credentials available @ http://localhost:8083/index.ts.bundle?platform=web&dev=true&hot=false&lazy=true&transform.engine=hermes&transform.routerRoot=app&unstable_transformProfile=hermes-stable:491568
[ 2817483ms] [ERROR] WebSocket connection to 'ws://localhost:4000/api/v1/realtime/ws?topics=' failed: HTTP Authentication failed; no valid credentials available @ http://localhost:8083/index.ts.bundle?platform=web&dev=true&hot=false&lazy=true&transform.engine=hermes&transform.routerRoot=app&unstable_transformProfile=hermes-stable:491568
[ 2821931ms] [ERROR] WebSocket connection to 'ws://localhost:4000/api/v1/realtime/ws?topics=' failed: HTTP Authentication failed; no valid credentials available @ http://localhost:8083/index.ts.bundle?platform=web&dev=true&hot=false&lazy=true&transform.engine=hermes&transform.routerRoot=app&unstable_transformProfile=hermes-stable:491568
[ 2829823ms] [ERROR] WebSocket connection to 'ws://localhost:4000/api/v1/realtime/ws?topics=' failed: HTTP Authentication failed; no valid credentials available @ http://localhost:8083/index.ts.bundle?platform=web&dev=true&hot=false&lazy=true&transform.engine=hermes&transform.routerRoot=app&unstable_transformProfile=hermes-stable:491568
[ 2834621ms] [ERROR] WebSocket connection to 'ws://localhost:4000/api/v1/realtime/ws?topics=' failed: HTTP Authentication failed; no valid credentials available @ http://localhost:8083/index.ts.bundle?platform=web&dev=true&hot=false&lazy=true&transform.engine=hermes&transform.routerRoot=app&unstable_transformProfile=hermes-stable:491568
[ 2838957ms] [ERROR] WebSocket connection to 'ws://localhost:4000/api/v1/realtime/ws?topics=' failed: HTTP Authentication failed; no valid credentials available @ http://localhost:8083/index.ts.bundle?platform=web&dev=true&hot=false&lazy=true&transform.engine=hermes&transform.routerRoot=app&unstable_transformProfile=hermes-stable:491568
[ 2843332ms] [ERROR] WebSocket connection to 'ws://localhost:4000/api/v1/realtime/ws?topics=' failed: HTTP Authentication failed; no valid credentials available @ http://localhost:8083/index.ts.bundle?platform=web&dev=true&hot=false&lazy=true&transform.engine=hermes&transform.routerRoot=app&unstable_transformProfile=hermes-stable:491568
[ 2848357ms] [ERROR] WebSocket connection to 'ws://localhost:4000/api/v1/realtime/ws?topics=' failed: HTTP Authentication failed; no valid credentials available @ http://localhost:8083/index.ts.bundle?platform=web&dev=true&hot=false&lazy=true&transform.engine=hermes&transform.routerRoot=app&unstable_transformProfile=hermes-stable:491568
[ 2854296ms] [ERROR] WebSocket connection to 'ws://localhost:4000/api/v1/realtime/ws?topics=' failed: HTTP Authentication failed; no valid credentials available @ http://localhost:8083/index.ts.bundle?platform=web&dev=true&hot=false&lazy=true&transform.engine=hermes&transform.routerRoot=app&unstable_transformProfile=hermes-stable:491568
[ 2858392ms] [ERROR] WebSocket connection to 'ws://localhost:4000/api/v1/realtime/ws?topics=' failed: HTTP Authentication failed; no valid credentials available @ http://localhost:8083/index.ts.bundle?platform=web&dev=true&hot=false&lazy=true&transform.engine=hermes&transform.routerRoot=app&unstable_transformProfile=hermes-stable:491568
[ 2864026ms] [ERROR] WebSocket connection to 'ws://localhost:4000/api/v1/realtime/ws?topics=' failed: HTTP Authentication failed; no valid credentials available @ http://localhost:8083/index.ts.bundle?platform=web&dev=true&hot=false&lazy=true&transform.engine=hermes&transform.routerRoot=app&unstable_transformProfile=hermes-stable:491568
[ 2869645ms] [ERROR] WebSocket connection to 'ws://localhost:4000/api/v1/realtime/ws?topics=' failed: HTTP Authentication failed; no valid credentials available @ http://localhost:8083/index.ts.bundle?platform=web&dev=true&hot=false&lazy=true&transform.engine=hermes&transform.routerRoot=app&unstable_transformProfile=hermes-stable:491568
[ 2873008ms] [ERROR] WebSocket connection to 'ws://localhost:4000/api/v1/realtime/ws?topics=' failed: HTTP Authentication failed; no valid credentials available @ http://localhost:8083/index.ts.bundle?platform=web&dev=true&hot=false&lazy=true&transform.engine=hermes&transform.routerRoot=app&unstable_transformProfile=hermes-stable:491568
[ 2880276ms] [ERROR] WebSocket connection to 'ws://localhost:4000/api/v1/realtime/ws?topics=' failed: HTTP Authentication failed; no valid credentials available @ http://localhost:8083/index.ts.bundle?platform=web&dev=true&hot=false&lazy=true&transform.engine=hermes&transform.routerRoot=app&unstable_transformProfile=hermes-stable:491568
[ 2884484ms] [ERROR] WebSocket connection to 'ws://localhost:4000/api/v1/realtime/ws?topics=' failed: HTTP Authentication failed; no valid credentials available @ http://localhost:8083/index.ts.bundle?platform=web&dev=true&hot=false&lazy=true&transform.engine=hermes&transform.routerRoot=app&unstable_transformProfile=hermes-stable:491568
[ 2887770ms] [ERROR] WebSocket connection to 'ws://localhost:4000/api/v1/realtime/ws?topics=' failed: HTTP Authentication failed; no valid credentials available @ http://localhost:8083/index.ts.bundle?platform=web&dev=true&hot=false&lazy=true&transform.engine=hermes&transform.routerRoot=app&unstable_transformProfile=hermes-stable:491568
[ 2893097ms] [ERROR] WebSocket connection to 'ws://localhost:4000/api/v1/realtime/ws?topics=' failed: HTTP Authentication failed; no valid credentials available @ http://localhost:8083/index.ts.bundle?platform=web&dev=true&hot=false&lazy=true&transform.engine=hermes&transform.routerRoot=app&unstable_transformProfile=hermes-stable:491568
[ 2897142ms] [ERROR] WebSocket connection to 'ws://localhost:4000/api/v1/realtime/ws?topics=' failed: HTTP Authentication failed; no valid credentials available @ http://localhost:8083/index.ts.bundle?platform=web&dev=true&hot=false&lazy=true&transform.engine=hermes&transform.routerRoot=app&unstable_transformProfile=hermes-stable:491568
[ 2903009ms] [ERROR] WebSocket connection to 'ws://localhost:4000/api/v1/realtime/ws?topics=' failed: HTTP Authentication failed; no valid credentials available @ http://localhost:8083/index.ts.bundle?platform=web&dev=true&hot=false&lazy=true&transform.engine=hermes&transform.routerRoot=app&unstable_transformProfile=hermes-stable:491568
[ 2907067ms] [ERROR] WebSocket connection to 'ws://localhost:4000/api/v1/realtime/ws?topics=' failed: HTTP Authentication failed; no valid credentials available @ http://localhost:8083/index.ts.bundle?platform=web&dev=true&hot=false&lazy=true&transform.engine=hermes&transform.routerRoot=app&unstable_transformProfile=hermes-stable:491568
[ 2913219ms] [ERROR] WebSocket connection to 'ws://localhost:4000/api/v1/realtime/ws?topics=' failed: HTTP Authentication failed; no valid credentials available @ http://localhost:8083/index.ts.bundle?platform=web&dev=true&hot=false&lazy=true&transform.engine=hermes&transform.routerRoot=app&unstable_transformProfile=hermes-stable:491568
[ 2917244ms] [ERROR] WebSocket connection to 'ws://localhost:4000/api/v1/realtime/ws?topics=' failed: HTTP Authentication failed; no valid credentials available @ http://localhost:8083/index.ts.bundle?platform=web&dev=true&hot=false&lazy=true&transform.engine=hermes&transform.routerRoot=app&unstable_transformProfile=hermes-stable:491568
[ 2922024ms] [ERROR] WebSocket connection to 'ws://localhost:4000/api/v1/realtime/ws?topics=' failed: HTTP Authentication failed; no valid credentials available @ http://localhost:8083/index.ts.bundle?platform=web&dev=true&hot=false&lazy=true&transform.engine=hermes&transform.routerRoot=app&unstable_transformProfile=hermes-stable:491568
[ 2927110ms] [ERROR] WebSocket connection to 'ws://localhost:4000/api/v1/realtime/ws?topics=' failed: HTTP Authentication failed; no valid credentials available @ http://localhost:8083/index.ts.bundle?platform=web&dev=true&hot=false&lazy=true&transform.engine=hermes&transform.routerRoot=app&unstable_transformProfile=hermes-stable:491568
[ 2934311ms] [ERROR] WebSocket connection to 'ws://localhost:4000/api/v1/realtime/ws?topics=' failed: HTTP Authentication failed; no valid credentials available @ http://localhost:8083/index.ts.bundle?platform=web&dev=true&hot=false&lazy=true&transform.engine=hermes&transform.routerRoot=app&unstable_transformProfile=hermes-stable:491568
[ 2938833ms] [ERROR] WebSocket connection to 'ws://localhost:4000/api/v1/realtime/ws?topics=' failed: HTTP Authentication failed; no valid credentials available @ http://localhost:8083/index.ts.bundle?platform=web&dev=true&hot=false&lazy=true&transform.engine=hermes&transform.routerRoot=app&unstable_transformProfile=hermes-stable:491568
[ 2944805ms] [ERROR] WebSocket connection to 'ws://localhost:4000/api/v1/realtime/ws?topics=' failed: HTTP Authentication failed; no valid credentials available @ http://localhost:8083/index.ts.bundle?platform=web&dev=true&hot=false&lazy=true&transform.engine=hermes&transform.routerRoot=app&unstable_transformProfile=hermes-stable:491568
[ 2949998ms] [ERROR] WebSocket connection to 'ws://localhost:4000/api/v1/realtime/ws?topics=' failed: HTTP Authentication failed; no valid credentials available @ http://localhost:8083/index.ts.bundle?platform=web&dev=true&hot=false&lazy=true&transform.engine=hermes&transform.routerRoot=app&unstable_transformProfile=hermes-stable:491568
[ 2955546ms] [ERROR] WebSocket connection to 'ws://localhost:4000/api/v1/realtime/ws?topics=' failed: HTTP Authentication failed; no valid credentials available @ http://localhost:8083/index.ts.bundle?platform=web&dev=true&hot=false&lazy=true&transform.engine=hermes&transform.routerRoot=app&unstable_transformProfile=hermes-stable:491568
[ 2958882ms] [ERROR] WebSocket connection to 'ws://localhost:4000/api/v1/realtime/ws?topics=' failed: HTTP Authentication failed; no valid credentials available @ http://localhost:8083/index.ts.bundle?platform=web&dev=true&hot=false&lazy=true&transform.engine=hermes&transform.routerRoot=app&unstable_transformProfile=hermes-stable:491568
[ 2962153ms] [ERROR] WebSocket connection to 'ws://localhost:4000/api/v1/realtime/ws?topics=' failed: HTTP Authentication failed; no valid credentials available @ http://localhost:8083/index.ts.bundle?platform=web&dev=true&hot=false&lazy=true&transform.engine=hermes&transform.routerRoot=app&unstable_transformProfile=hermes-stable:491568
[ 2969290ms] [ERROR] WebSocket connection to 'ws://localhost:4000/api/v1/realtime/ws?topics=' failed: HTTP Authentication failed; no valid credentials available @ http://localhost:8083/index.ts.bundle?platform=web&dev=true&hot=false&lazy=true&transform.engine=hermes&transform.routerRoot=app&unstable_transformProfile=hermes-stable:491568
[ 2974675ms] [ERROR] WebSocket connection to 'ws://localhost:4000/api/v1/realtime/ws?topics=' failed: HTTP Authentication failed; no valid credentials available @ http://localhost:8083/index.ts.bundle?platform=web&dev=true&hot=false&lazy=true&transform.engine=hermes&transform.routerRoot=app&unstable_transformProfile=hermes-stable:491568
[ 2976883ms] [ERROR] WebSocket connection to 'ws://localhost:4000/api/v1/realtime/ws?topics=' failed: HTTP Authentication failed; no valid credentials available @ http://localhost:8083/index.ts.bundle?platform=web&dev=true&hot=false&lazy=true&transform.engine=hermes&transform.routerRoot=app&unstable_transformProfile=hermes-stable:491568
[ 2984764ms] [ERROR] WebSocket connection to 'ws://localhost:4000/api/v1/realtime/ws?topics=' failed: HTTP Authentication failed; no valid credentials available @ http://localhost:8083/index.ts.bundle?platform=web&dev=true&hot=false&lazy=true&transform.engine=hermes&transform.routerRoot=app&unstable_transformProfile=hermes-stable:491568
[ 2987899ms] [ERROR] WebSocket connection to 'ws://localhost:4000/api/v1/realtime/ws?topics=' failed: HTTP Authentication failed; no valid credentials available @ http://localhost:8083/index.ts.bundle?platform=web&dev=true&hot=false&lazy=true&transform.engine=hermes&transform.routerRoot=app&unstable_transformProfile=hermes-stable:491568
[ 2993834ms] [ERROR] WebSocket connection to 'ws://localhost:4000/api/v1/realtime/ws?topics=' failed: HTTP Authentication failed; no valid credentials available @ http://localhost:8083/index.ts.bundle?platform=web&dev=true&hot=false&lazy=true&transform.engine=hermes&transform.routerRoot=app&unstable_transformProfile=hermes-stable:491568
[ 2998142ms] [ERROR] WebSocket connection to 'ws://localhost:4000/api/v1/realtime/ws?topics=' failed: HTTP Authentication failed; no valid credentials available @ http://localhost:8083/index.ts.bundle?platform=web&dev=true&hot=false&lazy=true&transform.engine=hermes&transform.routerRoot=app&unstable_transformProfile=hermes-stable:491568
[ 3004731ms] [ERROR] WebSocket connection to 'ws://localhost:4000/api/v1/realtime/ws?topics=' failed: HTTP Authentication failed; no valid credentials available @ http://localhost:8083/index.ts.bundle?platform=web&dev=true&hot=false&lazy=true&transform.engine=hermes&transform.routerRoot=app&unstable_transformProfile=hermes-stable:491568
[ 3009764ms] [ERROR] WebSocket connection to 'ws://localhost:4000/api/v1/realtime/ws?topics=' failed: HTTP Authentication failed; no valid credentials available @ http://localhost:8083/index.ts.bundle?platform=web&dev=true&hot=false&lazy=true&transform.engine=hermes&transform.routerRoot=app&unstable_transformProfile=hermes-stable:491568
[ 3012396ms] [ERROR] WebSocket connection to 'ws://localhost:4000/api/v1/realtime/ws?topics=' failed: HTTP Authentication failed; no valid credentials available @ http://localhost:8083/index.ts.bundle?platform=web&dev=true&hot=false&lazy=true&transform.engine=hermes&transform.routerRoot=app&unstable_transformProfile=hermes-stable:491568
[ 3017653ms] [ERROR] WebSocket connection to 'ws://localhost:4000/api/v1/realtime/ws?topics=' failed: HTTP Authentication failed; no valid credentials available @ http://localhost:8083/index.ts.bundle?platform=web&dev=true&hot=false&lazy=true&transform.engine=hermes&transform.routerRoot=app&unstable_transformProfile=hermes-stable:491568
[ 3025146ms] [ERROR] WebSocket connection to 'ws://localhost:4000/api/v1/realtime/ws?topics=' failed: HTTP Authentication failed; no valid credentials available @ http://localhost:8083/index.ts.bundle?platform=web&dev=true&hot=false&lazy=true&transform.engine=hermes&transform.routerRoot=app&unstable_transformProfile=hermes-stable:491568
[ 3028417ms] [ERROR] WebSocket connection to 'ws://localhost:4000/api/v1/realtime/ws?topics=' failed: HTTP Authentication failed; no valid credentials available @ http://localhost:8083/index.ts.bundle?platform=web&dev=true&hot=false&lazy=true&transform.engine=hermes&transform.routerRoot=app&unstable_transformProfile=hermes-stable:491568
[ 3034726ms] [ERROR] WebSocket connection to 'ws://localhost:4000/api/v1/realtime/ws?topics=' failed: HTTP Authentication failed; no valid credentials available @ http://localhost:8083/index.ts.bundle?platform=web&dev=true&hot=false&lazy=true&transform.engine=hermes&transform.routerRoot=app&unstable_transformProfile=hermes-stable:491568
[ 3038341ms] [ERROR] WebSocket connection to 'ws://localhost:4000/api/v1/realtime/ws?topics=' failed: HTTP Authentication failed; no valid credentials available @ http://localhost:8083/index.ts.bundle?platform=web&dev=true&hot=false&lazy=true&transform.engine=hermes&transform.routerRoot=app&unstable_transformProfile=hermes-stable:491568
[ 3042025ms] [ERROR] WebSocket connection to 'ws://localhost:4000/api/v1/realtime/ws?topics=' failed: HTTP Authentication failed; no valid credentials available @ http://localhost:8083/index.ts.bundle?platform=web&dev=true&hot=false&lazy=true&transform.engine=hermes&transform.routerRoot=app&unstable_transformProfile=hermes-stable:491568
[ 3048609ms] [ERROR] WebSocket connection to 'ws://localhost:4000/api/v1/realtime/ws?topics=' failed: HTTP Authentication failed; no valid credentials available @ http://localhost:8083/index.ts.bundle?platform=web&dev=true&hot=false&lazy=true&transform.engine=hermes&transform.routerRoot=app&unstable_transformProfile=hermes-stable:491568
[ 3055607ms] [ERROR] WebSocket connection to 'ws://localhost:4000/api/v1/realtime/ws?topics=' failed: HTTP Authentication failed; no valid credentials available @ http://localhost:8083/index.ts.bundle?platform=web&dev=true&hot=false&lazy=true&transform.engine=hermes&transform.routerRoot=app&unstable_transformProfile=hermes-stable:491568
[ 3058552ms] [ERROR] WebSocket connection to 'ws://localhost:4000/api/v1/realtime/ws?topics=' failed: HTTP Authentication failed; no valid credentials available @ http://localhost:8083/index.ts.bundle?platform=web&dev=true&hot=false&lazy=true&transform.engine=hermes&transform.routerRoot=app&unstable_transformProfile=hermes-stable:491568
[ 3063895ms] [ERROR] WebSocket connection to 'ws://localhost:4000/api/v1/realtime/ws?topics=' failed: HTTP Authentication failed; no valid credentials available @ http://localhost:8083/index.ts.bundle?platform=web&dev=true&hot=false&lazy=true&transform.engine=hermes&transform.routerRoot=app&unstable_transformProfile=hermes-stable:491568
[ 3069628ms] [ERROR] WebSocket connection to 'ws://localhost:4000/api/v1/realtime/ws?topics=' failed: HTTP Authentication failed; no valid credentials available @ http://localhost:8083/index.ts.bundle?platform=web&dev=true&hot=false&lazy=true&transform.engine=hermes&transform.routerRoot=app&unstable_transformProfile=hermes-stable:491568
[ 3075737ms] [ERROR] WebSocket connection to 'ws://localhost:4000/api/v1/realtime/ws?topics=' failed: HTTP Authentication failed; no valid credentials available @ http://localhost:8083/index.ts.bundle?platform=web&dev=true&hot=false&lazy=true&transform.engine=hermes&transform.routerRoot=app&unstable_transformProfile=hermes-stable:491568
[ 3078086ms] [ERROR] WebSocket connection to 'ws://localhost:4000/api/v1/realtime/ws?topics=' failed: HTTP Authentication failed; no valid credentials available @ http://localhost:8083/index.ts.bundle?platform=web&dev=true&hot=false&lazy=true&transform.engine=hermes&transform.routerRoot=app&unstable_transformProfile=hermes-stable:491568
[ 3084584ms] [ERROR] WebSocket connection to 'ws://localhost:4000/api/v1/realtime/ws?topics=' failed: HTTP Authentication failed; no valid credentials available @ http://localhost:8083/index.ts.bundle?platform=web&dev=true&hot=false&lazy=true&transform.engine=hermes&transform.routerRoot=app&unstable_transformProfile=hermes-stable:491568
[ 3090595ms] [ERROR] WebSocket connection to 'ws://localhost:4000/api/v1/realtime/ws?topics=' failed: HTTP Authentication failed; no valid credentials available @ http://localhost:8083/index.ts.bundle?platform=web&dev=true&hot=false&lazy=true&transform.engine=hermes&transform.routerRoot=app&unstable_transformProfile=hermes-stable:491568
[ 3093323ms] [ERROR] WebSocket connection to 'ws://localhost:4000/api/v1/realtime/ws?topics=' failed: HTTP Authentication failed; no valid credentials available @ http://localhost:8083/index.ts.bundle?platform=web&dev=true&hot=false&lazy=true&transform.engine=hermes&transform.routerRoot=app&unstable_transformProfile=hermes-stable:491568
[ 3097679ms] [ERROR] WebSocket connection to 'ws://localhost:4000/api/v1/realtime/ws?topics=' failed: HTTP Authentication failed; no valid credentials available @ http://localhost:8083/index.ts.bundle?platform=web&dev=true&hot=false&lazy=true&transform.engine=hermes&transform.routerRoot=app&unstable_transformProfile=hermes-stable:491568
[ 3102859ms] [ERROR] WebSocket connection to 'ws://localhost:4000/api/v1/realtime/ws?topics=' failed: HTTP Authentication failed; no valid credentials available @ http://localhost:8083/index.ts.bundle?platform=web&dev=true&hot=false&lazy=true&transform.engine=hermes&transform.routerRoot=app&unstable_transformProfile=hermes-stable:491568
[ 3109055ms] [ERROR] WebSocket connection to 'ws://localhost:4000/api/v1/realtime/ws?topics=' failed: HTTP Authentication failed; no valid credentials available @ http://localhost:8083/index.ts.bundle?platform=web&dev=true&hot=false&lazy=true&transform.engine=hermes&transform.routerRoot=app&unstable_transformProfile=hermes-stable:491568
[ 3112695ms] [ERROR] WebSocket connection to 'ws://localhost:4000/api/v1/realtime/ws?topics=' failed: HTTP Authentication failed; no valid credentials available @ http://localhost:8083/index.ts.bundle?platform=web&dev=true&hot=false&lazy=true&transform.engine=hermes&transform.routerRoot=app&unstable_transformProfile=hermes-stable:491568
[ 3120445ms] [ERROR] WebSocket connection to 'ws://localhost:4000/api/v1/realtime/ws?topics=' failed: HTTP Authentication failed; no valid credentials available @ http://localhost:8083/index.ts.bundle?platform=web&dev=true&hot=false&lazy=true&transform.engine=hermes&transform.routerRoot=app&unstable_transformProfile=hermes-stable:491568
[ 3123400ms] [ERROR] WebSocket connection to 'ws://localhost:4000/api/v1/realtime/ws?topics=' failed: HTTP Authentication failed; no valid credentials available @ http://localhost:8083/index.ts.bundle?platform=web&dev=true&hot=false&lazy=true&transform.engine=hermes&transform.routerRoot=app&unstable_transformProfile=hermes-stable:491568
[ 3128811ms] [ERROR] WebSocket connection to 'ws://localhost:4000/api/v1/realtime/ws?topics=' failed: HTTP Authentication failed; no valid credentials available @ http://localhost:8083/index.ts.bundle?platform=web&dev=true&hot=false&lazy=true&transform.engine=hermes&transform.routerRoot=app&unstable_transformProfile=hermes-stable:491568
[ 3133343ms] [ERROR] WebSocket connection to 'ws://localhost:4000/api/v1/realtime/ws?topics=' failed: HTTP Authentication failed; no valid credentials available @ http://localhost:8083/index.ts.bundle?platform=web&dev=true&hot=false&lazy=true&transform.engine=hermes&transform.routerRoot=app&unstable_transformProfile=hermes-stable:491568
[ 3139012ms] [ERROR] WebSocket connection to 'ws://localhost:4000/api/v1/realtime/ws?topics=' failed: HTTP Authentication failed; no valid credentials available @ http://localhost:8083/index.ts.bundle?platform=web&dev=true&hot=false&lazy=true&transform.engine=hermes&transform.routerRoot=app&unstable_transformProfile=hermes-stable:491568
[ 3143543ms] [ERROR] WebSocket connection to 'ws://localhost:4000/api/v1/realtime/ws?topics=' failed: HTTP Authentication failed; no valid credentials available @ http://localhost:8083/index.ts.bundle?platform=web&dev=true&hot=false&lazy=true&transform.engine=hermes&transform.routerRoot=app&unstable_transformProfile=hermes-stable:491568
[ 3146894ms] [ERROR] WebSocket connection to 'ws://localhost:4000/api/v1/realtime/ws?topics=' failed: HTTP Authentication failed; no valid credentials available @ http://localhost:8083/index.ts.bundle?platform=web&dev=true&hot=false&lazy=true&transform.engine=hermes&transform.routerRoot=app&unstable_transformProfile=hermes-stable:491568
[ 3153578ms] [ERROR] WebSocket connection to 'ws://localhost:4000/api/v1/realtime/ws?topics=' failed: HTTP Authentication failed; no valid credentials available @ http://localhost:8083/index.ts.bundle?platform=web&dev=true&hot=false&lazy=true&transform.engine=hermes&transform.routerRoot=app&unstable_transformProfile=hermes-stable:491568
[ 3159138ms] [ERROR] WebSocket connection to 'ws://localhost:4000/api/v1/realtime/ws?topics=' failed: HTTP Authentication failed; no valid credentials available @ http://localhost:8083/index.ts.bundle?platform=web&dev=true&hot=false&lazy=true&transform.engine=hermes&transform.routerRoot=app&unstable_transformProfile=hermes-stable:491568
[ 3164654ms] [ERROR] WebSocket connection to 'ws://localhost:4000/api/v1/realtime/ws?topics=' failed: HTTP Authentication failed; no valid credentials available @ http://localhost:8083/index.ts.bundle?platform=web&dev=true&hot=false&lazy=true&transform.engine=hermes&transform.routerRoot=app&unstable_transformProfile=hermes-stable:491568
[ 3169712ms] [ERROR] WebSocket connection to 'ws://localhost:4000/api/v1/realtime/ws?topics=' failed: HTTP Authentication failed; no valid credentials available @ http://localhost:8083/index.ts.bundle?platform=web&dev=true&hot=false&lazy=true&transform.engine=hermes&transform.routerRoot=app&unstable_transformProfile=hermes-stable:491568
[ 3172412ms] [ERROR] WebSocket connection to 'ws://localhost:4000/api/v1/realtime/ws?topics=' failed: HTTP Authentication failed; no valid credentials available @ http://localhost:8083/index.ts.bundle?platform=web&dev=true&hot=false&lazy=true&transform.engine=hermes&transform.routerRoot=app&unstable_transformProfile=hermes-stable:491568
[ 3179367ms] [ERROR] WebSocket connection to 'ws://localhost:4000/api/v1/realtime/ws?topics=' failed: HTTP Authentication failed; no valid credentials available @ http://localhost:8083/index.ts.bundle?platform=web&dev=true&hot=false&lazy=true&transform.engine=hermes&transform.routerRoot=app&unstable_transformProfile=hermes-stable:491568
[ 3185781ms] [ERROR] WebSocket connection to 'ws://localhost:4000/api/v1/realtime/ws?topics=' failed: HTTP Authentication failed; no valid credentials available @ http://localhost:8083/index.ts.bundle?platform=web&dev=true&hot=false&lazy=true&transform.engine=hermes&transform.routerRoot=app&unstable_transformProfile=hermes-stable:491568
[ 3189319ms] [ERROR] WebSocket connection to 'ws://localhost:4000/api/v1/realtime/ws?topics=' failed: HTTP Authentication failed; no valid credentials available @ http://localhost:8083/index.ts.bundle?platform=web&dev=true&hot=false&lazy=true&transform.engine=hermes&transform.routerRoot=app&unstable_transformProfile=hermes-stable:491568
[ 3192317ms] [ERROR] WebSocket connection to 'ws://localhost:4000/api/v1/realtime/ws?topics=' failed: HTTP Authentication failed; no valid credentials available @ http://localhost:8083/index.ts.bundle?platform=web&dev=true&hot=false&lazy=true&transform.engine=hermes&transform.routerRoot=app&unstable_transformProfile=hermes-stable:491568
[ 3196888ms] [ERROR] WebSocket connection to 'ws://localhost:4000/api/v1/realtime/ws?topics=' failed: HTTP Authentication failed; no valid credentials available @ http://localhost:8083/index.ts.bundle?platform=web&dev=true&hot=false&lazy=true&transform.engine=hermes&transform.routerRoot=app&unstable_transformProfile=hermes-stable:491568
[ 3202977ms] [ERROR] WebSocket connection to 'ws://localhost:4000/api/v1/realtime/ws?topics=' failed: HTTP Authentication failed; no valid credentials available @ http://localhost:8083/index.ts.bundle?platform=web&dev=true&hot=false&lazy=true&transform.engine=hermes&transform.routerRoot=app&unstable_transformProfile=hermes-stable:491568
[ 3207654ms] [ERROR] WebSocket connection to 'ws://localhost:4000/api/v1/realtime/ws?topics=' failed: HTTP Authentication failed; no valid credentials available @ http://localhost:8083/index.ts.bundle?platform=web&dev=true&hot=false&lazy=true&transform.engine=hermes&transform.routerRoot=app&unstable_transformProfile=hermes-stable:491568
[ 3212759ms] [ERROR] WebSocket connection to 'ws://localhost:4000/api/v1/realtime/ws?topics=' failed: HTTP Authentication failed; no valid credentials available @ http://localhost:8083/index.ts.bundle?platform=web&dev=true&hot=false&lazy=true&transform.engine=hermes&transform.routerRoot=app&unstable_transformProfile=hermes-stable:491568
[ 3217686ms] [ERROR] WebSocket connection to 'ws://localhost:4000/api/v1/realtime/ws?topics=' failed: HTTP Authentication failed; no valid credentials available @ http://localhost:8083/index.ts.bundle?platform=web&dev=true&hot=false&lazy=true&transform.engine=hermes&transform.routerRoot=app&unstable_transformProfile=hermes-stable:491568
[ 3223299ms] [ERROR] WebSocket connection to 'ws://localhost:4000/api/v1/realtime/ws?topics=' failed: HTTP Authentication failed; no valid credentials available @ http://localhost:8083/index.ts.bundle?platform=web&dev=true&hot=false&lazy=true&transform.engine=hermes&transform.routerRoot=app&unstable_transformProfile=hermes-stable:491568
[ 3228727ms] [ERROR] WebSocket connection to 'ws://localhost:4000/api/v1/realtime/ws?topics=' failed: HTTP Authentication failed; no valid credentials available @ http://localhost:8083/index.ts.bundle?platform=web&dev=true&hot=false&lazy=true&transform.engine=hermes&transform.routerRoot=app&unstable_transformProfile=hermes-stable:491568
[ 3234287ms] [ERROR] WebSocket connection to 'ws://localhost:4000/api/v1/realtime/ws?topics=' failed: HTTP Authentication failed; no valid credentials available @ http://localhost:8083/index.ts.bundle?platform=web&dev=true&hot=false&lazy=true&transform.engine=hermes&transform.routerRoot=app&unstable_transformProfile=hermes-stable:491568
[ 3239423ms] [ERROR] WebSocket connection to 'ws://localhost:4000/api/v1/realtime/ws?topics=' failed: HTTP Authentication failed; no valid credentials available @ http://localhost:8083/index.ts.bundle?platform=web&dev=true&hot=false&lazy=true&transform.engine=hermes&transform.routerRoot=app&unstable_transformProfile=hermes-stable:491568
[ 3242183ms] [ERROR] WebSocket connection to 'ws://localhost:4000/api/v1/realtime/ws?topics=' failed: HTTP Authentication failed; no valid credentials available @ http://localhost:8083/index.ts.bundle?platform=web&dev=true&hot=false&lazy=true&transform.engine=hermes&transform.routerRoot=app&unstable_transformProfile=hermes-stable:491568
[ 3249025ms] [ERROR] WebSocket connection to 'ws://localhost:4000/api/v1/realtime/ws?topics=' failed: HTTP Authentication failed; no valid credentials available @ http://localhost:8083/index.ts.bundle?platform=web&dev=true&hot=false&lazy=true&transform.engine=hermes&transform.routerRoot=app&unstable_transformProfile=hermes-stable:491568
[ 3255480ms] [ERROR] WebSocket connection to 'ws://localhost:4000/api/v1/realtime/ws?topics=' failed: HTTP Authentication failed; no valid credentials available @ http://localhost:8083/index.ts.bundle?platform=web&dev=true&hot=false&lazy=true&transform.engine=hermes&transform.routerRoot=app&unstable_transformProfile=hermes-stable:491568
[ 3257312ms] [ERROR] WebSocket connection to 'ws://localhost:4000/api/v1/realtime/ws?topics=' failed: HTTP Authentication failed; no valid credentials available @ http://localhost:8083/index.ts.bundle?platform=web&dev=true&hot=false&lazy=true&transform.engine=hermes&transform.routerRoot=app&unstable_transformProfile=hermes-stable:491568
[ 3263333ms] [ERROR] WebSocket connection to 'ws://localhost:4000/api/v1/realtime/ws?topics=' failed: HTTP Authentication failed; no valid credentials available @ http://localhost:8083/index.ts.bundle?platform=web&dev=true&hot=false&lazy=true&transform.engine=hermes&transform.routerRoot=app&unstable_transformProfile=hermes-stable:491568
[ 3267632ms] [ERROR] WebSocket connection to 'ws://localhost:4000/api/v1/realtime/ws?topics=' failed: HTTP Authentication failed; no valid credentials available @ http://localhost:8083/index.ts.bundle?platform=web&dev=true&hot=false&lazy=true&transform.engine=hermes&transform.routerRoot=app&unstable_transformProfile=hermes-stable:491568
[ 3274175ms] [ERROR] WebSocket connection to 'ws://localhost:4000/api/v1/realtime/ws?topics=' failed: HTTP Authentication failed; no valid credentials available @ http://localhost:8083/index.ts.bundle?platform=web&dev=true&hot=false&lazy=true&transform.engine=hermes&transform.routerRoot=app&unstable_transformProfile=hermes-stable:491568
[ 3280711ms] [ERROR] WebSocket connection to 'ws://localhost:4000/api/v1/realtime/ws?topics=' failed: HTTP Authentication failed; no valid credentials available @ http://localhost:8083/index.ts.bundle?platform=web&dev=true&hot=false&lazy=true&transform.engine=hermes&transform.routerRoot=app&unstable_transformProfile=hermes-stable:491568
[ 3281926ms] [ERROR] WebSocket connection to 'ws://localhost:4000/api/v1/realtime/ws?topics=' failed: HTTP Authentication failed; no valid credentials available @ http://localhost:8083/index.ts.bundle?platform=web&dev=true&hot=false&lazy=true&transform.engine=hermes&transform.routerRoot=app&unstable_transformProfile=hermes-stable:491568
[ 3289462ms] [ERROR] WebSocket connection to 'ws://localhost:4000/api/v1/realtime/ws?topics=' failed: HTTP Authentication failed; no valid credentials available @ http://localhost:8083/index.ts.bundle?platform=web&dev=true&hot=false&lazy=true&transform.engine=hermes&transform.routerRoot=app&unstable_transformProfile=hermes-stable:491568
[ 3295317ms] [ERROR] WebSocket connection to 'ws://localhost:4000/api/v1/realtime/ws?topics=' failed: HTTP Authentication failed; no valid credentials available @ http://localhost:8083/index.ts.bundle?platform=web&dev=true&hot=false&lazy=true&transform.engine=hermes&transform.routerRoot=app&unstable_transformProfile=hermes-stable:491568
[ 3300298ms] [ERROR] WebSocket connection to 'ws://localhost:4000/api/v1/realtime/ws?topics=' failed: HTTP Authentication failed; no valid credentials available @ http://localhost:8083/index.ts.bundle?platform=web&dev=true&hot=false&lazy=true&transform.engine=hermes&transform.routerRoot=app&unstable_transformProfile=hermes-stable:491568
[ 3303529ms] [ERROR] WebSocket connection to 'ws://localhost:4000/api/v1/realtime/ws?topics=' failed: HTTP Authentication failed; no valid credentials available @ http://localhost:8083/index.ts.bundle?platform=web&dev=true&hot=false&lazy=true&transform.engine=hermes&transform.routerRoot=app&unstable_transformProfile=hermes-stable:491568
[ 3310100ms] [ERROR] WebSocket connection to 'ws://localhost:4000/api/v1/realtime/ws?topics=' failed: HTTP Authentication failed; no valid credentials available @ http://localhost:8083/index.ts.bundle?platform=web&dev=true&hot=false&lazy=true&transform.engine=hermes&transform.routerRoot=app&unstable_transformProfile=hermes-stable:491568
[ 3314526ms] [ERROR] WebSocket connection to 'ws://localhost:4000/api/v1/realtime/ws?topics=' failed: HTTP Authentication failed; no valid credentials available @ http://localhost:8083/index.ts.bundle?platform=web&dev=true&hot=false&lazy=true&transform.engine=hermes&transform.routerRoot=app&unstable_transformProfile=hermes-stable:491568
[ 3319679ms] [ERROR] WebSocket connection to 'ws://localhost:4000/api/v1/realtime/ws?topics=' failed: HTTP Authentication failed; no valid credentials available @ http://localhost:8083/index.ts.bundle?platform=web&dev=true&hot=false&lazy=true&transform.engine=hermes&transform.routerRoot=app&unstable_transformProfile=hermes-stable:491568
[ 3323147ms] [ERROR] WebSocket connection to 'ws://localhost:4000/api/v1/realtime/ws?topics=' failed: HTTP Authentication failed; no valid credentials available @ http://localhost:8083/index.ts.bundle?platform=web&dev=true&hot=false&lazy=true&transform.engine=hermes&transform.routerRoot=app&unstable_transformProfile=hermes-stable:491568
[ 3328546ms] [ERROR] WebSocket connection to 'ws://localhost:4000/api/v1/realtime/ws?topics=' failed: HTTP Authentication failed; no valid credentials available @ http://localhost:8083/index.ts.bundle?platform=web&dev=true&hot=false&lazy=true&transform.engine=hermes&transform.routerRoot=app&unstable_transformProfile=hermes-stable:491568
[ 3332692ms] [ERROR] WebSocket connection to 'ws://localhost:4000/api/v1/realtime/ws?topics=' failed: HTTP Authentication failed; no valid credentials available @ http://localhost:8083/index.ts.bundle?platform=web&dev=true&hot=false&lazy=true&transform.engine=hermes&transform.routerRoot=app&unstable_transformProfile=hermes-stable:491568
[ 3338769ms] [ERROR] WebSocket connection to 'ws://localhost:4000/api/v1/realtime/ws?topics=' failed: HTTP Authentication failed; no valid credentials available @ http://localhost:8083/index.ts.bundle?platform=web&dev=true&hot=false&lazy=true&transform.engine=hermes&transform.routerRoot=app&unstable_transformProfile=hermes-stable:491568
[ 3345349ms] [ERROR] WebSocket connection to 'ws://localhost:4000/api/v1/realtime/ws?topics=' failed: HTTP Authentication failed; no valid credentials available @ http://localhost:8083/index.ts.bundle?platform=web&dev=true&hot=false&lazy=true&transform.engine=hermes&transform.routerRoot=app&unstable_transformProfile=hermes-stable:491568
[ 3349711ms] [ERROR] WebSocket connection to 'ws://localhost:4000/api/v1/realtime/ws?topics=' failed: HTTP Authentication failed; no valid credentials available @ http://localhost:8083/index.ts.bundle?platform=web&dev=true&hot=false&lazy=true&transform.engine=hermes&transform.routerRoot=app&unstable_transformProfile=hermes-stable:491568
[ 3353223ms] [ERROR] WebSocket connection to 'ws://localhost:4000/api/v1/realtime/ws?topics=' failed: HTTP Authentication failed; no valid credentials available @ http://localhost:8083/index.ts.bundle?platform=web&dev=true&hot=false&lazy=true&transform.engine=hermes&transform.routerRoot=app&unstable_transformProfile=hermes-stable:491568
[ 3359096ms] [ERROR] WebSocket connection to 'ws://localhost:4000/api/v1/realtime/ws?topics=' failed: HTTP Authentication failed; no valid credentials available @ http://localhost:8083/index.ts.bundle?platform=web&dev=true&hot=false&lazy=true&transform.engine=hermes&transform.routerRoot=app&unstable_transformProfile=hermes-stable:491568
[ 3364094ms] [ERROR] WebSocket connection to 'ws://localhost:4000/api/v1/realtime/ws?topics=' failed: HTTP Authentication failed; no valid credentials available @ http://localhost:8083/index.ts.bundle?platform=web&dev=true&hot=false&lazy=true&transform.engine=hermes&transform.routerRoot=app&unstable_transformProfile=hermes-stable:491568
[ 3367148ms] [ERROR] WebSocket connection to 'ws://localhost:4000/api/v1/realtime/ws?topics=' failed: HTTP Authentication failed; no valid credentials available @ http://localhost:8083/index.ts.bundle?platform=web&dev=true&hot=false&lazy=true&transform.engine=hermes&transform.routerRoot=app&unstable_transformProfile=hermes-stable:491568
[ 3372098ms] [ERROR] WebSocket connection to 'ws://localhost:4000/api/v1/realtime/ws?topics=' failed: HTTP Authentication failed; no valid credentials available @ http://localhost:8083/index.ts.bundle?platform=web&dev=true&hot=false&lazy=true&transform.engine=hermes&transform.routerRoot=app&unstable_transformProfile=hermes-stable:491568
[ 3378374ms] [ERROR] WebSocket connection to 'ws://localhost:4000/api/v1/realtime/ws?topics=' failed: HTTP Authentication failed; no valid credentials available @ http://localhost:8083/index.ts.bundle?platform=web&dev=true&hot=false&lazy=true&transform.engine=hermes&transform.routerRoot=app&unstable_transformProfile=hermes-stable:491568
[ 3383509ms] [ERROR] WebSocket connection to 'ws://localhost:4000/api/v1/realtime/ws?topics=' failed: HTTP Authentication failed; no valid credentials available @ http://localhost:8083/index.ts.bundle?platform=web&dev=true&hot=false&lazy=true&transform.engine=hermes&transform.routerRoot=app&unstable_transformProfile=hermes-stable:491568
[ 3388387ms] [ERROR] WebSocket connection to 'ws://localhost:4000/api/v1/realtime/ws?topics=' failed: HTTP Authentication failed; no valid credentials available @ http://localhost:8083/index.ts.bundle?platform=web&dev=true&hot=false&lazy=true&transform.engine=hermes&transform.routerRoot=app&unstable_transformProfile=hermes-stable:491568
[ 3395822ms] [ERROR] WebSocket connection to 'ws://localhost:4000/api/v1/realtime/ws?topics=' failed: HTTP Authentication failed; no valid credentials available @ http://localhost:8083/index.ts.bundle?platform=web&dev=true&hot=false&lazy=true&transform.engine=hermes&transform.routerRoot=app&unstable_transformProfile=hermes-stable:491568
[ 3399954ms] [ERROR] WebSocket connection to 'ws://localhost:4000/api/v1/realtime/ws?topics=' failed: HTTP Authentication failed; no valid credentials available @ http://localhost:8083/index.ts.bundle?platform=web&dev=true&hot=false&lazy=true&transform.engine=hermes&transform.routerRoot=app&unstable_transformProfile=hermes-stable:491568
[ 3403331ms] [ERROR] WebSocket connection to 'ws://localhost:4000/api/v1/realtime/ws?topics=' failed: HTTP Authentication failed; no valid credentials available @ http://localhost:8083/index.ts.bundle?platform=web&dev=true&hot=false&lazy=true&transform.engine=hermes&transform.routerRoot=app&unstable_transformProfile=hermes-stable:491568
[ 3410218ms] [ERROR] WebSocket connection to 'ws://localhost:4000/api/v1/realtime/ws?topics=' failed: HTTP Authentication failed; no valid credentials available @ http://localhost:8083/index.ts.bundle?platform=web&dev=true&hot=false&lazy=true&transform.engine=hermes&transform.routerRoot=app&unstable_transformProfile=hermes-stable:491568
[ 3415410ms] [ERROR] WebSocket connection to 'ws://localhost:4000/api/v1/realtime/ws?topics=' failed: HTTP Authentication failed; no valid credentials available @ http://localhost:8083/index.ts.bundle?platform=web&dev=true&hot=false&lazy=true&transform.engine=hermes&transform.routerRoot=app&unstable_transformProfile=hermes-stable:491568
[ 3417746ms] [ERROR] WebSocket connection to 'ws://localhost:4000/api/v1/realtime/ws?topics=' failed: HTTP Authentication failed; no valid credentials available @ http://localhost:8083/index.ts.bundle?platform=web&dev=true&hot=false&lazy=true&transform.engine=hermes&transform.routerRoot=app&unstable_transformProfile=hermes-stable:491568
[ 3423770ms] [ERROR] WebSocket connection to 'ws://localhost:4000/api/v1/realtime/ws?topics=' failed: HTTP Authentication failed; no valid credentials available @ http://localhost:8083/index.ts.bundle?platform=web&dev=true&hot=false&lazy=true&transform.engine=hermes&transform.routerRoot=app&unstable_transformProfile=hermes-stable:491568
[ 3428546ms] [ERROR] WebSocket connection to 'ws://localhost:4000/api/v1/realtime/ws?topics=' failed: HTTP Authentication failed; no valid credentials available @ http://localhost:8083/index.ts.bundle?platform=web&dev=true&hot=false&lazy=true&transform.engine=hermes&transform.routerRoot=app&unstable_transformProfile=hermes-stable:491568
[ 3432128ms] [ERROR] WebSocket connection to 'ws://localhost:4000/api/v1/realtime/ws?topics=' failed: HTTP Authentication failed; no valid credentials available @ http://localhost:8083/index.ts.bundle?platform=web&dev=true&hot=false&lazy=true&transform.engine=hermes&transform.routerRoot=app&unstable_transformProfile=hermes-stable:491568
[ 3438249ms] [ERROR] WebSocket connection to 'ws://localhost:4000/api/v1/realtime/ws?topics=' failed: HTTP Authentication failed; no valid credentials available @ http://localhost:8083/index.ts.bundle?platform=web&dev=true&hot=false&lazy=true&transform.engine=hermes&transform.routerRoot=app&unstable_transformProfile=hermes-stable:491568
[ 3443611ms] [ERROR] WebSocket connection to 'ws://localhost:4000/api/v1/realtime/ws?topics=' failed: HTTP Authentication failed; no valid credentials available @ http://localhost:8083/index.ts.bundle?platform=web&dev=true&hot=false&lazy=true&transform.engine=hermes&transform.routerRoot=app&unstable_transformProfile=hermes-stable:491568
[ 3448114ms] [ERROR] WebSocket connection to 'ws://localhost:4000/api/v1/realtime/ws?topics=' failed: HTTP Authentication failed; no valid credentials available @ http://localhost:8083/index.ts.bundle?platform=web&dev=true&hot=false&lazy=true&transform.engine=hermes&transform.routerRoot=app&unstable_transformProfile=hermes-stable:491568
[ 3452626ms] [ERROR] WebSocket connection to 'ws://localhost:4000/api/v1/realtime/ws?topics=' failed: HTTP Authentication failed; no valid credentials available @ http://localhost:8083/index.ts.bundle?platform=web&dev=true&hot=false&lazy=true&transform.engine=hermes&transform.routerRoot=app&unstable_transformProfile=hermes-stable:491568
[ 3457855ms] [ERROR] WebSocket connection to 'ws://localhost:4000/api/v1/realtime/ws?topics=' failed: HTTP Authentication failed; no valid credentials available @ http://localhost:8083/index.ts.bundle?platform=web&dev=true&hot=false&lazy=true&transform.engine=hermes&transform.routerRoot=app&unstable_transformProfile=hermes-stable:491568
[ 3464922ms] [ERROR] WebSocket connection to 'ws://localhost:4000/api/v1/realtime/ws?topics=' failed: HTTP Authentication failed; no valid credentials available @ http://localhost:8083/index.ts.bundle?platform=web&dev=true&hot=false&lazy=true&transform.engine=hermes&transform.routerRoot=app&unstable_transformProfile=hermes-stable:491568
[ 3467249ms] [ERROR] WebSocket connection to 'ws://localhost:4000/api/v1/realtime/ws?topics=' failed: HTTP Authentication failed; no valid credentials available @ http://localhost:8083/index.ts.bundle?platform=web&dev=true&hot=false&lazy=true&transform.engine=hermes&transform.routerRoot=app&unstable_transformProfile=hermes-stable:491568
[ 3472410ms] [ERROR] WebSocket connection to 'ws://localhost:4000/api/v1/realtime/ws?topics=' failed: HTTP Authentication failed; no valid credentials available @ http://localhost:8083/index.ts.bundle?platform=web&dev=true&hot=false&lazy=true&transform.engine=hermes&transform.routerRoot=app&unstable_transformProfile=hermes-stable:491568
[ 3479463ms] [ERROR] WebSocket connection to 'ws://localhost:4000/api/v1/realtime/ws?topics=' failed: HTTP Authentication failed; no valid credentials available @ http://localhost:8083/index.ts.bundle?platform=web&dev=true&hot=false&lazy=true&transform.engine=hermes&transform.routerRoot=app&unstable_transformProfile=hermes-stable:491568
[ 3484915ms] [ERROR] WebSocket connection to 'ws://localhost:4000/api/v1/realtime/ws?topics=' failed: HTTP Authentication failed; no valid credentials available @ http://localhost:8083/index.ts.bundle?platform=web&dev=true&hot=false&lazy=true&transform.engine=hermes&transform.routerRoot=app&unstable_transformProfile=hermes-stable:491568
[ 3488124ms] [ERROR] WebSocket connection to 'ws://localhost:4000/api/v1/realtime/ws?topics=' failed: HTTP Authentication failed; no valid credentials available @ http://localhost:8083/index.ts.bundle?platform=web&dev=true&hot=false&lazy=true&transform.engine=hermes&transform.routerRoot=app&unstable_transformProfile=hermes-stable:491568
[ 3492805ms] [ERROR] WebSocket connection to 'ws://localhost:4000/api/v1/realtime/ws?topics=' failed: HTTP Authentication failed; no valid credentials available @ http://localhost:8083/index.ts.bundle?platform=web&dev=true&hot=false&lazy=true&transform.engine=hermes&transform.routerRoot=app&unstable_transformProfile=hermes-stable:491568
[ 3498658ms] [ERROR] WebSocket connection to 'ws://localhost:4000/api/v1/realtime/ws?topics=' failed: HTTP Authentication failed; no valid credentials available @ http://localhost:8083/index.ts.bundle?platform=web&dev=true&hot=false&lazy=true&transform.engine=hermes&transform.routerRoot=app&unstable_transformProfile=hermes-stable:491568
[ 3501929ms] [ERROR] WebSocket connection to 'ws://localhost:4000/api/v1/realtime/ws?topics=' failed: HTTP Authentication failed; no valid credentials available @ http://localhost:8083/index.ts.bundle?platform=web&dev=true&hot=false&lazy=true&transform.engine=hermes&transform.routerRoot=app&unstable_transformProfile=hermes-stable:491568
[ 3508534ms] [ERROR] WebSocket connection to 'ws://localhost:4000/api/v1/realtime/ws?topics=' failed: HTTP Authentication failed; no valid credentials available @ http://localhost:8083/index.ts.bundle?platform=web&dev=true&hot=false&lazy=true&transform.engine=hermes&transform.routerRoot=app&unstable_transformProfile=hermes-stable:491568
[ 3512395ms] [ERROR] WebSocket connection to 'ws://localhost:4000/api/v1/realtime/ws?topics=' failed: HTTP Authentication failed; no valid credentials available @ http://localhost:8083/index.ts.bundle?platform=web&dev=true&hot=false&lazy=true&transform.engine=hermes&transform.routerRoot=app&unstable_transformProfile=hermes-stable:491568
[ 3519218ms] [ERROR] WebSocket connection to 'ws://localhost:4000/api/v1/realtime/ws?topics=' failed: HTTP Authentication failed; no valid credentials available @ http://localhost:8083/index.ts.bundle?platform=web&dev=true&hot=false&lazy=true&transform.engine=hermes&transform.routerRoot=app&unstable_transformProfile=hermes-stable:491568
[ 3524978ms] [ERROR] WebSocket connection to 'ws://localhost:4000/api/v1/realtime/ws?topics=' failed: HTTP Authentication failed; no valid credentials available @ http://localhost:8083/index.ts.bundle?platform=web&dev=true&hot=false&lazy=true&transform.engine=hermes&transform.routerRoot=app&unstable_transformProfile=hermes-stable:491568
[ 3529032ms] [ERROR] WebSocket connection to 'ws://localhost:4000/api/v1/realtime/ws?topics=' failed: HTTP Authentication failed; no valid credentials available @ http://localhost:8083/index.ts.bundle?platform=web&dev=true&hot=false&lazy=true&transform.engine=hermes&transform.routerRoot=app&unstable_transformProfile=hermes-stable:491568
[ 3532309ms] [ERROR] WebSocket connection to 'ws://localhost:4000/api/v1/realtime/ws?topics=' failed: HTTP Authentication failed; no valid credentials available @ http://localhost:8083/index.ts.bundle?platform=web&dev=true&hot=false&lazy=true&transform.engine=hermes&transform.routerRoot=app&unstable_transformProfile=hermes-stable:491568
[ 3540474ms] [ERROR] WebSocket connection to 'ws://localhost:4000/api/v1/realtime/ws?topics=' failed: HTTP Authentication failed; no valid credentials available @ http://localhost:8083/index.ts.bundle?platform=web&dev=true&hot=false&lazy=true&transform.engine=hermes&transform.routerRoot=app&unstable_transformProfile=hermes-stable:491568
[ 3542700ms] [ERROR] WebSocket connection to 'ws://localhost:4000/api/v1/realtime/ws?topics=' failed: HTTP Authentication failed; no valid credentials available @ http://localhost:8083/index.ts.bundle?platform=web&dev=true&hot=false&lazy=true&transform.engine=hermes&transform.routerRoot=app&unstable_transformProfile=hermes-stable:491568
[ 3548936ms] [ERROR] WebSocket connection to 'ws://localhost:4000/api/v1/realtime/ws?topics=' failed: HTTP Authentication failed; no valid credentials available @ http://localhost:8083/index.ts.bundle?platform=web&dev=true&hot=false&lazy=true&transform.engine=hermes&transform.routerRoot=app&unstable_transformProfile=hermes-stable:491568
[ 3554272ms] [ERROR] WebSocket connection to 'ws://localhost:4000/api/v1/realtime/ws?topics=' failed: HTTP Authentication failed; no valid credentials available @ http://localhost:8083/index.ts.bundle?platform=web&dev=true&hot=false&lazy=true&transform.engine=hermes&transform.routerRoot=app&unstable_transformProfile=hermes-stable:491568
[ 3560693ms] [ERROR] WebSocket connection to 'ws://localhost:4000/api/v1/realtime/ws?topics=' failed: HTTP Authentication failed; no valid credentials available @ http://localhost:8083/index.ts.bundle?platform=web&dev=true&hot=false&lazy=true&transform.engine=hermes&transform.routerRoot=app&unstable_transformProfile=hermes-stable:491568
[ 3564347ms] [ERROR] WebSocket connection to 'ws://localhost:4000/api/v1/realtime/ws?topics=' failed: HTTP Authentication failed; no valid credentials available @ http://localhost:8083/index.ts.bundle?platform=web&dev=true&hot=false&lazy=true&transform.engine=hermes&transform.routerRoot=app&unstable_transformProfile=hermes-stable:491568
[ 3568563ms] [ERROR] WebSocket connection to 'ws://localhost:4000/api/v1/realtime/ws?topics=' failed: HTTP Authentication failed; no valid credentials available @ http://localhost:8083/index.ts.bundle?platform=web&dev=true&hot=false&lazy=true&transform.engine=hermes&transform.routerRoot=app&unstable_transformProfile=hermes-stable:491568
[ 3575307ms] [ERROR] WebSocket connection to 'ws://localhost:4000/api/v1/realtime/ws?topics=' failed: HTTP Authentication failed; no valid credentials available @ http://localhost:8083/index.ts.bundle?platform=web&dev=true&hot=false&lazy=true&transform.engine=hermes&transform.routerRoot=app&unstable_transformProfile=hermes-stable:491568
[ 3579331ms] [ERROR] WebSocket connection to 'ws://localhost:4000/api/v1/realtime/ws?topics=' failed: HTTP Authentication failed; no valid credentials available @ http://localhost:8083/index.ts.bundle?platform=web&dev=true&hot=false&lazy=true&transform.engine=hermes&transform.routerRoot=app&unstable_transformProfile=hermes-stable:491568
[ 3583338ms] [ERROR] WebSocket connection to 'ws://localhost:4000/api/v1/realtime/ws?topics=' failed: HTTP Authentication failed; no valid credentials available @ http://localhost:8083/index.ts.bundle?platform=web&dev=true&hot=false&lazy=true&transform.engine=hermes&transform.routerRoot=app&unstable_transformProfile=hermes-stable:491568
[ 3587635ms] [ERROR] WebSocket connection to 'ws://localhost:4000/api/v1/realtime/ws?topics=' failed: HTTP Authentication failed; no valid credentials available @ http://localhost:8083/index.ts.bundle?platform=web&dev=true&hot=false&lazy=true&transform.engine=hermes&transform.routerRoot=app&unstable_transformProfile=hermes-stable:491568
[ 3595611ms] [ERROR] WebSocket connection to 'ws://localhost:4000/api/v1/realtime/ws?topics=' failed: HTTP Authentication failed; no valid credentials available @ http://localhost:8083/index.ts.bundle?platform=web&dev=true&hot=false&lazy=true&transform.engine=hermes&transform.routerRoot=app&unstable_transformProfile=hermes-stable:491568
[ 3597259ms] [ERROR] WebSocket connection to 'ws://localhost:4000/api/v1/realtime/ws?topics=' failed: HTTP Authentication failed; no valid credentials available @ http://localhost:8083/index.ts.bundle?platform=web&dev=true&hot=false&lazy=true&transform.engine=hermes&transform.routerRoot=app&unstable_transformProfile=hermes-stable:491568
[ 3604263ms] [ERROR] WebSocket connection to 'ws://localhost:4000/api/v1/realtime/ws?topics=' failed: HTTP Authentication failed; no valid credentials available @ http://localhost:8083/index.ts.bundle?platform=web&dev=true&hot=false&lazy=true&transform.engine=hermes&transform.routerRoot=app&unstable_transformProfile=hermes-stable:491568
[ 3609341ms] [ERROR] WebSocket connection to 'ws://localhost:4000/api/v1/realtime/ws?topics=' failed: HTTP Authentication failed; no valid credentials available @ http://localhost:8083/index.ts.bundle?platform=web&dev=true&hot=false&lazy=true&transform.engine=hermes&transform.routerRoot=app&unstable_transformProfile=hermes-stable:491568
[ 3615631ms] [ERROR] WebSocket connection to 'ws://localhost:4000/api/v1/realtime/ws?topics=' failed: HTTP Authentication failed; no valid credentials available @ http://localhost:8083/index.ts.bundle?platform=web&dev=true&hot=false&lazy=true&transform.engine=hermes&transform.routerRoot=app&unstable_transformProfile=hermes-stable:491568
[ 3617605ms] [ERROR] WebSocket connection to 'ws://localhost:4000/api/v1/realtime/ws?topics=' failed: HTTP Authentication failed; no valid credentials available @ http://localhost:8083/index.ts.bundle?platform=web&dev=true&hot=false&lazy=true&transform.engine=hermes&transform.routerRoot=app&unstable_transformProfile=hermes-stable:491568
[ 3623093ms] [ERROR] WebSocket connection to 'ws://localhost:4000/api/v1/realtime/ws?topics=' failed: HTTP Authentication failed; no valid credentials available @ http://localhost:8083/index.ts.bundle?platform=web&dev=true&hot=false&lazy=true&transform.engine=hermes&transform.routerRoot=app&unstable_transformProfile=hermes-stable:491568
[ 3629379ms] [ERROR] WebSocket connection to 'ws://localhost:4000/api/v1/realtime/ws?topics=' failed: HTTP Authentication failed; no valid credentials available @ http://localhost:8083/index.ts.bundle?platform=web&dev=true&hot=false&lazy=true&transform.engine=hermes&transform.routerRoot=app&unstable_transformProfile=hermes-stable:491568
[ 3632205ms] [ERROR] WebSocket connection to 'ws://localhost:4000/api/v1/realtime/ws?topics=' failed: HTTP Authentication failed; no valid credentials available @ http://localhost:8083/index.ts.bundle?platform=web&dev=true&hot=false&lazy=true&transform.engine=hermes&transform.routerRoot=app&unstable_transformProfile=hermes-stable:491568
[ 3638314ms] [ERROR] WebSocket connection to 'ws://localhost:4000/api/v1/realtime/ws?topics=' failed: HTTP Authentication failed; no valid credentials available @ http://localhost:8083/index.ts.bundle?platform=web&dev=true&hot=false&lazy=true&transform.engine=hermes&transform.routerRoot=app&unstable_transformProfile=hermes-stable:491568
[ 3644315ms] [ERROR] WebSocket connection to 'ws://localhost:4000/api/v1/realtime/ws?topics=' failed: HTTP Authentication failed; no valid credentials available @ http://localhost:8083/index.ts.bundle?platform=web&dev=true&hot=false&lazy=true&transform.engine=hermes&transform.routerRoot=app&unstable_transformProfile=hermes-stable:491568
[ 3646882ms] [ERROR] WebSocket connection to 'ws://localhost:4000/api/v1/realtime/ws?topics=' failed: HTTP Authentication failed; no valid credentials available @ http://localhost:8083/index.ts.bundle?platform=web&dev=true&hot=false&lazy=true&transform.engine=hermes&transform.routerRoot=app&unstable_transformProfile=hermes-stable:491568
[ 3655312ms] [ERROR] WebSocket connection to 'ws://localhost:4000/api/v1/realtime/ws?topics=' failed: HTTP Authentication failed; no valid credentials available @ http://localhost:8083/index.ts.bundle?platform=web&dev=true&hot=false&lazy=true&transform.engine=hermes&transform.routerRoot=app&unstable_transformProfile=hermes-stable:491568
[ 3660157ms] [ERROR] WebSocket connection to 'ws://localhost:4000/api/v1/realtime/ws?topics=' failed: HTTP Authentication failed; no valid credentials available @ http://localhost:8083/index.ts.bundle?platform=web&dev=true&hot=false&lazy=true&transform.engine=hermes&transform.routerRoot=app&unstable_transformProfile=hermes-stable:491568
[ 3661857ms] [ERROR] WebSocket connection to 'ws://localhost:4000/api/v1/realtime/ws?topics=' failed: HTTP Authentication failed; no valid credentials available @ http://localhost:8083/index.ts.bundle?platform=web&dev=true&hot=false&lazy=true&transform.engine=hermes&transform.routerRoot=app&unstable_transformProfile=hermes-stable:491568
[ 3670230ms] [ERROR] WebSocket connection to 'ws://localhost:4000/api/v1/realtime/ws?topics=' failed: HTTP Authentication failed; no valid credentials available @ http://localhost:8083/index.ts.bundle?platform=web&dev=true&hot=false&lazy=true&transform.engine=hermes&transform.routerRoot=app&unstable_transformProfile=hermes-stable:491568
[ 3673195ms] [ERROR] WebSocket connection to 'ws://localhost:4000/api/v1/realtime/ws?topics=' failed: HTTP Authentication failed; no valid credentials available @ http://localhost:8083/index.ts.bundle?platform=web&dev=true&hot=false&lazy=true&transform.engine=hermes&transform.routerRoot=app&unstable_transformProfile=hermes-stable:491568
[ 3677249ms] [ERROR] WebSocket connection to 'ws://localhost:4000/api/v1/realtime/ws?topics=' failed: HTTP Authentication failed; no valid credentials available @ http://localhost:8083/index.ts.bundle?platform=web&dev=true&hot=false&lazy=true&transform.engine=hermes&transform.routerRoot=app&unstable_transformProfile=hermes-stable:491568
[ 3685637ms] [ERROR] WebSocket connection to 'ws://localhost:4000/api/v1/realtime/ws?topics=' failed: HTTP Authentication failed; no valid credentials available @ http://localhost:8083/index.ts.bundle?platform=web&dev=true&hot=false&lazy=true&transform.engine=hermes&transform.routerRoot=app&unstable_transformProfile=hermes-stable:491568
[ 3689031ms] [ERROR] WebSocket connection to 'ws://localhost:4000/api/v1/realtime/ws?topics=' failed: HTTP Authentication failed; no valid credentials available @ http://localhost:8083/index.ts.bundle?platform=web&dev=true&hot=false&lazy=true&transform.engine=hermes&transform.routerRoot=app&unstable_transformProfile=hermes-stable:491568
[ 3695496ms] [ERROR] WebSocket connection to 'ws://localhost:4000/api/v1/realtime/ws?topics=' failed: HTTP Authentication failed; no valid credentials available @ http://localhost:8083/index.ts.bundle?platform=web&dev=true&hot=false&lazy=true&transform.engine=hermes&transform.routerRoot=app&unstable_transformProfile=hermes-stable:491568
[ 3697565ms] [ERROR] WebSocket connection to 'ws://localhost:4000/api/v1/realtime/ws?topics=' failed: HTTP Authentication failed; no valid credentials available @ http://localhost:8083/index.ts.bundle?platform=web&dev=true&hot=false&lazy=true&transform.engine=hermes&transform.routerRoot=app&unstable_transformProfile=hermes-stable:491568
[ 3704280ms] [ERROR] WebSocket connection to 'ws://localhost:4000/api/v1/realtime/ws?topics=' failed: HTTP Authentication failed; no valid credentials available @ http://localhost:8083/index.ts.bundle?platform=web&dev=true&hot=false&lazy=true&transform.engine=hermes&transform.routerRoot=app&unstable_transformProfile=hermes-stable:491568
[ 3709100ms] [ERROR] WebSocket connection to 'ws://localhost:4000/api/v1/realtime/ws?topics=' failed: HTTP Authentication failed; no valid credentials available @ http://localhost:8083/index.ts.bundle?platform=web&dev=true&hot=false&lazy=true&transform.engine=hermes&transform.routerRoot=app&unstable_transformProfile=hermes-stable:491568
[ 3714788ms] [ERROR] WebSocket connection to 'ws://localhost:4000/api/v1/realtime/ws?topics=' failed: HTTP Authentication failed; no valid credentials available @ http://localhost:8083/index.ts.bundle?platform=web&dev=true&hot=false&lazy=true&transform.engine=hermes&transform.routerRoot=app&unstable_transformProfile=hermes-stable:491568
[ 3718891ms] [ERROR] WebSocket connection to 'ws://localhost:4000/api/v1/realtime/ws?topics=' failed: HTTP Authentication failed; no valid credentials available @ http://localhost:8083/index.ts.bundle?platform=web&dev=true&hot=false&lazy=true&transform.engine=hermes&transform.routerRoot=app&unstable_transformProfile=hermes-stable:491568
[ 3722071ms] [ERROR] WebSocket connection to 'ws://localhost:4000/api/v1/realtime/ws?topics=' failed: HTTP Authentication failed; no valid credentials available @ http://localhost:8083/index.ts.bundle?platform=web&dev=true&hot=false&lazy=true&transform.engine=hermes&transform.routerRoot=app&unstable_transformProfile=hermes-stable:491568
[ 3730838ms] [ERROR] WebSocket connection to 'ws://localhost:4000/api/v1/realtime/ws?topics=' failed: HTTP Authentication failed; no valid credentials available @ http://localhost:8083/index.ts.bundle?platform=web&dev=true&hot=false&lazy=true&transform.engine=hermes&transform.routerRoot=app&unstable_transformProfile=hermes-stable:491568
[ 3734627ms] [ERROR] WebSocket connection to 'ws://localhost:4000/api/v1/realtime/ws?topics=' failed: HTTP Authentication failed; no valid credentials available @ http://localhost:8083/index.ts.bundle?platform=web&dev=true&hot=false&lazy=true&transform.engine=hermes&transform.routerRoot=app&unstable_transformProfile=hermes-stable:491568
[ 3739619ms] [ERROR] WebSocket connection to 'ws://localhost:4000/api/v1/realtime/ws?topics=' failed: HTTP Authentication failed; no valid credentials available @ http://localhost:8083/index.ts.bundle?platform=web&dev=true&hot=false&lazy=true&transform.engine=hermes&transform.routerRoot=app&unstable_transformProfile=hermes-stable:491568
[ 3743676ms] [ERROR] WebSocket connection to 'ws://localhost:4000/api/v1/realtime/ws?topics=' failed: HTTP Authentication failed; no valid credentials available @ http://localhost:8083/index.ts.bundle?platform=web&dev=true&hot=false&lazy=true&transform.engine=hermes&transform.routerRoot=app&unstable_transformProfile=hermes-stable:491568
[ 3747472ms] [ERROR] WebSocket connection to 'ws://localhost:4000/api/v1/realtime/ws?topics=' failed: HTTP Authentication failed; no valid credentials available @ http://localhost:8083/index.ts.bundle?platform=web&dev=true&hot=false&lazy=true&transform.engine=hermes&transform.routerRoot=app&unstable_transformProfile=hermes-stable:491568
[ 3751884ms] [ERROR] WebSocket connection to 'ws://localhost:4000/api/v1/realtime/ws?topics=' failed: HTTP Authentication failed; no valid credentials available @ http://localhost:8083/index.ts.bundle?platform=web&dev=true&hot=false&lazy=true&transform.engine=hermes&transform.routerRoot=app&unstable_transformProfile=hermes-stable:491568
[ 3757511ms] [ERROR] WebSocket connection to 'ws://localhost:4000/api/v1/realtime/ws?topics=' failed: HTTP Authentication failed; no valid credentials available @ http://localhost:8083/index.ts.bundle?platform=web&dev=true&hot=false&lazy=true&transform.engine=hermes&transform.routerRoot=app&unstable_transformProfile=hermes-stable:491568
[ 3764558ms] [ERROR] WebSocket connection to 'ws://localhost:4000/api/v1/realtime/ws?topics=' failed: HTTP Authentication failed; no valid credentials available @ http://localhost:8083/index.ts.bundle?platform=web&dev=true&hot=false&lazy=true&transform.engine=hermes&transform.routerRoot=app&unstable_transformProfile=hermes-stable:491568
[ 3767572ms] [ERROR] WebSocket connection to 'ws://localhost:4000/api/v1/realtime/ws?topics=' failed: HTTP Authentication failed; no valid credentials available @ http://localhost:8083/index.ts.bundle?platform=web&dev=true&hot=false&lazy=true&transform.engine=hermes&transform.routerRoot=app&unstable_transformProfile=hermes-stable:491568
[ 3772131ms] [ERROR] WebSocket connection to 'ws://localhost:4000/api/v1/realtime/ws?topics=' failed: HTTP Authentication failed; no valid credentials available @ http://localhost:8083/index.ts.bundle?platform=web&dev=true&hot=false&lazy=true&transform.engine=hermes&transform.routerRoot=app&unstable_transformProfile=hermes-stable:491568
[ 3780026ms] [ERROR] WebSocket connection to 'ws://localhost:4000/api/v1/realtime/ws?topics=' failed: HTTP Authentication failed; no valid credentials available @ http://localhost:8083/index.ts.bundle?platform=web&dev=true&hot=false&lazy=true&transform.engine=hermes&transform.routerRoot=app&unstable_transformProfile=hermes-stable:491568
[ 3785134ms] [ERROR] WebSocket connection to 'ws://localhost:4000/api/v1/realtime/ws?topics=' failed: HTTP Authentication failed; no valid credentials available @ http://localhost:8083/index.ts.bundle?platform=web&dev=true&hot=false&lazy=true&transform.engine=hermes&transform.routerRoot=app&unstable_transformProfile=hermes-stable:491568
[ 3790630ms] [ERROR] WebSocket connection to 'ws://localhost:4000/api/v1/realtime/ws?topics=' failed: HTTP Authentication failed; no valid credentials available @ http://localhost:8083/index.ts.bundle?platform=web&dev=true&hot=false&lazy=true&transform.engine=hermes&transform.routerRoot=app&unstable_transformProfile=hermes-stable:491568
[ 3794035ms] [ERROR] WebSocket connection to 'ws://localhost:4000/api/v1/realtime/ws?topics=' failed: HTTP Authentication failed; no valid credentials available @ http://localhost:8083/index.ts.bundle?platform=web&dev=true&hot=false&lazy=true&transform.engine=hermes&transform.routerRoot=app&unstable_transformProfile=hermes-stable:491568
[ 3800223ms] [ERROR] WebSocket connection to 'ws://localhost:4000/api/v1/realtime/ws?topics=' failed: HTTP Authentication failed; no valid credentials available @ http://localhost:8083/index.ts.bundle?platform=web&dev=true&hot=false&lazy=true&transform.engine=hermes&transform.routerRoot=app&unstable_transformProfile=hermes-stable:491568
[ 3802103ms] [ERROR] WebSocket connection to 'ws://localhost:4000/api/v1/realtime/ws?topics=' failed: HTTP Authentication failed; no valid credentials available @ http://localhost:8083/index.ts.bundle?platform=web&dev=true&hot=false&lazy=true&transform.engine=hermes&transform.routerRoot=app&unstable_transformProfile=hermes-stable:491568
[ 3808987ms] [ERROR] WebSocket connection to 'ws://localhost:4000/api/v1/realtime/ws?topics=' failed: HTTP Authentication failed; no valid credentials available @ http://localhost:8083/index.ts.bundle?platform=web&dev=true&hot=false&lazy=true&transform.engine=hermes&transform.routerRoot=app&unstable_transformProfile=hermes-stable:491568
[ 3813054ms] [ERROR] WebSocket connection to 'ws://localhost:4000/api/v1/realtime/ws?topics=' failed: HTTP Authentication failed; no valid credentials available @ http://localhost:8083/index.ts.bundle?platform=web&dev=true&hot=false&lazy=true&transform.engine=hermes&transform.routerRoot=app&unstable_transformProfile=hermes-stable:491568
[ 3818937ms] [ERROR] WebSocket connection to 'ws://localhost:4000/api/v1/realtime/ws?topics=' failed: HTTP Authentication failed; no valid credentials available @ http://localhost:8083/index.ts.bundle?platform=web&dev=true&hot=false&lazy=true&transform.engine=hermes&transform.routerRoot=app&unstable_transformProfile=hermes-stable:491568
[ 3824264ms] [ERROR] WebSocket connection to 'ws://localhost:4000/api/v1/realtime/ws?topics=' failed: HTTP Authentication failed; no valid credentials available @ http://localhost:8083/index.ts.bundle?platform=web&dev=true&hot=false&lazy=true&transform.engine=hermes&transform.routerRoot=app&unstable_transformProfile=hermes-stable:491568
[ 3827559ms] [ERROR] WebSocket connection to 'ws://localhost:4000/api/v1/realtime/ws?topics=' failed: HTTP Authentication failed; no valid credentials available @ http://localhost:8083/index.ts.bundle?platform=web&dev=true&hot=false&lazy=true&transform.engine=hermes&transform.routerRoot=app&unstable_transformProfile=hermes-stable:491568
[ 3835838ms] [ERROR] WebSocket connection to 'ws://localhost:4000/api/v1/realtime/ws?topics=' failed: HTTP Authentication failed; no valid credentials available @ http://localhost:8083/index.ts.bundle?platform=web&dev=true&hot=false&lazy=true&transform.engine=hermes&transform.routerRoot=app&unstable_transformProfile=hermes-stable:491568
[ 3840709ms] [ERROR] WebSocket connection to 'ws://localhost:4000/api/v1/realtime/ws?topics=' failed: HTTP Authentication failed; no valid credentials available @ http://localhost:8083/index.ts.bundle?platform=web&dev=true&hot=false&lazy=true&transform.engine=hermes&transform.routerRoot=app&unstable_transformProfile=hermes-stable:491568
[ 3842835ms] [ERROR] WebSocket connection to 'ws://localhost:4000/api/v1/realtime/ws?topics=' failed: HTTP Authentication failed; no valid credentials available @ http://localhost:8083/index.ts.bundle?platform=web&dev=true&hot=false&lazy=true&transform.engine=hermes&transform.routerRoot=app&unstable_transformProfile=hermes-stable:491568
[ 3850141ms] [ERROR] WebSocket connection to 'ws://localhost:4000/api/v1/realtime/ws?topics=' failed: HTTP Authentication failed; no valid credentials available @ http://localhost:8083/index.ts.bundle?platform=web&dev=true&hot=false&lazy=true&transform.engine=hermes&transform.routerRoot=app&unstable_transformProfile=hermes-stable:491568
[ 3853128ms] [ERROR] WebSocket connection to 'ws://localhost:4000/api/v1/realtime/ws?topics=' failed: HTTP Authentication failed; no valid credentials available @ http://localhost:8083/index.ts.bundle?platform=web&dev=true&hot=false&lazy=true&transform.engine=hermes&transform.routerRoot=app&unstable_transformProfile=hermes-stable:491568
[ 3858606ms] [ERROR] WebSocket connection to 'ws://localhost:4000/api/v1/realtime/ws?topics=' failed: HTTP Authentication failed; no valid credentials available @ http://localhost:8083/index.ts.bundle?platform=web&dev=true&hot=false&lazy=true&transform.engine=hermes&transform.routerRoot=app&unstable_transformProfile=hermes-stable:491568
[ 3865517ms] [ERROR] WebSocket connection to 'ws://localhost:4000/api/v1/realtime/ws?topics=' failed: HTTP Authentication failed; no valid credentials available @ http://localhost:8083/index.ts.bundle?platform=web&dev=true&hot=false&lazy=true&transform.engine=hermes&transform.routerRoot=app&unstable_transformProfile=hermes-stable:491568
[ 3869013ms] [ERROR] WebSocket connection to 'ws://localhost:4000/api/v1/realtime/ws?topics=' failed: HTTP Authentication failed; no valid credentials available @ http://localhost:8083/index.ts.bundle?platform=web&dev=true&hot=false&lazy=true&transform.engine=hermes&transform.routerRoot=app&unstable_transformProfile=hermes-stable:491568
[ 3874089ms] [ERROR] WebSocket connection to 'ws://localhost:4000/api/v1/realtime/ws?topics=' failed: HTTP Authentication failed; no valid credentials available @ http://localhost:8083/index.ts.bundle?platform=web&dev=true&hot=false&lazy=true&transform.engine=hermes&transform.routerRoot=app&unstable_transformProfile=hermes-stable:491568
[ 3879830ms] [ERROR] WebSocket connection to 'ws://localhost:4000/api/v1/realtime/ws?topics=' failed: HTTP Authentication failed; no valid credentials available @ http://localhost:8083/index.ts.bundle?platform=web&dev=true&hot=false&lazy=true&transform.engine=hermes&transform.routerRoot=app&unstable_transformProfile=hermes-stable:491568
[ 3882945ms] [ERROR] WebSocket connection to 'ws://localhost:4000/api/v1/realtime/ws?topics=' failed: HTTP Authentication failed; no valid credentials available @ http://localhost:8083/index.ts.bundle?platform=web&dev=true&hot=false&lazy=true&transform.engine=hermes&transform.routerRoot=app&unstable_transformProfile=hermes-stable:491568
[ 3888661ms] [ERROR] WebSocket connection to 'ws://localhost:4000/api/v1/realtime/ws?topics=' failed: HTTP Authentication failed; no valid credentials available @ http://localhost:8083/index.ts.bundle?platform=web&dev=true&hot=false&lazy=true&transform.engine=hermes&transform.routerRoot=app&unstable_transformProfile=hermes-stable:491568
[ 3892238ms] [ERROR] WebSocket connection to 'ws://localhost:4000/api/v1/realtime/ws?topics=' failed: HTTP Authentication failed; no valid credentials available @ http://localhost:8083/index.ts.bundle?platform=web&dev=true&hot=false&lazy=true&transform.engine=hermes&transform.routerRoot=app&unstable_transformProfile=hermes-stable:491568
[ 3899068ms] [ERROR] WebSocket connection to 'ws://localhost:4000/api/v1/realtime/ws?topics=' failed: HTTP Authentication failed; no valid credentials available @ http://localhost:8083/index.ts.bundle?platform=web&dev=true&hot=false&lazy=true&transform.engine=hermes&transform.routerRoot=app&unstable_transformProfile=hermes-stable:491568
[ 3902132ms] [ERROR] WebSocket connection to 'ws://localhost:4000/api/v1/realtime/ws?topics=' failed: HTTP Authentication failed; no valid credentials available @ http://localhost:8083/index.ts.bundle?platform=web&dev=true&hot=false&lazy=true&transform.engine=hermes&transform.routerRoot=app&unstable_transformProfile=hermes-stable:491568
[ 3909280ms] [ERROR] WebSocket connection to 'ws://localhost:4000/api/v1/realtime/ws?topics=' failed: HTTP Authentication failed; no valid credentials available @ http://localhost:8083/index.ts.bundle?platform=web&dev=true&hot=false&lazy=true&transform.engine=hermes&transform.routerRoot=app&unstable_transformProfile=hermes-stable:491568
[ 3913799ms] [ERROR] WebSocket connection to 'ws://localhost:4000/api/v1/realtime/ws?topics=' failed: HTTP Authentication failed; no valid credentials available @ http://localhost:8083/index.ts.bundle?platform=web&dev=true&hot=false&lazy=true&transform.engine=hermes&transform.routerRoot=app&unstable_transformProfile=hermes-stable:491568
[ 3919713ms] [ERROR] WebSocket connection to 'ws://localhost:4000/api/v1/realtime/ws?topics=' failed: HTTP Authentication failed; no valid credentials available @ http://localhost:8083/index.ts.bundle?platform=web&dev=true&hot=false&lazy=true&transform.engine=hermes&transform.routerRoot=app&unstable_transformProfile=hermes-stable:491568
[ 3922763ms] [ERROR] WebSocket connection to 'ws://localhost:4000/api/v1/realtime/ws?topics=' failed: HTTP Authentication failed; no valid credentials available @ http://localhost:8083/index.ts.bundle?platform=web&dev=true&hot=false&lazy=true&transform.engine=hermes&transform.routerRoot=app&unstable_transformProfile=hermes-stable:491568
[ 3928726ms] [ERROR] WebSocket connection to 'ws://localhost:4000/api/v1/realtime/ws?topics=' failed: HTTP Authentication failed; no valid credentials available @ http://localhost:8083/index.ts.bundle?platform=web&dev=true&hot=false&lazy=true&transform.engine=hermes&transform.routerRoot=app&unstable_transformProfile=hermes-stable:491568
[ 3935246ms] [ERROR] WebSocket connection to 'ws://localhost:4000/api/v1/realtime/ws?topics=' failed: HTTP Authentication failed; no valid credentials available @ http://localhost:8083/index.ts.bundle?platform=web&dev=true&hot=false&lazy=true&transform.engine=hermes&transform.routerRoot=app&unstable_transformProfile=hermes-stable:491568
[ 3940821ms] [ERROR] WebSocket connection to 'ws://localhost:4000/api/v1/realtime/ws?topics=' failed: HTTP Authentication failed; no valid credentials available @ http://localhost:8083/index.ts.bundle?platform=web&dev=true&hot=false&lazy=true&transform.engine=hermes&transform.routerRoot=app&unstable_transformProfile=hermes-stable:491568
[ 3945625ms] [ERROR] WebSocket connection to 'ws://localhost:4000/api/v1/realtime/ws?topics=' failed: HTTP Authentication failed; no valid credentials available @ http://localhost:8083/index.ts.bundle?platform=web&dev=true&hot=false&lazy=true&transform.engine=hermes&transform.routerRoot=app&unstable_transformProfile=hermes-stable:491568
[ 3950463ms] [ERROR] WebSocket connection to 'ws://localhost:4000/api/v1/realtime/ws?topics=' failed: HTTP Authentication failed; no valid credentials available @ http://localhost:8083/index.ts.bundle?platform=web&dev=true&hot=false&lazy=true&transform.engine=hermes&transform.routerRoot=app&unstable_transformProfile=hermes-stable:491568
[ 3955621ms] [ERROR] WebSocket connection to 'ws://localhost:4000/api/v1/realtime/ws?topics=' failed: HTTP Authentication failed; no valid credentials available @ http://localhost:8083/index.ts.bundle?platform=web&dev=true&hot=false&lazy=true&transform.engine=hermes&transform.routerRoot=app&unstable_transformProfile=hermes-stable:491568
[ 3958308ms] [ERROR] WebSocket connection to 'ws://localhost:4000/api/v1/realtime/ws?topics=' failed: HTTP Authentication failed; no valid credentials available @ http://localhost:8083/index.ts.bundle?platform=web&dev=true&hot=false&lazy=true&transform.engine=hermes&transform.routerRoot=app&unstable_transformProfile=hermes-stable:491568
[ 3961368ms] [INFO] [telemetry] screen_view {screen: AssetDetail, assetId: seed_coown_1, session_id: 894425f5-7193-4efa-9463-f016360ad0d8, timestamp: 2026-09-03T01:44:06.930Z} @ http://localhost:8083/index.ts.bundle?platform=web&dev=true&hot=false&lazy=true&transform.engine=hermes&transform.routerRoot=app&unstable_transformProfile=hermes-stable:124750
[ 3961369ms] [INFO] [telemetry] screen_view {screen: AssetDetail, previous_screen: CoOwnHub, params: Object, session_id: 894425f5-7193-4efa-9463-f016360ad0d8, timestamp: 2026-09-03T01:44:06.931Z} @ http://localhost:8083/index.ts.bundle?platform=web&dev=true&hot=false&lazy=true&transform.engine=hermes&transform.routerRoot=app&unstable_transformProfile=hermes-stable:124750
[ 3961735ms] [WARNING] "textShadow*" style props are deprecated. Use "textShadow". @ http://localhost:8083/index.ts.bundle?platform=web&dev=true&hot=false&lazy=true&transform.engine=hermes&transform.routerRoot=app&unstable_transformProfile=hermes-stable:124750
[ 3962750ms] [ERROR] WebSocket connection to 'ws://localhost:4000/api/v1/realtime/ws?topics=' failed: HTTP Authentication failed; no valid credentials available @ http://localhost:8083/index.ts.bundle?platform=web&dev=true&hot=false&lazy=true&transform.engine=hermes&transform.routerRoot=app&unstable_transformProfile=hermes-stable:491568
[ 3965309ms] [INFO] [telemetry] screen_view {screen: CoOwnHub, session_id: 894425f5-7193-4efa-9463-f016360ad0d8, timestamp: 2026-09-03T01:44:10.872Z} @ http://localhost:8083/index.ts.bundle?platform=web&dev=true&hot=false&lazy=true&transform.engine=hermes&transform.routerRoot=app&unstable_transformProfile=hermes-stable:124750
[ 3965310ms] [INFO] [telemetry] screen_view {screen: CoOwnHub, previous_screen: AssetDetail, params: Object, session_id: 894425f5-7193-4efa-9463-f016360ad0d8, timestamp: 2026-09-03T01:44:10.872Z} @ http://localhost:8083/index.ts.bundle?platform=web&dev=true&hot=false&lazy=true&transform.engine=hermes&transform.routerRoot=app&unstable_transformProfile=hermes-stable:124750
[ 3967967ms] [INFO] [telemetry] screen_view {screen: CoOwnOnboarding, session_id: 894425f5-7193-4efa-9463-f016360ad0d8, timestamp: 2026-09-03T01:44:13.529Z} @ http://localhost:8083/index.ts.bundle?platform=web&dev=true&hot=false&lazy=true&transform.engine=hermes&transform.routerRoot=app&unstable_transformProfile=hermes-stable:124750
[ 3967968ms] [INFO] [telemetry] screen_view {screen: CoOwnOnboarding, previous_screen: CoOwnHub, params: Object, session_id: 894425f5-7193-4efa-9463-f016360ad0d8, timestamp: 2026-09-03T01:44:13.530Z} @ http://localhost:8083/index.ts.bundle?platform=web&dev=true&hot=false&lazy=true&transform.engine=hermes&transform.routerRoot=app&unstable_transformProfile=hermes-stable:124750
[ 3968835ms] [ERROR] WebSocket connection to 'ws://localhost:4000/api/v1/realtime/ws?topics=' failed: HTTP Authentication failed; no valid credentials available @ http://localhost:8083/index.ts.bundle?platform=web&dev=true&hot=false&lazy=true&transform.engine=hermes&transform.routerRoot=app&unstable_transformProfile=hermes-stable:491568
[ 3971725ms] [INFO] [telemetry] screen_view {screen: CoOwnHub, session_id: 894425f5-7193-4efa-9463-f016360ad0d8, timestamp: 2026-09-03T01:44:17.288Z} @ http://localhost:8083/index.ts.bundle?platform=web&dev=true&hot=false&lazy=true&transform.engine=hermes&transform.routerRoot=app&unstable_transformProfile=hermes-stable:124750
[ 3971726ms] [INFO] [telemetry] screen_view {screen: CoOwnHub, previous_screen: CoOwnOnboarding, params: Object, session_id: 894425f5-7193-4efa-9463-f016360ad0d8, timestamp: 2026-09-03T01:44:17.288Z} @ http://localhost:8083/index.ts.bundle?platform=web&dev=true&hot=false&lazy=true&transform.engine=hermes&transform.routerRoot=app&unstable_transformProfile=hermes-stable:124750
[ 3973045ms] [ERROR] WebSocket connection to 'ws://localhost:4000/api/v1/realtime/ws?topics=' failed: HTTP Authentication failed; no valid credentials available @ http://localhost:8083/index.ts.bundle?platform=web&dev=true&hot=false&lazy=true&transform.engine=hermes&transform.routerRoot=app&unstable_transformProfile=hermes-stable:491568
[ 3979902ms] [ERROR] WebSocket connection to 'ws://localhost:4000/api/v1/realtime/ws?topics=' failed: HTTP Authentication failed; no valid credentials available @ http://localhost:8083/index.ts.bundle?platform=web&dev=true&hot=false&lazy=true&transform.engine=hermes&transform.routerRoot=app&unstable_transformProfile=hermes-stable:491568
[ 3982694ms] [ERROR] WebSocket connection to 'ws://localhost:4000/api/v1/realtime/ws?topics=' failed: HTTP Authentication failed; no valid credentials available @ http://localhost:8083/index.ts.bundle?platform=web&dev=true&hot=false&lazy=true&transform.engine=hermes&transform.routerRoot=app&unstable_transformProfile=hermes-stable:491568
[ 3990334ms] [ERROR] WebSocket connection to 'ws://localhost:4000/api/v1/realtime/ws?topics=' failed: HTTP Authentication failed; no valid credentials available @ http://localhost:8083/index.ts.bundle?platform=web&dev=true&hot=false&lazy=true&transform.engine=hermes&transform.routerRoot=app&unstable_transformProfile=hermes-stable:491568
[ 3993513ms] [ERROR] WebSocket connection to 'ws://localhost:4000/api/v1/realtime/ws?topics=' failed: HTTP Authentication failed; no valid credentials available @ http://localhost:8083/index.ts.bundle?platform=web&dev=true&hot=false&lazy=true&transform.engine=hermes&transform.routerRoot=app&unstable_transformProfile=hermes-stable:491568
[ 3997328ms] [ERROR] WebSocket connection to 'ws://localhost:4000/api/v1/realtime/ws?topics=' failed: HTTP Authentication failed; no valid credentials available @ http://localhost:8083/index.ts.bundle?platform=web&dev=true&hot=false&lazy=true&transform.engine=hermes&transform.routerRoot=app&unstable_transformProfile=hermes-stable:491568
[ 4004292ms] [ERROR] WebSocket connection to 'ws://localhost:4000/api/v1/realtime/ws?topics=' failed: HTTP Authentication failed; no valid credentials available @ http://localhost:8083/index.ts.bundle?platform=web&dev=true&hot=false&lazy=true&transform.engine=hermes&transform.routerRoot=app&unstable_transformProfile=hermes-stable:491568
[ 4009477ms] [ERROR] WebSocket connection to 'ws://localhost:4000/api/v1/realtime/ws?topics=' failed: HTTP Authentication failed; no valid credentials available @ http://localhost:8083/index.ts.bundle?platform=web&dev=true&hot=false&lazy=true&transform.engine=hermes&transform.routerRoot=app&unstable_transformProfile=hermes-stable:491568
[ 4015498ms] [ERROR] WebSocket connection to 'ws://localhost:4000/api/v1/realtime/ws?topics=' failed: HTTP Authentication failed; no valid credentials available @ http://localhost:8083/index.ts.bundle?platform=web&dev=true&hot=false&lazy=true&transform.engine=hermes&transform.routerRoot=app&unstable_transformProfile=hermes-stable:491568
[ 4017424ms] [ERROR] WebSocket connection to 'ws://localhost:4000/api/v1/realtime/ws?topics=' failed: HTTP Authentication failed; no valid credentials available @ http://localhost:8083/index.ts.bundle?platform=web&dev=true&hot=false&lazy=true&transform.engine=hermes&transform.routerRoot=app&unstable_transformProfile=hermes-stable:491568
[ 4023637ms] [ERROR] WebSocket connection to 'ws://localhost:4000/api/v1/realtime/ws?topics=' failed: HTTP Authentication failed; no valid credentials available @ http://localhost:8083/index.ts.bundle?platform=web&dev=true&hot=false&lazy=true&transform.engine=hermes&transform.routerRoot=app&unstable_transformProfile=hermes-stable:491568
[ 4029266ms] [ERROR] WebSocket connection to 'ws://localhost:4000/api/v1/realtime/ws?topics=' failed: HTTP Authentication failed; no valid credentials available @ http://localhost:8083/index.ts.bundle?platform=web&dev=true&hot=false&lazy=true&transform.engine=hermes&transform.routerRoot=app&unstable_transformProfile=hermes-stable:491568
[ 4035253ms] [ERROR] WebSocket connection to 'ws://localhost:4000/api/v1/realtime/ws?topics=' failed: HTTP Authentication failed; no valid credentials available @ http://localhost:8083/index.ts.bundle?platform=web&dev=true&hot=false&lazy=true&transform.engine=hermes&transform.routerRoot=app&unstable_transformProfile=hermes-stable:491568
[ 4039778ms] [ERROR] WebSocket connection to 'ws://localhost:4000/api/v1/realtime/ws?topics=' failed: HTTP Authentication failed; no valid credentials available @ http://localhost:8083/index.ts.bundle?platform=web&dev=true&hot=false&lazy=true&transform.engine=hermes&transform.routerRoot=app&unstable_transformProfile=hermes-stable:491568
[ 4044269ms] [ERROR] WebSocket connection to 'ws://localhost:4000/api/v1/realtime/ws?topics=' failed: HTTP Authentication failed; no valid credentials available @ http://localhost:8083/index.ts.bundle?platform=web&dev=true&hot=false&lazy=true&transform.engine=hermes&transform.routerRoot=app&unstable_transformProfile=hermes-stable:491568
[ 4047935ms] [ERROR] WebSocket connection to 'ws://localhost:4000/api/v1/realtime/ws?topics=' failed: HTTP Authentication failed; no valid credentials available @ http://localhost:8083/index.ts.bundle?platform=web&dev=true&hot=false&lazy=true&transform.engine=hermes&transform.routerRoot=app&unstable_transformProfile=hermes-stable:491568
[ 4053106ms] [ERROR] WebSocket connection to 'ws://localhost:4000/api/v1/realtime/ws?topics=' failed: HTTP Authentication failed; no valid credentials available @ http://localhost:8083/index.ts.bundle?platform=web&dev=true&hot=false&lazy=true&transform.engine=hermes&transform.routerRoot=app&unstable_transformProfile=hermes-stable:491568
[ 4059066ms] [ERROR] WebSocket connection to 'ws://localhost:4000/api/v1/realtime/ws?topics=' failed: HTTP Authentication failed; no valid credentials available @ http://localhost:8083/index.ts.bundle?platform=web&dev=true&hot=false&lazy=true&transform.engine=hermes&transform.routerRoot=app&unstable_transformProfile=hermes-stable:491568
[ 4065021ms] [ERROR] WebSocket connection to 'ws://localhost:4000/api/v1/realtime/ws?topics=' failed: HTTP Authentication failed; no valid credentials available @ http://localhost:8083/index.ts.bundle?platform=web&dev=true&hot=false&lazy=true&transform.engine=hermes&transform.routerRoot=app&unstable_transformProfile=hermes-stable:491568
[ 4067373ms] [ERROR] WebSocket connection to 'ws://localhost:4000/api/v1/realtime/ws?topics=' failed: HTTP Authentication failed; no valid credentials available @ http://localhost:8083/index.ts.bundle?platform=web&dev=true&hot=false&lazy=true&transform.engine=hermes&transform.routerRoot=app&unstable_transformProfile=hermes-stable:491568
[ 4075102ms] [ERROR] WebSocket connection to 'ws://localhost:4000/api/v1/realtime/ws?topics=' failed: HTTP Authentication failed; no valid credentials available @ http://localhost:8083/index.ts.bundle?platform=web&dev=true&hot=false&lazy=true&transform.engine=hermes&transform.routerRoot=app&unstable_transformProfile=hermes-stable:491568
[ 4080118ms] [ERROR] WebSocket connection to 'ws://localhost:4000/api/v1/realtime/ws?topics=' failed: HTTP Authentication failed; no valid credentials available @ http://localhost:8083/index.ts.bundle?platform=web&dev=true&hot=false&lazy=true&transform.engine=hermes&transform.routerRoot=app&unstable_transformProfile=hermes-stable:491568
[ 4085207ms] [ERROR] WebSocket connection to 'ws://localhost:4000/api/v1/realtime/ws?topics=' failed: HTTP Authentication failed; no valid credentials available @ http://localhost:8083/index.ts.bundle?platform=web&dev=true&hot=false&lazy=true&transform.engine=hermes&transform.routerRoot=app&unstable_transformProfile=hermes-stable:491568
[ 4087260ms] [ERROR] WebSocket connection to 'ws://localhost:4000/api/v1/realtime/ws?topics=' failed: HTTP Authentication failed; no valid credentials available @ http://localhost:8083/index.ts.bundle?platform=web&dev=true&hot=false&lazy=true&transform.engine=hermes&transform.routerRoot=app&unstable_transformProfile=hermes-stable:491568
[ 4093963ms] [ERROR] WebSocket connection to 'ws://localhost:4000/api/v1/realtime/ws?topics=' failed: HTTP Authentication failed; no valid credentials available @ http://localhost:8083/index.ts.bundle?platform=web&dev=true&hot=false&lazy=true&transform.engine=hermes&transform.routerRoot=app&unstable_transformProfile=hermes-stable:491568
[ 4097987ms] [ERROR] WebSocket connection to 'ws://localhost:4000/api/v1/realtime/ws?topics=' failed: HTTP Authentication failed; no valid credentials available @ http://localhost:8083/index.ts.bundle?platform=web&dev=true&hot=false&lazy=true&transform.engine=hermes&transform.routerRoot=app&unstable_transformProfile=hermes-stable:491568
[ 4102388ms] [ERROR] WebSocket connection to 'ws://localhost:4000/api/v1/realtime/ws?topics=' failed: HTTP Authentication failed; no valid credentials available @ http://localhost:8083/index.ts.bundle?platform=web&dev=true&hot=false&lazy=true&transform.engine=hermes&transform.routerRoot=app&unstable_transformProfile=hermes-stable:491568
[ 4109060ms] [ERROR] WebSocket connection to 'ws://localhost:4000/api/v1/realtime/ws?topics=' failed: HTTP Authentication failed; no valid credentials available @ http://localhost:8083/index.ts.bundle?platform=web&dev=true&hot=false&lazy=true&transform.engine=hermes&transform.routerRoot=app&unstable_transformProfile=hermes-stable:491568
[ 4113351ms] [ERROR] WebSocket connection to 'ws://localhost:4000/api/v1/realtime/ws?topics=' failed: HTTP Authentication failed; no valid credentials available @ http://localhost:8083/index.ts.bundle?platform=web&dev=true&hot=false&lazy=true&transform.engine=hermes&transform.routerRoot=app&unstable_transformProfile=hermes-stable:491568
[ 4118246ms] [ERROR] WebSocket connection to 'ws://localhost:4000/api/v1/realtime/ws?topics=' failed: HTTP Authentication failed; no valid credentials available @ http://localhost:8083/index.ts.bundle?platform=web&dev=true&hot=false&lazy=true&transform.engine=hermes&transform.routerRoot=app&unstable_transformProfile=hermes-stable:491568
[ 4123386ms] [ERROR] WebSocket connection to 'ws://localhost:4000/api/v1/realtime/ws?topics=' failed: HTTP Authentication failed; no valid credentials available @ http://localhost:8083/index.ts.bundle?platform=web&dev=true&hot=false&lazy=true&transform.engine=hermes&transform.routerRoot=app&unstable_transformProfile=hermes-stable:491568
[ 4130620ms] [ERROR] WebSocket connection to 'ws://localhost:4000/api/v1/realtime/ws?topics=' failed: HTTP Authentication failed; no valid credentials available @ http://localhost:8083/index.ts.bundle?platform=web&dev=true&hot=false&lazy=true&transform.engine=hermes&transform.routerRoot=app&unstable_transformProfile=hermes-stable:491568
[ 4133797ms] [ERROR] WebSocket connection to 'ws://localhost:4000/api/v1/realtime/ws?topics=' failed: HTTP Authentication failed; no valid credentials available @ http://localhost:8083/index.ts.bundle?platform=web&dev=true&hot=false&lazy=true&transform.engine=hermes&transform.routerRoot=app&unstable_transformProfile=hermes-stable:491568
[ 4140291ms] [ERROR] WebSocket connection to 'ws://localhost:4000/api/v1/realtime/ws?topics=' failed: HTTP Authentication failed; no valid credentials available @ http://localhost:8083/index.ts.bundle?platform=web&dev=true&hot=false&lazy=true&transform.engine=hermes&transform.routerRoot=app&unstable_transformProfile=hermes-stable:491568
[ 4144089ms] [ERROR] WebSocket connection to 'ws://localhost:4000/api/v1/realtime/ws?topics=' failed: HTTP Authentication failed; no valid credentials available @ http://localhost:8083/index.ts.bundle?platform=web&dev=true&hot=false&lazy=true&transform.engine=hermes&transform.routerRoot=app&unstable_transformProfile=hermes-stable:491568
[ 4147076ms] [ERROR] WebSocket connection to 'ws://localhost:4000/api/v1/realtime/ws?topics=' failed: HTTP Authentication failed; no valid credentials available @ http://localhost:8083/index.ts.bundle?platform=web&dev=true&hot=false&lazy=true&transform.engine=hermes&transform.routerRoot=app&unstable_transformProfile=hermes-stable:491568
[ 4154214ms] [ERROR] WebSocket connection to 'ws://localhost:4000/api/v1/realtime/ws?topics=' failed: HTTP Authentication failed; no valid credentials available @ http://localhost:8083/index.ts.bundle?platform=web&dev=true&hot=false&lazy=true&transform.engine=hermes&transform.routerRoot=app&unstable_transformProfile=hermes-stable:491568
[ 4160721ms] [ERROR] WebSocket connection to 'ws://localhost:4000/api/v1/realtime/ws?topics=' failed: HTTP Authentication failed; no valid credentials available @ http://localhost:8083/index.ts.bundle?platform=web&dev=true&hot=false&lazy=true&transform.engine=hermes&transform.routerRoot=app&unstable_transformProfile=hermes-stable:491568
[ 4164836ms] [ERROR] WebSocket connection to 'ws://localhost:4000/api/v1/realtime/ws?topics=' failed: HTTP Authentication failed; no valid credentials available @ http://localhost:8083/index.ts.bundle?platform=web&dev=true&hot=false&lazy=true&transform.engine=hermes&transform.routerRoot=app&unstable_transformProfile=hermes-stable:491568
[ 4168730ms] [ERROR] WebSocket connection to 'ws://localhost:4000/api/v1/realtime/ws?topics=' failed: HTTP Authentication failed; no valid credentials available @ http://localhost:8083/index.ts.bundle?platform=web&dev=true&hot=false&lazy=true&transform.engine=hermes&transform.routerRoot=app&unstable_transformProfile=hermes-stable:491568
[ 4172090ms] [ERROR] WebSocket connection to 'ws://localhost:4000/api/v1/realtime/ws?topics=' failed: HTTP Authentication failed; no valid credentials available @ http://localhost:8083/index.ts.bundle?platform=web&dev=true&hot=false&lazy=true&transform.engine=hermes&transform.routerRoot=app&unstable_transformProfile=hermes-stable:491568
[ 4180795ms] [ERROR] WebSocket connection to 'ws://localhost:4000/api/v1/realtime/ws?topics=' failed: HTTP Authentication failed; no valid credentials available @ http://localhost:8083/index.ts.bundle?platform=web&dev=true&hot=false&lazy=true&transform.engine=hermes&transform.routerRoot=app&unstable_transformProfile=hermes-stable:491568
[ 4185292ms] [ERROR] WebSocket connection to 'ws://localhost:4000/api/v1/realtime/ws?topics=' failed: HTTP Authentication failed; no valid credentials available @ http://localhost:8083/index.ts.bundle?platform=web&dev=true&hot=false&lazy=true&transform.engine=hermes&transform.routerRoot=app&unstable_transformProfile=hermes-stable:491568
[ 4187473ms] [ERROR] WebSocket connection to 'ws://localhost:4000/api/v1/realtime/ws?topics=' failed: HTTP Authentication failed; no valid credentials available @ http://localhost:8083/index.ts.bundle?platform=web&dev=true&hot=false&lazy=true&transform.engine=hermes&transform.routerRoot=app&unstable_transformProfile=hermes-stable:491568
[ 4194572ms] [ERROR] WebSocket connection to 'ws://localhost:4000/api/v1/realtime/ws?topics=' failed: HTTP Authentication failed; no valid credentials available @ http://localhost:8083/index.ts.bundle?platform=web&dev=true&hot=false&lazy=true&transform.engine=hermes&transform.routerRoot=app&unstable_transformProfile=hermes-stable:491568
[ 4200230ms] [ERROR] WebSocket connection to 'ws://localhost:4000/api/v1/realtime/ws?topics=' failed: HTTP Authentication failed; no valid credentials available @ http://localhost:8083/index.ts.bundle?platform=web&dev=true&hot=false&lazy=true&transform.engine=hermes&transform.routerRoot=app&unstable_transformProfile=hermes-stable:491568
[ 4204826ms] [ERROR] WebSocket connection to 'ws://localhost:4000/api/v1/realtime/ws?topics=' failed: HTTP Authentication failed; no valid credentials available @ http://localhost:8083/index.ts.bundle?platform=web&dev=true&hot=false&lazy=true&transform.engine=hermes&transform.routerRoot=app&unstable_transformProfile=hermes-stable:491568
[ 4209197ms] [ERROR] WebSocket connection to 'ws://localhost:4000/api/v1/realtime/ws?topics=' failed: HTTP Authentication failed; no valid credentials available @ http://localhost:8083/index.ts.bundle?platform=web&dev=true&hot=false&lazy=true&transform.engine=hermes&transform.routerRoot=app&unstable_transformProfile=hermes-stable:491568
[ 4213412ms] [ERROR] WebSocket connection to 'ws://localhost:4000/api/v1/realtime/ws?topics=' failed: HTTP Authentication failed; no valid credentials available @ http://localhost:8083/index.ts.bundle?platform=web&dev=true&hot=false&lazy=true&transform.engine=hermes&transform.routerRoot=app&unstable_transformProfile=hermes-stable:491568
[ 4219611ms] [ERROR] WebSocket connection to 'ws://localhost:4000/api/v1/realtime/ws?topics=' failed: HTTP Authentication failed; no valid credentials available @ http://localhost:8083/index.ts.bundle?platform=web&dev=true&hot=false&lazy=true&transform.engine=hermes&transform.routerRoot=app&unstable_transformProfile=hermes-stable:491568
[ 4224350ms] [ERROR] WebSocket connection to 'ws://localhost:4000/api/v1/realtime/ws?topics=' failed: HTTP Authentication failed; no valid credentials available @ http://localhost:8083/index.ts.bundle?platform=web&dev=true&hot=false&lazy=true&transform.engine=hermes&transform.routerRoot=app&unstable_transformProfile=hermes-stable:491568
[ 4228754ms] [ERROR] WebSocket connection to 'ws://localhost:4000/api/v1/realtime/ws?topics=' failed: HTTP Authentication failed; no valid credentials available @ http://localhost:8083/index.ts.bundle?platform=web&dev=true&hot=false&lazy=true&transform.engine=hermes&transform.routerRoot=app&unstable_transformProfile=hermes-stable:491568
[ 4233529ms] [ERROR] WebSocket connection to 'ws://localhost:4000/api/v1/realtime/ws?topics=' failed: HTTP Authentication failed; no valid credentials available @ http://localhost:8083/index.ts.bundle?platform=web&dev=true&hot=false&lazy=true&transform.engine=hermes&transform.routerRoot=app&unstable_transformProfile=hermes-stable:491568
[ 4240111ms] [ERROR] WebSocket connection to 'ws://localhost:4000/api/v1/realtime/ws?topics=' failed: HTTP Authentication failed; no valid credentials available @ http://localhost:8083/index.ts.bundle?platform=web&dev=true&hot=false&lazy=true&transform.engine=hermes&transform.routerRoot=app&unstable_transformProfile=hermes-stable:491568
[ 4243471ms] [ERROR] WebSocket connection to 'ws://localhost:4000/api/v1/realtime/ws?topics=' failed: HTTP Authentication failed; no valid credentials available @ http://localhost:8083/index.ts.bundle?platform=web&dev=true&hot=false&lazy=true&transform.engine=hermes&transform.routerRoot=app&unstable_transformProfile=hermes-stable:491568
[ 4245905ms] [INFO] [telemetry] screen_view {screen: CoOwnHub, session_id: 894425f5-7193-4efa-9463-f016360ad0d8, timestamp: 2026-09-03T01:48:51.467Z} @ http://localhost:8083/index.ts.bundle?platform=web&dev=true&hot=false&lazy=true&transform.engine=hermes&transform.routerRoot=app&unstable_transformProfile=hermes-stable:124750
[ 4247860ms] [ERROR] WebSocket connection to 'ws://localhost:4000/api/v1/realtime/ws?topics=' failed: HTTP Authentication failed; no valid credentials available @ http://localhost:8083/index.ts.bundle?platform=web&dev=true&hot=false&lazy=true&transform.engine=hermes&transform.routerRoot=app&unstable_transformProfile=hermes-stable:491568
[ 4251237ms] [INFO] [visually-complete] Home: 4136510.0ms @ http://localhost:8083/index.ts.bundle?platform=web&dev=true&hot=false&lazy=true&transform.engine=hermes&transform.routerRoot=app&unstable_transformProfile=hermes-stable:124750
[ 4251244ms] [INFO] [telemetry] screen_view {screen: Home, session_id: 894425f5-7193-4efa-9463-f016360ad0d8, timestamp: 2026-09-03T01:48:56.807Z} @ http://localhost:8083/index.ts.bundle?platform=web&dev=true&hot=false&lazy=true&transform.engine=hermes&transform.routerRoot=app&unstable_transformProfile=hermes-stable:124750
[ 4251245ms] [INFO] [telemetry] screen_view {screen: Home, previous_screen: CoOwnHub, params: Object, session_id: 894425f5-7193-4efa-9463-f016360ad0d8, timestamp: 2026-09-03T01:48:56.807Z} @ http://localhost:8083/index.ts.bundle?platform=web&dev=true&hot=false&lazy=true&transform.engine=hermes&transform.routerRoot=app&unstable_transformProfile=hermes-stable:124750
[ 4253816ms] [ERROR] In HTML, %s cannot be a descendant of <%s>.
This will cause a hydration error.%s <button> button 

  ...
    <ViewHolderInternal index={0} item={{id:"item_s...", ...}} trailingItem={undefined} layout={{x:0,y:0,width:768, ...}} ...>
      <View ref={{current:null}} onLayout={function} style={{...}} index={0}>
        <div dir={null} ref={function forwardRef} className="css-view-g..." style={{...}}>
          <View style={{...}}>
            <div dir={null} ref={function forwardRef} className="css-view-g...">
              <HomeDiscoveryCard item={{id:"item_s...", ...}} tileWidth={760} formatPrice={function t1} ...>
                <View style={[...]}>
                  <div dir={null} ref={function forwardRef} className="css-view-g..." style={{width:"760px"}}>
                    <AnimatedPressable style={{width:"100%"}} onPress={function t17} onLongPress={function t18} ...>
                      <Pressable style={[...]} accessible={true} accessibilityRole="button" ...>
                        <AnimatedComponent(Pressable) style={[...]} accessible={true} accessibilityRole="button" ...>
                          <Pressable nativeID={undefined} style={[...]} accessible={true} accessibilityRole="button" ...>
                            <View nativeID={undefined} accessible={true} accessibilityRole="button" ...>
>                             <button
>                               onKeyDown={function}
>                               onClick={function onClick}
>                               onContextMenu={function}
>                               onBlur={function}
>                               onFocus={function}
>                               dir={null}
>                               ref={function forwardRef}
>                               aria-label="Chanel Classic Flap Medium, £6,800.00, @scott_art"
>                               role="button"
>                               tabIndex={0}
>                               className="css-view-g5y9jx r-cursor-1loqt21 r-touchAction-1otgn73"
>                               style={{width:"100%",opacity:1}}
>                               type="button"
>                             >
                                ...
                                  <Pressable onPress={function t5} style={{position:"...", ...}} ...>
                                    <View hitSlop={{top:4,bottom:4,left:4, ...}} accessibilityLabel="Save item" ...>
>                                     <button
>                                       onKeyDown={function}
>                                       onClick={function onClick}
>                                       onContextMenu={function}
>                                       onBlur={function}
>                                       onFocus={function}
>                                       dir={null}
>                                       ref={function forwardRef}
>                                       aria-label="Save item"
>                                       role="button"
>                                       tabIndex={0}
>                                       className="css-view-g5y9jx r-cursor-1loqt21 r-touchAction-1otgn73 r-alignItems..."
>                                       type="button"
>                                     >
                                ...
 @ http://localhost:8083/index.ts.bundle?platform=web&dev=true&hot=false&lazy=true&transform.engine=hermes&transform.routerRoot=app&unstable_transformProfile=hermes-stable:124750
[ 4253817ms] [ERROR] <%s> cannot contain a nested %s.
See this log for the ancestor stack trace. button <button> @ http://localhost:8083/index.ts.bundle?platform=web&dev=true&hot=false&lazy=true&transform.engine=hermes&transform.routerRoot=app&unstable_transformProfile=hermes-stable:124750
[ 4254376ms] [ERROR] Failed to load resource: the server responded with a status of 500 (Internal Server Error) @ http://localhost:4000/api/v1/recommendations/impressions:0
[ 4255397ms] [ERROR] Failed to load resource: the server responded with a status of 500 (Internal Server Error) @ http://localhost:4000/api/v1/recommendations/impressions:0
[ 4255522ms] [INFO] [visually-complete] ItemDetail → mounted: 4140794.5ms @ http://localhost:8083/index.ts.bundle?platform=web&dev=true&hot=false&lazy=true&transform.engine=hermes&transform.routerRoot=app&unstable_transformProfile=hermes-stable:124750
[ 4255522ms] [INFO] [visually-complete] ItemDetail: 4140795.1ms @ http://localhost:8083/index.ts.bundle?platform=web&dev=true&hot=false&lazy=true&transform.engine=hermes&transform.routerRoot=app&unstable_transformProfile=hermes-stable:124750
[ 4255525ms] [INFO] [telemetry] screen_view {screen: ItemDetail, itemId: seed_l15, session_id: 894425f5-7193-4efa-9463-f016360ad0d8, timestamp: 2026-09-03T01:49:01.087Z} @ http://localhost:8083/index.ts.bundle?platform=web&dev=true&hot=false&lazy=true&transform.engine=hermes&transform.routerRoot=app&unstable_transformProfile=hermes-stable:124750
[ 4255526ms] [INFO] [telemetry] screen_view {screen: ItemDetail, previous_screen: Home, params: Object, session_id: 894425f5-7193-4efa-9463-f016360ad0d8, timestamp: 2026-09-03T01:49:01.088Z} @ http://localhost:8083/index.ts.bundle?platform=web&dev=true&hot=false&lazy=true&transform.engine=hermes&transform.routerRoot=app&unstable_transformProfile=hermes-stable:124750
[ 4255581ms] [ERROR] React has detected a change in the order of Hooks called by %s. This will lead to bugs and errors if not fixed. For more information, read the Rules of Hooks: https://react.dev/link/rules-of-hooks

   Previous render            Next render
   ------------------------------------------------------
%s   ^^^^^^^^^^^^^^^^^^^^^^^^^^^^^^^^^^^^^^^^^^^^^^^^^^^^^^
 ItemDetailScreen 1. useContext                 useContext
2. useContext                 useContext
3. useContext                 useContext
4. useContext                 useContext
5. useContext                 useContext
6. useState                   useState
7. useEffect                  useEffect
8. useState                   useState
9. useState                   useState
10. useEffect                 useEffect
11. useContext                useContext
12. useState                  useState
13. useEffect                 useEffect
14. useContext                useContext
15. useState                  useState
16. useEffect                 useEffect
17. useEffect                 useEffect
18. useState                  useState
19. useState                  useState
20. useState                  useState
21. useState                  useState
22. useState                  useState
23. useState                  useState
24. useState                  useState
25. useState                  useState
26. useState                  useState
27. useState                  useState
28. useState                  useState
29. useState                  useState
30. useState                  useState
31. useState                  useState
32. useCallback               useCallback
33. useCallback               useCallback
34. useSyncExternalStore      useSyncExternalStore
35. useDebugValue             useDebugValue
36. useCallback               useCallback
37. useCallback               useCallback
38. useSyncExternalStore      useSyncExternalStore
39. useDebugValue             useDebugValue
40. useCallback               useCallback
41. useCallback               useCallback
42. useSyncExternalStore      useSyncExternalStore
43. useDebugValue             useDebugValue
44. useCallback               useCallback
45. useCallback               useCallback
46. useSyncExternalStore      useSyncExternalStore
47. useDebugValue             useDebugValue
48. useCallback               useCallback
49. useCallback               useCallback
50. useSyncExternalStore      useSyncExternalStore
51. useDebugValue             useDebugValue
52. useState                  useState
53. useState                  useState
54. useContext                useContext
55. useContext                useContext
56. useContext                useContext
57. useContext                useContext
58. useEffect                 useEffect
59. useState                  useState
60. useCallback               useCallback
61. useSyncExternalStore      useSyncExternalStore
62. useEffect                 useEffect
63. useContext                useContext
64. useContext                useContext
65. useContext                useContext
66. useEffect                 useEffect
67. useState                  useState
68. useCallback               useCallback
69. useSyncExternalStore      useSyncExternalStore
70. useEffect                 useEffect
71. useContext                useContext
72. useContext                useContext
73. useContext                useContext
74. useEffect                 useEffect
75. useState                  useState
76. useCallback               useCallback
77. useSyncExternalStore      useSyncExternalStore
78. useEffect                 useEffect
79. useContext                useContext
80. useContext                useContext
81. useContext                useContext
82. useEffect                 useEffect
83. useState                  useState
84. useCallback               useCallback
85. useSyncExternalStore      useSyncExternalStore
86. useEffect                 useEffect
87. useContext                useContext
88. useContext                useContext
89. useContext                useContext
90. useEffect                 useEffect
91. useState                  useState
92. useCallback               useCallback
93. useSyncExternalStore      useSyncExternalStore
94. useEffect                 useEffect
95. useContext                useContext
96. useContext                useContext
97. useContext                useContext
98. useEffect                 useEffect
99. useState                  useState
100. useCallback              useCallback
101. useSyncExternalStore     useSyncExternalStore
102. useEffect                useEffect
103. useEffect                useEffect
104. useState                 useState
105. useEffect                useEffect
106. useContext               useContext
107. useContext               useContext
108. useContext               useContext
109. useEffect                useEffect
110. useState                 useState
111. useCallback              useCallback
112. useSyncExternalStore     useSyncExternalStore
113. useEffect                useEffect
114. useContext               useContext
115. useContext               useContext
116. useState                 useState
117. useEffect                useEffect
118. useCallback              useCallback
119. useSyncExternalStore     useSyncExternalStore
120. useCallback              useCallback
121. useEffect                useEffect
122. useEffect                useEffect
123. useContext               useContext
124. useContext               useContext
125. useContext               useContext
126. useCallback              useCallback
127. useState                 useState
128. useEffect                useEffect
129. useRef                   useRef
130. useEffect                useEffect
131. useRef                   useRef
132. useState                 useState
133. useEffect                useEffect
134. useState                 useState
135. useEffect                useEffect
136. useState                 useState
137. useEffect                useEffect
138. useState                 useState
139. useEffect                useEffect
140. useState                 useState
141. useEffect                useEffect
142. useState                 useState
143. useEffect                useEffect
144. useState                 useState
145. useEffect                useEffect
146. useCallback              useCallback
147. useMemo                  useMemo
148. useRef                   useRef
149. useState                 useState
150. useEffect                useEffect
151. useRef                   useRef
152. useEffect                useEffect
153. useEffect                useEffect
154. useRef                   useRef
155. useRef                   useRef
156. useState                 useState
157. useEffect                useEffect
158. useRef                   useRef
159. useEffect                useEffect
160. useEffect                useEffect
161. useRef                   useRef
162. useState                 useState
163. useEffect                useEffect
164. useState                 useState
165. useEffect                useEffect
166. useCallback              useCallback
167. useMemo                  useMemo
168. useMemo                  useMemo
169. undefined                useMemo
 @ http://localhost:8083/index.ts.bundle?platform=web&dev=true&hot=false&lazy=true&transform.engine=hermes&transform.routerRoot=app&unstable_transformProfile=hermes-stable:124750
[ 4255596ms] [ERROR] %o

%s

%s
 Error: Rendered more hooks than during the previous render.
    at updateWorkInProgressHook (http://localhost:8083/index.ts.bundle?platform=web&dev=true&hot=false&lazy=true&transform.engine=hermes&transform.routerRoot=app&unstable_transformProfile=hermes-stable:132228:17)
    at updateMemo (http://localhost:8083/index.ts.bundle?platform=web&dev=true&hot=false&lazy=true&transform.engine=hermes&transform.routerRoot=app&unstable_transformProfile=hermes-stable:132859:18)
    at Object.useMemo (http://localhost:8083/index.ts.bundle?platform=web&dev=true&hot=false&lazy=true&transform.engine=hermes&transform.routerRoot=app&unstable_transformProfile=hermes-stable:141739:18)
    at exports.useMemo (http://localhost:8083/index.ts.bundle?platform=web&dev=true&hot=false&lazy=true&transform.engine=hermes&transform.routerRoot=app&unstable_transformProfile=hermes-stable:4788:34)
    at ItemDetailScreen (http://localhost:8083/index.ts.bundle?platform=web&dev=true&hot=false&lazy=true&transform.engine=hermes&transform.routerRoot=app&unstable_transformProfile=hermes-stable:982687:48)
    at Object.react_stack_bottom_frame (http://localhost:8083/index.ts.bundle?platform=web&dev=true&hot=false&lazy=true&transform.engine=hermes&transform.routerRoot=app&unstable_transformProfile=hermes-stable:141241:20)
    at renderWithHooks (http://localhost:8083/index.ts.bundle?platform=web&dev=true&hot=false&lazy=true&transform.engine=hermes&transform.routerRoot=app&unstable_transformProfile=hermes-stable:132114:22)
    at updateFunctionComponent (http://localhost:8083/index.ts.bundle?platform=web&dev=true&hot=false&lazy=true&transform.engine=hermes&transform.routerRoot=app&unstable_transformProfile=hermes-stable:133503:19)
    at beginWork (http://localhost:8083/index.ts.bundle?platform=web&dev=true&hot=false&lazy=true&transform.engine=hermes&transform.routerRoot=app&unstable_transformProfile=hermes-stable:134072:18)
    at runWithFiberInDEV (http://localhost:8083/index.ts.bundle?platform=web&dev=true&hot=false&lazy=true&transform.engine=hermes&transform.routerRoot=app&unstable_transformProfile=hermes-stable:128591:70) The above error occurred in the <ItemDetailScreen> component. React will try to recreate this component tree from scratch using the error boundary you provided, AppErrorBoundaryInner. @ http://localhost:8083/index.ts.bundle?platform=web&dev=true&hot=false&lazy=true&transform.engine=hermes&transform.routerRoot=app&unstable_transformProfile=hermes-stable:124750
[ 4255597ms] [INFO] [telemetry] error_boundary_crash {error_message: Rendered more hooks than during the previous render., component_stack: 
    at ItemDetailScreen (http://localhost:8083/in…unstable_transformProfile=hermes-stable:127839:5), session_id: 894425f5-7193-4efa-9463-f016360ad0d8, timestamp: 2026-09-03T01:49:01.159Z} @ http://localhost:8083/index.ts.bundle?platform=web&dev=true&hot=false&lazy=true&transform.engine=hermes&transform.routerRoot=app&unstable_transformProfile=hermes-stable:124750
[ 4255597ms] [WARNING] WebSocket connection to 'ws://localhost:4000/api/v1/realtime/ws?topics=' failed: WebSocket is closed before the connection is established. @ http://localhost:8083/index.ts.bundle?platform=web&dev=true&hot=false&lazy=true&transform.engine=hermes&transform.routerRoot=app&unstable_transformProfile=hermes-stable:491460
[ 4255657ms] [ERROR] WebSocket connection to 'ws://localhost:4000/api/v1/realtime/ws?topics=' failed: HTTP Authentication failed; no valid credentials available @ http://localhost:8083/index.ts.bundle?platform=web&dev=true&hot=false&lazy=true&transform.engine=hermes&transform.routerRoot=app&unstable_transformProfile=hermes-stable:491568
