[    2797ms] [WARNING] [expo-notifications] Listening to push token changes is not yet fully supported on web. Adding a listener will have no effect. @ http://localhost:8083/index.ts.bundle?platform=web&dev=true&hot=false&lazy=true&transform.engine=hermes&transform.routerRoot=app&unstable_transformProfile=hermes-stable:124760
[    2899ms] [LOG] Running application "main" with appParams:
 {rootTag: #root, hydrate: undefined} 
Development-level warnings: ON.
Performance optimizations: OFF. @ http://localhost:8083/index.ts.bundle?platform=web&dev=true&hot=false&lazy=true&transform.engine=hermes&transform.routerRoot=app&unstable_transformProfile=hermes-stable:124760
[    2926ms] [INFO] %cDownload the React DevTools for a better development experience: https://react.dev/link/react-devtools font-weight:bold @ http://localhost:8083/index.ts.bundle?platform=web&dev=true&hot=false&lazy=true&transform.engine=hermes&transform.routerRoot=app&unstable_transformProfile=hermes-stable:124760
[    2994ms] [WARNING] [sslPinning] status: not-installed. Initialisation failed — pinning NOT active. Error: Cannot find module 'react-native-ssl-public-key-pinning'
    at metroRequire (http://localhost:8083/index.ts.bundle?platform=web&dev=true&hot=false&lazy=true&transform.engine=hermes&transform.routerRoot=app&unstable_transformProfile=hermes-stable:61:15)
    at metroRequire.metroImportAll [as importAll] (http://localhost:8083/index.ts.bundle?platform=web&dev=true&hot=false&lazy=true&transform.engine=hermes&transform.routerRoot=app&unstable_transformProfile=hermes-stable:105:21)
    at importAll (http://localhost:8083/index.ts.bundle?platform=web&dev=true&hot=false&lazy=true&transform.engine=hermes&transform.routerRoot=app&unstable_transformProfile=hermes-stable:195219:37)
    at asyncRequireImpl (http://localhost:8083/index.ts.bundle?platform=web&dev=true&hot=false&lazy=true&transform.engine=hermes&transform.routerRoot=app&unstable_transformProfile=hermes-stable:195227:16)
    at asyncRequire (http://localhost:8083/index.ts.bundle?platform=web&dev=true&hot=false&lazy=true&transform.engine=hermes&transform.routerRoot=app&unstable_transformProfile=hermes-stable:195246:17)
    at initializeSslPinning (http://localhost:8083/index.ts.bundle?platform=web&dev=true&hot=false&lazy=true&transform.engine=hermes&transform.routerRoot=app&unstable_transformProfile=hermes-stable:289928:89)
    at initializeAppBootstrapState (http://localhost:8083/index.ts.bundle?platform=web&dev=true&hot=false&lazy=true&transform.engine=hermes&transform.routerRoot=app&unstable_transformProfile=hermes-stable:120345:96)
    at http://localhost:8083/index.ts.bundle?platform=web&dev=true&hot=false&lazy=true&transform.engine=hermes&transform.routerRoot=app&unstable_transformProfile=hermes-stable:120391:7
    at Object.react_stack_bottom_frame (http://localhost:8083/index.ts.bundle?platform=web&dev=true&hot=false&lazy=true&transform.engine=hermes&transform.routerRoot=app&unstable_transformProfile=hermes-stable:141313:20)
    at runWithFiberInDEV (http://localhost:8083/index.ts.bundle?platform=web&dev=true&hot=false&lazy=true&transform.engine=hermes&transform.routerRoot=app&unstable_transformProfile=hermes-stable:128601:70) @ http://localhost:8083/index.ts.bundle?platform=web&dev=true&hot=false&lazy=true&transform.engine=hermes&transform.routerRoot=app&unstable_transformProfile=hermes-stable:124760
[    3016ms] [WARNING] [apiClient] SecureStore unavailable — auth tokens will fall back to unencrypted AsyncStorage @ http://localhost:8083/index.ts.bundle?platform=web&dev=true&hot=false&lazy=true&transform.engine=hermes&transform.routerRoot=app&unstable_transformProfile=hermes-stable:124760
[    5081ms] [WARNING] "shadow*" style props are deprecated. Use "boxShadow". @ http://localhost:8083/index.ts.bundle?platform=web&dev=true&hot=false&lazy=true&transform.engine=hermes&transform.routerRoot=app&unstable_transformProfile=hermes-stable:124760
[    5088ms] [WARNING] [Reanimated] Reduced motion setting is overwritten with mode 'system'. @ http://localhost:8083/index.ts.bundle?platform=web&dev=true&hot=false&lazy=true&transform.engine=hermes&transform.routerRoot=app&unstable_transformProfile=hermes-stable:124760
[    5139ms] [WARNING] Require cycle: src/i18n/index.ts -> src/i18n/i18n.ts -> src/i18n/index.ts

Require cycles are allowed, but can result in uninitialized values. Consider refactoring to remove the need for a cycle. @ http://localhost:8083/index.ts.bundle?platform=web&dev=true&hot=false&lazy=true&transform.engine=hermes&transform.routerRoot=app&unstable_transformProfile=hermes-stable:124760
[    5140ms] [WARNING] Require cycle: src/i18n/index.ts -> src/i18n/i18n.ts -> src/i18n/index.ts

Require cycles are allowed, but can result in uninitialized values. Consider refactoring to remove the need for a cycle. @ http://localhost:8083/index.ts.bundle?platform=web&dev=true&hot=false&lazy=true&transform.engine=hermes&transform.routerRoot=app&unstable_transformProfile=hermes-stable:124760
[    5141ms] [WARNING] Require cycle: src/i18n/index.ts -> src/i18n/i18n.ts -> src/i18n/index.ts

Require cycles are allowed, but can result in uninitialized values. Consider refactoring to remove the need for a cycle. @ http://localhost:8083/index.ts.bundle?platform=web&dev=true&hot=false&lazy=true&transform.engine=hermes&transform.routerRoot=app&unstable_transformProfile=hermes-stable:124760
[    5142ms] [WARNING] Require cycle: src/i18n/index.ts -> src/i18n/i18n.ts -> src/i18n/index.ts

Require cycles are allowed, but can result in uninitialized values. Consider refactoring to remove the need for a cycle. @ http://localhost:8083/index.ts.bundle?platform=web&dev=true&hot=false&lazy=true&transform.engine=hermes&transform.routerRoot=app&unstable_transformProfile=hermes-stable:124760
[    5143ms] [WARNING] Require cycle: src/i18n/index.ts -> src/i18n/i18n.ts -> src/i18n/index.ts

Require cycles are allowed, but can result in uninitialized values. Consider refactoring to remove the need for a cycle. @ http://localhost:8083/index.ts.bundle?platform=web&dev=true&hot=false&lazy=true&transform.engine=hermes&transform.routerRoot=app&unstable_transformProfile=hermes-stable:124760
[    5144ms] [WARNING] Require cycle: src/i18n/index.ts -> src/i18n/i18n.ts -> src/i18n/index.ts

Require cycles are allowed, but can result in uninitialized values. Consider refactoring to remove the need for a cycle. @ http://localhost:8083/index.ts.bundle?platform=web&dev=true&hot=false&lazy=true&transform.engine=hermes&transform.routerRoot=app&unstable_transformProfile=hermes-stable:124760
[    5145ms] [WARNING] Require cycle: src/i18n/index.ts -> src/i18n/i18n.ts -> src/i18n/index.ts

Require cycles are allowed, but can result in uninitialized values. Consider refactoring to remove the need for a cycle. @ http://localhost:8083/index.ts.bundle?platform=web&dev=true&hot=false&lazy=true&transform.engine=hermes&transform.routerRoot=app&unstable_transformProfile=hermes-stable:124760
[    5146ms] [WARNING] Require cycle: src/i18n/index.ts -> src/i18n/i18n.ts -> src/i18n/index.ts

Require cycles are allowed, but can result in uninitialized values. Consider refactoring to remove the need for a cycle. @ http://localhost:8083/index.ts.bundle?platform=web&dev=true&hot=false&lazy=true&transform.engine=hermes&transform.routerRoot=app&unstable_transformProfile=hermes-stable:124760
[    5148ms] [WARNING] Require cycle: src/i18n/index.ts -> src/i18n/i18n.ts -> src/i18n/index.ts

Require cycles are allowed, but can result in uninitialized values. Consider refactoring to remove the need for a cycle. @ http://localhost:8083/index.ts.bundle?platform=web&dev=true&hot=false&lazy=true&transform.engine=hermes&transform.routerRoot=app&unstable_transformProfile=hermes-stable:124760
[    5149ms] [WARNING] Require cycle: src/i18n/index.ts -> src/i18n/i18n.ts -> src/i18n/index.ts

Require cycles are allowed, but can result in uninitialized values. Consider refactoring to remove the need for a cycle. @ http://localhost:8083/index.ts.bundle?platform=web&dev=true&hot=false&lazy=true&transform.engine=hermes&transform.routerRoot=app&unstable_transformProfile=hermes-stable:124760
[    5150ms] [WARNING] Require cycle: src/i18n/index.ts -> src/i18n/i18n.ts -> src/i18n/index.ts

Require cycles are allowed, but can result in uninitialized values. Consider refactoring to remove the need for a cycle. @ http://localhost:8083/index.ts.bundle?platform=web&dev=true&hot=false&lazy=true&transform.engine=hermes&transform.routerRoot=app&unstable_transformProfile=hermes-stable:124760
[    5152ms] [WARNING] Require cycle: src/i18n/index.ts -> src/i18n/i18n.ts -> src/i18n/index.ts

Require cycles are allowed, but can result in uninitialized values. Consider refactoring to remove the need for a cycle. @ http://localhost:8083/index.ts.bundle?platform=web&dev=true&hot=false&lazy=true&transform.engine=hermes&transform.routerRoot=app&unstable_transformProfile=hermes-stable:124760
[    5153ms] [WARNING] Require cycle: src/i18n/index.ts -> src/i18n/i18n.ts -> src/i18n/index.ts

Require cycles are allowed, but can result in uninitialized values. Consider refactoring to remove the need for a cycle. @ http://localhost:8083/index.ts.bundle?platform=web&dev=true&hot=false&lazy=true&transform.engine=hermes&transform.routerRoot=app&unstable_transformProfile=hermes-stable:124760
[    5155ms] [WARNING] Require cycle: src/i18n/index.ts -> src/i18n/i18n.ts -> src/i18n/index.ts

Require cycles are allowed, but can result in uninitialized values. Consider refactoring to remove the need for a cycle. @ http://localhost:8083/index.ts.bundle?platform=web&dev=true&hot=false&lazy=true&transform.engine=hermes&transform.routerRoot=app&unstable_transformProfile=hermes-stable:124760
[    5156ms] [WARNING] Require cycle: src/i18n/index.ts -> src/i18n/i18n.ts -> src/i18n/index.ts

Require cycles are allowed, but can result in uninitialized values. Consider refactoring to remove the need for a cycle. @ http://localhost:8083/index.ts.bundle?platform=web&dev=true&hot=false&lazy=true&transform.engine=hermes&transform.routerRoot=app&unstable_transformProfile=hermes-stable:124760
[    5158ms] [WARNING] Require cycle: src/i18n/index.ts -> src/i18n/i18n.ts -> src/i18n/index.ts

Require cycles are allowed, but can result in uninitialized values. Consider refactoring to remove the need for a cycle. @ http://localhost:8083/index.ts.bundle?platform=web&dev=true&hot=false&lazy=true&transform.engine=hermes&transform.routerRoot=app&unstable_transformProfile=hermes-stable:124760
[    5287ms] [INFO] [telemetry] screen_view {screen: AgeVerification, session_id: 95566d50-088e-4462-bd5a-b1ae3aef1aee, timestamp: 2026-09-02T20:26:16.643Z} @ http://localhost:8083/index.ts.bundle?platform=web&dev=true&hot=false&lazy=true&transform.engine=hermes&transform.routerRoot=app&unstable_transformProfile=hermes-stable:124760
[    5498ms] [ERROR] Failed to load resource: the server responded with a status of 401 (Unauthorized) @ http://localhost:4000/api/v1/taxonomy:0
[    5519ms] [INFO] [backendDiagnostics] sync — count=10 error=none baseUrl=http://localhost:4000/api/v1 @ http://localhost:8083/index.ts.bundle?platform=web&dev=true&hot=false&lazy=true&transform.engine=hermes&transform.routerRoot=app&unstable_transformProfile=hermes-stable:124760
[   15307ms] [ERROR] Failed to load resource: the server responded with a status of 401 (Unauthorized) @ http://localhost:4000/api/v1/analytics/events/batch:0
[   20716ms] [INFO] [telemetry] screen_view {screen: AuthLanding, session_id: 95566d50-088e-4462-bd5a-b1ae3aef1aee, timestamp: 2026-09-02T20:26:32.072Z} @ http://localhost:8083/index.ts.bundle?platform=web&dev=true&hot=false&lazy=true&transform.engine=hermes&transform.routerRoot=app&unstable_transformProfile=hermes-stable:124760
[   25299ms] [ERROR] Failed to load resource: the server responded with a status of 401 (Unauthorized) @ http://localhost:4000/api/v1/analytics/events/batch:0
[   27709ms] [WARNING] props.pointerEvents is deprecated. Use style.pointerEvents @ http://localhost:8083/index.ts.bundle?platform=web&dev=true&hot=false&lazy=true&transform.engine=hermes&transform.routerRoot=app&unstable_transformProfile=hermes-stable:124760
[   27809ms] [INFO] [visually-complete] Home → mounted: 27793.5ms @ http://localhost:8083/index.ts.bundle?platform=web&dev=true&hot=false&lazy=true&transform.engine=hermes&transform.routerRoot=app&unstable_transformProfile=hermes-stable:124760
[   27810ms] [INFO] [visually-complete] Home: 27794.3ms @ http://localhost:8083/index.ts.bundle?platform=web&dev=true&hot=false&lazy=true&transform.engine=hermes&transform.routerRoot=app&unstable_transformProfile=hermes-stable:124760
[   27818ms] [WARNING] Found screens with the same name nested inside one another. Check:

MainTabs > Home, MainTabs > Home > Home

This can cause confusing behavior during navigation. Consider using unique names for each screen instead. @ http://localhost:8083/index.ts.bundle?platform=web&dev=true&hot=false&lazy=true&transform.engine=hermes&transform.routerRoot=app&unstable_transformProfile=hermes-stable:124760
[   27818ms] [INFO] [telemetry] screen_view {screen: Home, session_id: 95566d50-088e-4462-bd5a-b1ae3aef1aee, timestamp: 2026-09-02T20:26:39.175Z} @ http://localhost:8083/index.ts.bundle?platform=web&dev=true&hot=false&lazy=true&transform.engine=hermes&transform.routerRoot=app&unstable_transformProfile=hermes-stable:124760
[   30511ms] [ERROR] WebSocket connection to 'ws://localhost:4000/api/v1/realtime/ws?topics=' failed: HTTP Authentication failed; no valid credentials available @ http://localhost:8083/index.ts.bundle?platform=web&dev=true&hot=false&lazy=true&transform.engine=hermes&transform.routerRoot=app&unstable_transformProfile=hermes-stable:488726
[   31320ms] [ERROR] WebSocket connection to 'ws://localhost:4000/api/v1/realtime/ws?topics=' failed: HTTP Authentication failed; no valid credentials available @ http://localhost:8083/index.ts.bundle?platform=web&dev=true&hot=false&lazy=true&transform.engine=hermes&transform.routerRoot=app&unstable_transformProfile=hermes-stable:488726
[   32402ms] [ERROR] WebSocket connection to 'ws://localhost:4000/api/v1/realtime/ws?topics=' failed: HTTP Authentication failed; no valid credentials available @ http://localhost:8083/index.ts.bundle?platform=web&dev=true&hot=false&lazy=true&transform.engine=hermes&transform.routerRoot=app&unstable_transformProfile=hermes-stable:488726
[   34216ms] [ERROR] WebSocket connection to 'ws://localhost:4000/api/v1/realtime/ws?topics=' failed: HTTP Authentication failed; no valid credentials available @ http://localhost:8083/index.ts.bundle?platform=web&dev=true&hot=false&lazy=true&transform.engine=hermes&transform.routerRoot=app&unstable_transformProfile=hermes-stable:488726
[   35395ms] [ERROR] WebSocket connection to 'ws://localhost:4000/api/v1/realtime/ws?topics=' failed: HTTP Authentication failed; no valid credentials available @ http://localhost:8083/index.ts.bundle?platform=web&dev=true&hot=false&lazy=true&transform.engine=hermes&transform.routerRoot=app&unstable_transformProfile=hermes-stable:488726
[   35504ms] [ERROR] WebSocket connection to 'ws://localhost:4000/api/v1/realtime/ws?topics=' failed: HTTP Authentication failed; no valid credentials available @ http://localhost:8083/index.ts.bundle?platform=web&dev=true&hot=false&lazy=true&transform.engine=hermes&transform.routerRoot=app&unstable_transformProfile=hermes-stable:488726
[   40038ms] [ERROR] WebSocket connection to 'ws://localhost:4000/api/v1/realtime/ws?topics=' failed: HTTP Authentication failed; no valid credentials available @ http://localhost:8083/index.ts.bundle?platform=web&dev=true&hot=false&lazy=true&transform.engine=hermes&transform.routerRoot=app&unstable_transformProfile=hermes-stable:488726
[   40501ms] [ERROR] WebSocket connection to 'ws://localhost:4000/api/v1/realtime/ws?topics=' failed: HTTP Authentication failed; no valid credentials available @ http://localhost:8083/index.ts.bundle?platform=web&dev=true&hot=false&lazy=true&transform.engine=hermes&transform.routerRoot=app&unstable_transformProfile=hermes-stable:488726
[   45499ms] [ERROR] WebSocket connection to 'ws://localhost:4000/api/v1/realtime/ws?topics=' failed: HTTP Authentication failed; no valid credentials available @ http://localhost:8083/index.ts.bundle?platform=web&dev=true&hot=false&lazy=true&transform.engine=hermes&transform.routerRoot=app&unstable_transformProfile=hermes-stable:488726
[   46212ms] [ERROR] WebSocket connection to 'ws://localhost:4000/api/v1/realtime/ws?topics=' failed: HTTP Authentication failed; no valid credentials available @ http://localhost:8083/index.ts.bundle?platform=web&dev=true&hot=false&lazy=true&transform.engine=hermes&transform.routerRoot=app&unstable_transformProfile=hermes-stable:488726
[   50498ms] [ERROR] WebSocket connection to 'ws://localhost:4000/api/v1/realtime/ws?topics=' failed: HTTP Authentication failed; no valid credentials available @ http://localhost:8083/index.ts.bundle?platform=web&dev=true&hot=false&lazy=true&transform.engine=hermes&transform.routerRoot=app&unstable_transformProfile=hermes-stable:488726
[   56190ms] [ERROR] WebSocket connection to 'ws://localhost:4000/api/v1/realtime/ws?topics=' failed: Error in connection establishment: net::ERR_CONNECTION_REFUSED @ http://localhost:8083/index.ts.bundle?platform=web&dev=true&hot=false&lazy=true&transform.engine=hermes&transform.routerRoot=app&unstable_transformProfile=hermes-stable:488726
[   58257ms] [ERROR] WebSocket connection to 'ws://localhost:4000/api/v1/realtime/ws?topics=' failed: Error in connection establishment: net::ERR_CONNECTION_REFUSED @ http://localhost:8083/index.ts.bundle?platform=web&dev=true&hot=false&lazy=true&transform.engine=hermes&transform.routerRoot=app&unstable_transformProfile=hermes-stable:488726
[   60319ms] [ERROR] WebSocket connection to 'ws://localhost:4000/api/v1/realtime/ws?topics=' failed: Error in connection establishment: net::ERR_CONNECTION_REFUSED @ http://localhost:8083/index.ts.bundle?platform=web&dev=true&hot=false&lazy=true&transform.engine=hermes&transform.routerRoot=app&unstable_transformProfile=hermes-stable:488726
[   62384ms] [ERROR] WebSocket connection to 'ws://localhost:4000/api/v1/realtime/ws?topics=' failed: Error in connection establishment: net::ERR_CONNECTION_REFUSED @ http://localhost:8083/index.ts.bundle?platform=web&dev=true&hot=false&lazy=true&transform.engine=hermes&transform.routerRoot=app&unstable_transformProfile=hermes-stable:488726
[   64440ms] [ERROR] WebSocket connection to 'ws://localhost:4000/api/v1/realtime/ws?topics=' failed: Error in connection establishment: net::ERR_CONNECTION_REFUSED @ http://localhost:8083/index.ts.bundle?platform=web&dev=true&hot=false&lazy=true&transform.engine=hermes&transform.routerRoot=app&unstable_transformProfile=hermes-stable:488726
[   66496ms] [ERROR] WebSocket connection to 'ws://localhost:4000/api/v1/realtime/ws?topics=' failed: Error in connection establishment: net::ERR_CONNECTION_REFUSED @ http://localhost:8083/index.ts.bundle?platform=web&dev=true&hot=false&lazy=true&transform.engine=hermes&transform.routerRoot=app&unstable_transformProfile=hermes-stable:488726
[   67548ms] [ERROR] WebSocket connection to 'ws://localhost:4000/api/v1/realtime/ws?topics=' failed: HTTP Authentication failed; no valid credentials available @ http://localhost:8083/index.ts.bundle?platform=web&dev=true&hot=false&lazy=true&transform.engine=hermes&transform.routerRoot=app&unstable_transformProfile=hermes-stable:488726
[   68289ms] [ERROR] WebSocket connection to 'ws://localhost:4000/api/v1/realtime/ws?topics=' failed: HTTP Authentication failed; no valid credentials available @ http://localhost:8083/index.ts.bundle?platform=web&dev=true&hot=false&lazy=true&transform.engine=hermes&transform.routerRoot=app&unstable_transformProfile=hermes-stable:488726
[   70412ms] [ERROR] WebSocket connection to 'ws://localhost:4000/api/v1/realtime/ws?topics=' failed: HTTP Authentication failed; no valid credentials available @ http://localhost:8083/index.ts.bundle?platform=web&dev=true&hot=false&lazy=true&transform.engine=hermes&transform.routerRoot=app&unstable_transformProfile=hermes-stable:488726
[   70519ms] [ERROR] WebSocket connection to 'ws://localhost:4000/api/v1/realtime/ws?topics=' failed: HTTP Authentication failed; no valid credentials available @ http://localhost:8083/index.ts.bundle?platform=web&dev=true&hot=false&lazy=true&transform.engine=hermes&transform.routerRoot=app&unstable_transformProfile=hermes-stable:488726
[   71627ms] [ERROR] WebSocket connection to 'ws://localhost:4000/api/v1/realtime/ws?topics=' failed: HTTP Authentication failed; no valid credentials available @ http://localhost:8083/index.ts.bundle?platform=web&dev=true&hot=false&lazy=true&transform.engine=hermes&transform.routerRoot=app&unstable_transformProfile=hermes-stable:488726
[   75521ms] [ERROR] WebSocket connection to 'ws://localhost:4000/api/v1/realtime/ws?topics=' failed: HTTP Authentication failed; no valid credentials available @ http://localhost:8083/index.ts.bundle?platform=web&dev=true&hot=false&lazy=true&transform.engine=hermes&transform.routerRoot=app&unstable_transformProfile=hermes-stable:488726
[   76297ms] [ERROR] WebSocket connection to 'ws://localhost:4000/api/v1/realtime/ws?topics=' failed: HTTP Authentication failed; no valid credentials available @ http://localhost:8083/index.ts.bundle?platform=web&dev=true&hot=false&lazy=true&transform.engine=hermes&transform.routerRoot=app&unstable_transformProfile=hermes-stable:488726
[   76498ms] [ERROR] WebSocket connection to 'ws://localhost:4000/api/v1/realtime/ws?topics=' failed: HTTP Authentication failed; no valid credentials available @ http://localhost:8083/index.ts.bundle?platform=web&dev=true&hot=false&lazy=true&transform.engine=hermes&transform.routerRoot=app&unstable_transformProfile=hermes-stable:488726
[   77278ms] [ERROR] WebSocket connection to 'ws://localhost:4000/api/v1/realtime/ws?topics=' failed: HTTP Authentication failed; no valid credentials available @ http://localhost:8083/index.ts.bundle?platform=web&dev=true&hot=false&lazy=true&transform.engine=hermes&transform.routerRoot=app&unstable_transformProfile=hermes-stable:488726
[   80367ms] [ERROR] WebSocket connection to 'ws://localhost:4000/api/v1/realtime/ws?topics=' failed: HTTP Authentication failed; no valid credentials available @ http://localhost:8083/index.ts.bundle?platform=web&dev=true&hot=false&lazy=true&transform.engine=hermes&transform.routerRoot=app&unstable_transformProfile=hermes-stable:488726
[   80414ms] [ERROR] WebSocket connection to 'ws://localhost:4000/api/v1/realtime/ws?topics=' failed: HTTP Authentication failed; no valid credentials available @ http://localhost:8083/index.ts.bundle?platform=web&dev=true&hot=false&lazy=true&transform.engine=hermes&transform.routerRoot=app&unstable_transformProfile=hermes-stable:488726
[   80587ms] [ERROR] WebSocket connection to 'ws://localhost:4000/api/v1/realtime/ws?topics=' failed: HTTP Authentication failed; no valid credentials available @ http://localhost:8083/index.ts.bundle?platform=web&dev=true&hot=false&lazy=true&transform.engine=hermes&transform.routerRoot=app&unstable_transformProfile=hermes-stable:488726
[   83159ms] [INFO] [backendDiagnostics] sync — count=10 error=none baseUrl=http://localhost:4000/api/v1 @ http://localhost:8083/index.ts.bundle?platform=web&dev=true&hot=false&lazy=true&transform.engine=hermes&transform.routerRoot=app&unstable_transformProfile=hermes-stable:124760
[   84795ms] [ERROR] WebSocket connection to 'ws://localhost:4000/api/v1/realtime/ws?topics=' failed: HTTP Authentication failed; no valid credentials available @ http://localhost:8083/index.ts.bundle?platform=web&dev=true&hot=false&lazy=true&transform.engine=hermes&transform.routerRoot=app&unstable_transformProfile=hermes-stable:488726
[   85352ms] [ERROR] WebSocket connection to 'ws://localhost:4000/api/v1/realtime/ws?topics=' failed: HTTP Authentication failed; no valid credentials available @ http://localhost:8083/index.ts.bundle?platform=web&dev=true&hot=false&lazy=true&transform.engine=hermes&transform.routerRoot=app&unstable_transformProfile=hermes-stable:488726
[   85585ms] [ERROR] WebSocket connection to 'ws://localhost:4000/api/v1/realtime/ws?topics=' failed: HTTP Authentication failed; no valid credentials available @ http://localhost:8083/index.ts.bundle?platform=web&dev=true&hot=false&lazy=true&transform.engine=hermes&transform.routerRoot=app&unstable_transformProfile=hermes-stable:488726
[   88194ms] [ERROR] WebSocket connection to 'ws://localhost:4000/api/v1/realtime/ws?topics=' failed: HTTP Authentication failed; no valid credentials available @ http://localhost:8083/index.ts.bundle?platform=web&dev=true&hot=false&lazy=true&transform.engine=hermes&transform.routerRoot=app&unstable_transformProfile=hermes-stable:488726
[   88818ms] [ERROR] WebSocket connection to 'ws://localhost:4000/api/v1/realtime/ws?topics=' failed: HTTP Authentication failed; no valid credentials available @ http://localhost:8083/index.ts.bundle?platform=web&dev=true&hot=false&lazy=true&transform.engine=hermes&transform.routerRoot=app&unstable_transformProfile=hermes-stable:488726
[   89020ms] [ERROR] WebSocket connection to 'ws://localhost:4000/api/v1/realtime/ws?topics=' failed: HTTP Authentication failed; no valid credentials available @ http://localhost:8083/index.ts.bundle?platform=web&dev=true&hot=false&lazy=true&transform.engine=hermes&transform.routerRoot=app&unstable_transformProfile=hermes-stable:488726
[   90069ms] [ERROR] WebSocket connection to 'ws://localhost:4000/api/v1/realtime/ws?topics=' failed: HTTP Authentication failed; no valid credentials available @ http://localhost:8083/index.ts.bundle?platform=web&dev=true&hot=false&lazy=true&transform.engine=hermes&transform.routerRoot=app&unstable_transformProfile=hermes-stable:488726
[   90769ms] [ERROR] WebSocket connection to 'ws://localhost:4000/api/v1/realtime/ws?topics=' failed: HTTP Authentication failed; no valid credentials available @ http://localhost:8083/index.ts.bundle?platform=web&dev=true&hot=false&lazy=true&transform.engine=hermes&transform.routerRoot=app&unstable_transformProfile=hermes-stable:488726
[   91129ms] [ERROR] WebSocket connection to 'ws://localhost:4000/api/v1/realtime/ws?topics=' failed: HTTP Authentication failed; no valid credentials available @ http://localhost:8083/index.ts.bundle?platform=web&dev=true&hot=false&lazy=true&transform.engine=hermes&transform.routerRoot=app&unstable_transformProfile=hermes-stable:488726
[   94383ms] [ERROR] WebSocket connection to 'ws://localhost:4000/api/v1/realtime/ws?topics=' failed: HTTP Authentication failed; no valid credentials available @ http://localhost:8083/index.ts.bundle?platform=web&dev=true&hot=false&lazy=true&transform.engine=hermes&transform.routerRoot=app&unstable_transformProfile=hermes-stable:488726
[   95749ms] [ERROR] WebSocket connection to 'ws://localhost:4000/api/v1/realtime/ws?topics=' failed: HTTP Authentication failed; no valid credentials available @ http://localhost:8083/index.ts.bundle?platform=web&dev=true&hot=false&lazy=true&transform.engine=hermes&transform.routerRoot=app&unstable_transformProfile=hermes-stable:488726
[   96871ms] [ERROR] WebSocket connection to 'ws://localhost:4000/api/v1/realtime/ws?topics=' failed: HTTP Authentication failed; no valid credentials available @ http://localhost:8083/index.ts.bundle?platform=web&dev=true&hot=false&lazy=true&transform.engine=hermes&transform.routerRoot=app&unstable_transformProfile=hermes-stable:488726
[   98213ms] [ERROR] WebSocket connection to 'ws://localhost:4000/api/v1/realtime/ws?topics=' failed: HTTP Authentication failed; no valid credentials available @ http://localhost:8083/index.ts.bundle?platform=web&dev=true&hot=false&lazy=true&transform.engine=hermes&transform.routerRoot=app&unstable_transformProfile=hermes-stable:488726
[   99785ms] [ERROR] WebSocket connection to 'ws://localhost:4000/api/v1/realtime/ws?topics=' failed: HTTP Authentication failed; no valid credentials available @ http://localhost:8083/index.ts.bundle?platform=web&dev=true&hot=false&lazy=true&transform.engine=hermes&transform.routerRoot=app&unstable_transformProfile=hermes-stable:488726
[  100999ms] [ERROR] WebSocket connection to 'ws://localhost:4000/api/v1/realtime/ws?topics=' failed: HTTP Authentication failed; no valid credentials available @ http://localhost:8083/index.ts.bundle?platform=web&dev=true&hot=false&lazy=true&transform.engine=hermes&transform.routerRoot=app&unstable_transformProfile=hermes-stable:488726
[  102882ms] [ERROR] WebSocket connection to 'ws://localhost:4000/api/v1/realtime/ws?topics=' failed: HTTP Authentication failed; no valid credentials available @ http://localhost:8083/index.ts.bundle?platform=web&dev=true&hot=false&lazy=true&transform.engine=hermes&transform.routerRoot=app&unstable_transformProfile=hermes-stable:488726
[  103494ms] [ERROR] WebSocket connection to 'ws://localhost:4000/api/v1/realtime/ws?topics=' failed: HTTP Authentication failed; no valid credentials available @ http://localhost:8083/index.ts.bundle?platform=web&dev=true&hot=false&lazy=true&transform.engine=hermes&transform.routerRoot=app&unstable_transformProfile=hermes-stable:488726
[  105535ms] [ERROR] WebSocket connection to 'ws://localhost:4000/api/v1/realtime/ws?topics=' failed: HTTP Authentication failed; no valid credentials available @ http://localhost:8083/index.ts.bundle?platform=web&dev=true&hot=false&lazy=true&transform.engine=hermes&transform.routerRoot=app&unstable_transformProfile=hermes-stable:488726
[  107795ms] [ERROR] WebSocket connection to 'ws://localhost:4000/api/v1/realtime/ws?topics=' failed: HTTP Authentication failed; no valid credentials available @ http://localhost:8083/index.ts.bundle?platform=web&dev=true&hot=false&lazy=true&transform.engine=hermes&transform.routerRoot=app&unstable_transformProfile=hermes-stable:488726
[  108154ms] [ERROR] WebSocket connection to 'ws://localhost:4000/api/v1/realtime/ws?topics=' failed: HTTP Authentication failed; no valid credentials available @ http://localhost:8083/index.ts.bundle?platform=web&dev=true&hot=false&lazy=true&transform.engine=hermes&transform.routerRoot=app&unstable_transformProfile=hermes-stable:488726
[  108530ms] [ERROR] WebSocket connection to 'ws://localhost:4000/api/v1/realtime/ws?topics=' failed: HTTP Authentication failed; no valid credentials available @ http://localhost:8083/index.ts.bundle?platform=web&dev=true&hot=false&lazy=true&transform.engine=hermes&transform.routerRoot=app&unstable_transformProfile=hermes-stable:488726
[  108811ms] [ERROR] WebSocket connection to 'ws://localhost:4000/api/v1/realtime/ws?topics=' failed: HTTP Authentication failed; no valid credentials available @ http://localhost:8083/index.ts.bundle?platform=web&dev=true&hot=false&lazy=true&transform.engine=hermes&transform.routerRoot=app&unstable_transformProfile=hermes-stable:488726
[  109901ms] [ERROR] WebSocket connection to 'ws://localhost:4000/api/v1/realtime/ws?topics=' failed: HTTP Authentication failed; no valid credentials available @ http://localhost:8083/index.ts.bundle?platform=web&dev=true&hot=false&lazy=true&transform.engine=hermes&transform.routerRoot=app&unstable_transformProfile=hermes-stable:488726
[  110290ms] [ERROR] WebSocket connection to 'ws://localhost:4000/api/v1/realtime/ws?topics=' failed: HTTP Authentication failed; no valid credentials available @ http://localhost:8083/index.ts.bundle?platform=web&dev=true&hot=false&lazy=true&transform.engine=hermes&transform.routerRoot=app&unstable_transformProfile=hermes-stable:488726
[  110977ms] [ERROR] WebSocket connection to 'ws://localhost:4000/api/v1/realtime/ws?topics=' failed: HTTP Authentication failed; no valid credentials available @ http://localhost:8083/index.ts.bundle?platform=web&dev=true&hot=false&lazy=true&transform.engine=hermes&transform.routerRoot=app&unstable_transformProfile=hermes-stable:488726
[  111517ms] [ERROR] WebSocket connection to 'ws://localhost:4000/api/v1/realtime/ws?topics=' failed: HTTP Authentication failed; no valid credentials available @ http://localhost:8083/index.ts.bundle?platform=web&dev=true&hot=false&lazy=true&transform.engine=hermes&transform.routerRoot=app&unstable_transformProfile=hermes-stable:488726
[  112153ms] [ERROR] WebSocket connection to 'ws://localhost:4000/api/v1/realtime/ws?topics=' failed: HTTP Authentication failed; no valid credentials available @ http://localhost:8083/index.ts.bundle?platform=web&dev=true&hot=false&lazy=true&transform.engine=hermes&transform.routerRoot=app&unstable_transformProfile=hermes-stable:488726
[  112915ms] [ERROR] WebSocket connection to 'ws://localhost:4000/api/v1/realtime/ws?topics=' failed: HTTP Authentication failed; no valid credentials available @ http://localhost:8083/index.ts.bundle?platform=web&dev=true&hot=false&lazy=true&transform.engine=hermes&transform.routerRoot=app&unstable_transformProfile=hermes-stable:488726
[  113132ms] [ERROR] WebSocket connection to 'ws://localhost:4000/api/v1/realtime/ws?topics=' failed: HTTP Authentication failed; no valid credentials available @ http://localhost:8083/index.ts.bundle?platform=web&dev=true&hot=false&lazy=true&transform.engine=hermes&transform.routerRoot=app&unstable_transformProfile=hermes-stable:488726
[  113932ms] [ERROR] WebSocket connection to 'ws://localhost:4000/api/v1/realtime/ws?topics=' failed: HTTP Authentication failed; no valid credentials available @ http://localhost:8083/index.ts.bundle?platform=web&dev=true&hot=false&lazy=true&transform.engine=hermes&transform.routerRoot=app&unstable_transformProfile=hermes-stable:488726
[  114433ms] [ERROR] WebSocket connection to 'ws://localhost:4000/api/v1/realtime/ws?topics=' failed: HTTP Authentication failed; no valid credentials available @ http://localhost:8083/index.ts.bundle?platform=web&dev=true&hot=false&lazy=true&transform.engine=hermes&transform.routerRoot=app&unstable_transformProfile=hermes-stable:488726
[  114961ms] [ERROR] WebSocket connection to 'ws://localhost:4000/api/v1/realtime/ws?topics=' failed: HTTP Authentication failed; no valid credentials available @ http://localhost:8083/index.ts.bundle?platform=web&dev=true&hot=false&lazy=true&transform.engine=hermes&transform.routerRoot=app&unstable_transformProfile=hermes-stable:488726
[  117918ms] [ERROR] WebSocket connection to 'ws://localhost:4000/api/v1/realtime/ws?topics=' failed: HTTP Authentication failed; no valid credentials available @ http://localhost:8083/index.ts.bundle?platform=web&dev=true&hot=false&lazy=true&transform.engine=hermes&transform.routerRoot=app&unstable_transformProfile=hermes-stable:488726
[  119086ms] [ERROR] WebSocket connection to 'ws://localhost:4000/api/v1/realtime/ws?topics=' failed: HTTP Authentication failed; no valid credentials available @ http://localhost:8083/index.ts.bundle?platform=web&dev=true&hot=false&lazy=true&transform.engine=hermes&transform.routerRoot=app&unstable_transformProfile=hermes-stable:488726
[  123111ms] [ERROR] WebSocket connection to 'ws://localhost:4000/api/v1/realtime/ws?topics=' failed: HTTP Authentication failed; no valid credentials available @ http://localhost:8083/index.ts.bundle?platform=web&dev=true&hot=false&lazy=true&transform.engine=hermes&transform.routerRoot=app&unstable_transformProfile=hermes-stable:488726
[  125243ms] [ERROR] WebSocket connection to 'ws://localhost:4000/api/v1/realtime/ws?topics=' failed: HTTP Authentication failed; no valid credentials available @ http://localhost:8083/index.ts.bundle?platform=web&dev=true&hot=false&lazy=true&transform.engine=hermes&transform.routerRoot=app&unstable_transformProfile=hermes-stable:488726
[  126633ms] [ERROR] WebSocket connection to 'ws://localhost:4000/api/v1/realtime/ws?topics=' failed: HTTP Authentication failed; no valid credentials available @ http://localhost:8083/index.ts.bundle?platform=web&dev=true&hot=false&lazy=true&transform.engine=hermes&transform.routerRoot=app&unstable_transformProfile=hermes-stable:488726
[  128423ms] [ERROR] WebSocket connection to 'ws://localhost:4000/api/v1/realtime/ws?topics=' failed: HTTP Authentication failed; no valid credentials available @ http://localhost:8083/index.ts.bundle?platform=web&dev=true&hot=false&lazy=true&transform.engine=hermes&transform.routerRoot=app&unstable_transformProfile=hermes-stable:488726
[  129579ms] [ERROR] WebSocket connection to 'ws://localhost:4000/api/v1/realtime/ws?topics=' failed: HTTP Authentication failed; no valid credentials available @ http://localhost:8083/index.ts.bundle?platform=web&dev=true&hot=false&lazy=true&transform.engine=hermes&transform.routerRoot=app&unstable_transformProfile=hermes-stable:488726
[  130295ms] [ERROR] WebSocket connection to 'ws://localhost:4000/api/v1/realtime/ws?topics=' failed: HTTP Authentication failed; no valid credentials available @ http://localhost:8083/index.ts.bundle?platform=web&dev=true&hot=false&lazy=true&transform.engine=hermes&transform.routerRoot=app&unstable_transformProfile=hermes-stable:488726
[  131692ms] [ERROR] WebSocket connection to 'ws://localhost:4000/api/v1/realtime/ws?topics=' failed: HTTP Authentication failed; no valid credentials available @ http://localhost:8083/index.ts.bundle?platform=web&dev=true&hot=false&lazy=true&transform.engine=hermes&transform.routerRoot=app&unstable_transformProfile=hermes-stable:488726
[  133228ms] [ERROR] WebSocket connection to 'ws://localhost:4000/api/v1/realtime/ws?topics=' failed: HTTP Authentication failed; no valid credentials available @ http://localhost:8083/index.ts.bundle?platform=web&dev=true&hot=false&lazy=true&transform.engine=hermes&transform.routerRoot=app&unstable_transformProfile=hermes-stable:488726
[  137880ms] [INFO] [backendDiagnostics] sync — count=10 error=none baseUrl=http://localhost:4000/api/v1 @ http://localhost:8083/index.ts.bundle?platform=web&dev=true&hot=false&lazy=true&transform.engine=hermes&transform.routerRoot=app&unstable_transformProfile=hermes-stable:124760
[  139497ms] [ERROR] WebSocket connection to 'ws://localhost:4000/api/v1/realtime/ws?topics=' failed: HTTP Authentication failed; no valid credentials available @ http://localhost:8083/index.ts.bundle?platform=web&dev=true&hot=false&lazy=true&transform.engine=hermes&transform.routerRoot=app&unstable_transformProfile=hermes-stable:488726
[  142580ms] [ERROR] WebSocket connection to 'ws://localhost:4000/api/v1/realtime/ws?topics=' failed: HTTP Authentication failed; no valid credentials available @ http://localhost:8083/index.ts.bundle?platform=web&dev=true&hot=false&lazy=true&transform.engine=hermes&transform.routerRoot=app&unstable_transformProfile=hermes-stable:488726
[  146828ms] [ERROR] WebSocket connection to 'ws://localhost:4000/api/v1/realtime/ws?topics=' failed: HTTP Authentication failed; no valid credentials available @ http://localhost:8083/index.ts.bundle?platform=web&dev=true&hot=false&lazy=true&transform.engine=hermes&transform.routerRoot=app&unstable_transformProfile=hermes-stable:488726
[  155381ms] [ERROR] WebSocket connection to 'ws://localhost:4000/api/v1/realtime/ws?topics=' failed: HTTP Authentication failed; no valid credentials available @ http://localhost:8083/index.ts.bundle?platform=web&dev=true&hot=false&lazy=true&transform.engine=hermes&transform.routerRoot=app&unstable_transformProfile=hermes-stable:488726
[  156582ms] [ERROR] WebSocket connection to 'ws://localhost:4000/api/v1/realtime/ws?topics=' failed: HTTP Authentication failed; no valid credentials available @ http://localhost:8083/index.ts.bundle?platform=web&dev=true&hot=false&lazy=true&transform.engine=hermes&transform.routerRoot=app&unstable_transformProfile=hermes-stable:488726
[  162697ms] [ERROR] WebSocket connection to 'ws://localhost:4000/api/v1/realtime/ws?topics=' failed: HTTP Authentication failed; no valid credentials available @ http://localhost:8083/index.ts.bundle?platform=web&dev=true&hot=false&lazy=true&transform.engine=hermes&transform.routerRoot=app&unstable_transformProfile=hermes-stable:488726
[  167171ms] [ERROR] WebSocket connection to 'ws://localhost:4000/api/v1/realtime/ws?topics=' failed: HTTP Authentication failed; no valid credentials available @ http://localhost:8083/index.ts.bundle?platform=web&dev=true&hot=false&lazy=true&transform.engine=hermes&transform.routerRoot=app&unstable_transformProfile=hermes-stable:488726
[  173189ms] [ERROR] WebSocket connection to 'ws://localhost:4000/api/v1/realtime/ws?topics=' failed: HTTP Authentication failed; no valid credentials available @ http://localhost:8083/index.ts.bundle?platform=web&dev=true&hot=false&lazy=true&transform.engine=hermes&transform.routerRoot=app&unstable_transformProfile=hermes-stable:488726
[  178031ms] [ERROR] WebSocket connection to 'ws://localhost:4000/api/v1/realtime/ws?topics=' failed: HTTP Authentication failed; no valid credentials available @ http://localhost:8083/index.ts.bundle?platform=web&dev=true&hot=false&lazy=true&transform.engine=hermes&transform.routerRoot=app&unstable_transformProfile=hermes-stable:488726
[  184705ms] [ERROR] WebSocket connection to 'ws://localhost:4000/api/v1/realtime/ws?topics=' failed: HTTP Authentication failed; no valid credentials available @ http://localhost:8083/index.ts.bundle?platform=web&dev=true&hot=false&lazy=true&transform.engine=hermes&transform.routerRoot=app&unstable_transformProfile=hermes-stable:488726
[  187731ms] [ERROR] WebSocket connection to 'ws://localhost:4000/api/v1/realtime/ws?topics=' failed: HTTP Authentication failed; no valid credentials available @ http://localhost:8083/index.ts.bundle?platform=web&dev=true&hot=false&lazy=true&transform.engine=hermes&transform.routerRoot=app&unstable_transformProfile=hermes-stable:488726
[  192370ms] [ERROR] WebSocket connection to 'ws://localhost:4000/api/v1/realtime/ws?topics=' failed: HTTP Authentication failed; no valid credentials available @ http://localhost:8083/index.ts.bundle?platform=web&dev=true&hot=false&lazy=true&transform.engine=hermes&transform.routerRoot=app&unstable_transformProfile=hermes-stable:488726
[  192902ms] [INFO] [backendDiagnostics] sync — count=10 error=none baseUrl=http://localhost:4000/api/v1 @ http://localhost:8083/index.ts.bundle?platform=web&dev=true&hot=false&lazy=true&transform.engine=hermes&transform.routerRoot=app&unstable_transformProfile=hermes-stable:124760
[  197223ms] [ERROR] WebSocket connection to 'ws://localhost:4000/api/v1/realtime/ws?topics=' failed: HTTP Authentication failed; no valid credentials available @ http://localhost:8083/index.ts.bundle?platform=web&dev=true&hot=false&lazy=true&transform.engine=hermes&transform.routerRoot=app&unstable_transformProfile=hermes-stable:488726
[  204752ms] [ERROR] WebSocket connection to 'ws://localhost:4000/api/v1/realtime/ws?topics=' failed: HTTP Authentication failed; no valid credentials available @ http://localhost:8083/index.ts.bundle?platform=web&dev=true&hot=false&lazy=true&transform.engine=hermes&transform.routerRoot=app&unstable_transformProfile=hermes-stable:488726
[  210337ms] [ERROR] WebSocket connection to 'ws://localhost:4000/api/v1/realtime/ws?topics=' failed: HTTP Authentication failed; no valid credentials available @ http://localhost:8083/index.ts.bundle?platform=web&dev=true&hot=false&lazy=true&transform.engine=hermes&transform.routerRoot=app&unstable_transformProfile=hermes-stable:488726
[  212031ms] [ERROR] WebSocket connection to 'ws://localhost:4000/api/v1/realtime/ws?topics=' failed: HTTP Authentication failed; no valid credentials available @ http://localhost:8083/index.ts.bundle?platform=web&dev=true&hot=false&lazy=true&transform.engine=hermes&transform.routerRoot=app&unstable_transformProfile=hermes-stable:488726
[  218225ms] [ERROR] WebSocket connection to 'ws://localhost:4000/api/v1/realtime/ws?topics=' failed: HTTP Authentication failed; no valid credentials available @ http://localhost:8083/index.ts.bundle?platform=web&dev=true&hot=false&lazy=true&transform.engine=hermes&transform.routerRoot=app&unstable_transformProfile=hermes-stable:488726
[  222936ms] [ERROR] WebSocket connection to 'ws://localhost:4000/api/v1/realtime/ws?topics=' failed: HTTP Authentication failed; no valid credentials available @ http://localhost:8083/index.ts.bundle?platform=web&dev=true&hot=false&lazy=true&transform.engine=hermes&transform.routerRoot=app&unstable_transformProfile=hermes-stable:488726
[  227870ms] [ERROR] WebSocket connection to 'ws://localhost:4000/api/v1/realtime/ws?topics=' failed: HTTP Authentication failed; no valid credentials available @ http://localhost:8083/index.ts.bundle?platform=web&dev=true&hot=false&lazy=true&transform.engine=hermes&transform.routerRoot=app&unstable_transformProfile=hermes-stable:488726
[  234201ms] [ERROR] WebSocket connection to 'ws://localhost:4000/api/v1/realtime/ws?topics=' failed: HTTP Authentication failed; no valid credentials available @ http://localhost:8083/index.ts.bundle?platform=web&dev=true&hot=false&lazy=true&transform.engine=hermes&transform.routerRoot=app&unstable_transformProfile=hermes-stable:488726
[  237479ms] [ERROR] WebSocket connection to 'ws://localhost:4000/api/v1/realtime/ws?topics=' failed: HTTP Authentication failed; no valid credentials available @ http://localhost:8083/index.ts.bundle?platform=web&dev=true&hot=false&lazy=true&transform.engine=hermes&transform.routerRoot=app&unstable_transformProfile=hermes-stable:488726
[  244049ms] [ERROR] WebSocket connection to 'ws://localhost:4000/api/v1/realtime/ws?topics=' failed: HTTP Authentication failed; no valid credentials available @ http://localhost:8083/index.ts.bundle?platform=web&dev=true&hot=false&lazy=true&transform.engine=hermes&transform.routerRoot=app&unstable_transformProfile=hermes-stable:488726
[  247882ms] [INFO] [backendDiagnostics] sync — count=10 error=none baseUrl=http://localhost:4000/api/v1 @ http://localhost:8083/index.ts.bundle?platform=web&dev=true&hot=false&lazy=true&transform.engine=hermes&transform.routerRoot=app&unstable_transformProfile=hermes-stable:124760
[  250174ms] [ERROR] WebSocket connection to 'ws://localhost:4000/api/v1/realtime/ws?topics=' failed: HTTP Authentication failed; no valid credentials available @ http://localhost:8083/index.ts.bundle?platform=web&dev=true&hot=false&lazy=true&transform.engine=hermes&transform.routerRoot=app&unstable_transformProfile=hermes-stable:488726
[  254907ms] [ERROR] WebSocket connection to 'ws://localhost:4000/api/v1/realtime/ws?topics=' failed: HTTP Authentication failed; no valid credentials available @ http://localhost:8083/index.ts.bundle?platform=web&dev=true&hot=false&lazy=true&transform.engine=hermes&transform.routerRoot=app&unstable_transformProfile=hermes-stable:488726
[  258963ms] [ERROR] WebSocket connection to 'ws://localhost:4000/api/v1/realtime/ws?topics=' failed: HTTP Authentication failed; no valid credentials available @ http://localhost:8083/index.ts.bundle?platform=web&dev=true&hot=false&lazy=true&transform.engine=hermes&transform.routerRoot=app&unstable_transformProfile=hermes-stable:488726
[  263489ms] [ERROR] WebSocket connection to 'ws://localhost:4000/api/v1/realtime/ws?topics=' failed: HTTP Authentication failed; no valid credentials available @ http://localhost:8083/index.ts.bundle?platform=web&dev=true&hot=false&lazy=true&transform.engine=hermes&transform.routerRoot=app&unstable_transformProfile=hermes-stable:488726
[  269138ms] [ERROR] WebSocket connection to 'ws://localhost:4000/api/v1/realtime/ws?topics=' failed: HTTP Authentication failed; no valid credentials available @ http://localhost:8083/index.ts.bundle?platform=web&dev=true&hot=false&lazy=true&transform.engine=hermes&transform.routerRoot=app&unstable_transformProfile=hermes-stable:488726
[  275465ms] [ERROR] WebSocket connection to 'ws://localhost:4000/api/v1/realtime/ws?topics=' failed: HTTP Authentication failed; no valid credentials available @ http://localhost:8083/index.ts.bundle?platform=web&dev=true&hot=false&lazy=true&transform.engine=hermes&transform.routerRoot=app&unstable_transformProfile=hermes-stable:488726
[  280140ms] [ERROR] WebSocket connection to 'ws://localhost:4000/api/v1/realtime/ws?topics=' failed: HTTP Authentication failed; no valid credentials available @ http://localhost:8083/index.ts.bundle?platform=web&dev=true&hot=false&lazy=true&transform.engine=hermes&transform.routerRoot=app&unstable_transformProfile=hermes-stable:488726
[  281606ms] [ERROR] WebSocket connection to 'ws://localhost:4000/api/v1/realtime/ws?topics=' failed: HTTP Authentication failed; no valid credentials available @ http://localhost:8083/index.ts.bundle?platform=web&dev=true&hot=false&lazy=true&transform.engine=hermes&transform.routerRoot=app&unstable_transformProfile=hermes-stable:488726
[  288849ms] [ERROR] WebSocket connection to 'ws://localhost:4000/api/v1/realtime/ws?topics=' failed: HTTP Authentication failed; no valid credentials available @ http://localhost:8083/index.ts.bundle?platform=web&dev=true&hot=false&lazy=true&transform.engine=hermes&transform.routerRoot=app&unstable_transformProfile=hermes-stable:488726
[  295216ms] [ERROR] WebSocket connection to 'ws://localhost:4000/api/v1/realtime/ws?topics=' failed: HTTP Authentication failed; no valid credentials available @ http://localhost:8083/index.ts.bundle?platform=web&dev=true&hot=false&lazy=true&transform.engine=hermes&transform.routerRoot=app&unstable_transformProfile=hermes-stable:488726
[  300370ms] [ERROR] WebSocket connection to 'ws://localhost:4000/api/v1/realtime/ws?topics=' failed: HTTP Authentication failed; no valid credentials available @ http://localhost:8083/index.ts.bundle?platform=web&dev=true&hot=false&lazy=true&transform.engine=hermes&transform.routerRoot=app&unstable_transformProfile=hermes-stable:488726
[  302414ms] [ERROR] WebSocket connection to 'ws://localhost:4000/api/v1/realtime/ws?topics=' failed: HTTP Authentication failed; no valid credentials available @ http://localhost:8083/index.ts.bundle?platform=web&dev=true&hot=false&lazy=true&transform.engine=hermes&transform.routerRoot=app&unstable_transformProfile=hermes-stable:488726
[  302896ms] [INFO] [backendDiagnostics] sync — count=10 error=none baseUrl=http://localhost:4000/api/v1 @ http://localhost:8083/index.ts.bundle?platform=web&dev=true&hot=false&lazy=true&transform.engine=hermes&transform.routerRoot=app&unstable_transformProfile=hermes-stable:124760
[  308038ms] [ERROR] WebSocket connection to 'ws://localhost:4000/api/v1/realtime/ws?topics=' failed: HTTP Authentication failed; no valid credentials available @ http://localhost:8083/index.ts.bundle?platform=web&dev=true&hot=false&lazy=true&transform.engine=hermes&transform.routerRoot=app&unstable_transformProfile=hermes-stable:488726
[  315290ms] [ERROR] WebSocket connection to 'ws://localhost:4000/api/v1/realtime/ws?topics=' failed: HTTP Authentication failed; no valid credentials available @ http://localhost:8083/index.ts.bundle?platform=web&dev=true&hot=false&lazy=true&transform.engine=hermes&transform.routerRoot=app&unstable_transformProfile=hermes-stable:488726
[  320372ms] [ERROR] WebSocket connection to 'ws://localhost:4000/api/v1/realtime/ws?topics=' failed: HTTP Authentication failed; no valid credentials available @ http://localhost:8083/index.ts.bundle?platform=web&dev=true&hot=false&lazy=true&transform.engine=hermes&transform.routerRoot=app&unstable_transformProfile=hermes-stable:488726
[  321586ms] [ERROR] WebSocket connection to 'ws://localhost:4000/api/v1/realtime/ws?topics=' failed: HTTP Authentication failed; no valid credentials available @ http://localhost:8083/index.ts.bundle?platform=web&dev=true&hot=false&lazy=true&transform.engine=hermes&transform.routerRoot=app&unstable_transformProfile=hermes-stable:488726
[  326901ms] [ERROR] WebSocket connection to 'ws://localhost:4000/api/v1/realtime/ws?topics=' failed: HTTP Authentication failed; no valid credentials available @ http://localhost:8083/index.ts.bundle?platform=web&dev=true&hot=false&lazy=true&transform.engine=hermes&transform.routerRoot=app&unstable_transformProfile=hermes-stable:488726
[  332429ms] [ERROR] WebSocket connection to 'ws://localhost:4000/api/v1/realtime/ws?topics=' failed: HTTP Authentication failed; no valid credentials available @ http://localhost:8083/index.ts.bundle?platform=web&dev=true&hot=false&lazy=true&transform.engine=hermes&transform.routerRoot=app&unstable_transformProfile=hermes-stable:488726
[  338735ms] [ERROR] WebSocket connection to 'ws://localhost:4000/api/v1/realtime/ws?topics=' failed: HTTP Authentication failed; no valid credentials available @ http://localhost:8083/index.ts.bundle?platform=web&dev=true&hot=false&lazy=true&transform.engine=hermes&transform.routerRoot=app&unstable_transformProfile=hermes-stable:488726
[  345135ms] [ERROR] WebSocket connection to 'ws://localhost:4000/api/v1/realtime/ws?topics=' failed: HTTP Authentication failed; no valid credentials available @ http://localhost:8083/index.ts.bundle?platform=web&dev=true&hot=false&lazy=true&transform.engine=hermes&transform.routerRoot=app&unstable_transformProfile=hermes-stable:488726
[  349174ms] [ERROR] WebSocket connection to 'ws://localhost:4000/api/v1/realtime/ws?topics=' failed: HTTP Authentication failed; no valid credentials available @ http://localhost:8083/index.ts.bundle?platform=web&dev=true&hot=false&lazy=true&transform.engine=hermes&transform.routerRoot=app&unstable_transformProfile=hermes-stable:488726
[  354310ms] [ERROR] WebSocket connection to 'ws://localhost:4000/api/v1/realtime/ws?topics=' failed: HTTP Authentication failed; no valid credentials available @ http://localhost:8083/index.ts.bundle?platform=web&dev=true&hot=false&lazy=true&transform.engine=hermes&transform.routerRoot=app&unstable_transformProfile=hermes-stable:488726
[  357887ms] [INFO] [backendDiagnostics] sync — count=10 error=none baseUrl=http://localhost:4000/api/v1 @ http://localhost:8083/index.ts.bundle?platform=web&dev=true&hot=false&lazy=true&transform.engine=hermes&transform.routerRoot=app&unstable_transformProfile=hermes-stable:124760
[  358995ms] [ERROR] WebSocket connection to 'ws://localhost:4000/api/v1/realtime/ws?topics=' failed: HTTP Authentication failed; no valid credentials available @ http://localhost:8083/index.ts.bundle?platform=web&dev=true&hot=false&lazy=true&transform.engine=hermes&transform.routerRoot=app&unstable_transformProfile=hermes-stable:488726
[  363618ms] [ERROR] WebSocket connection to 'ws://localhost:4000/api/v1/realtime/ws?topics=' failed: HTTP Authentication failed; no valid credentials available @ http://localhost:8083/index.ts.bundle?platform=web&dev=true&hot=false&lazy=true&transform.engine=hermes&transform.routerRoot=app&unstable_transformProfile=hermes-stable:488726
[  367177ms] [ERROR] WebSocket connection to 'ws://localhost:4000/api/v1/realtime/ws?topics=' failed: HTTP Authentication failed; no valid credentials available @ http://localhost:8083/index.ts.bundle?platform=web&dev=true&hot=false&lazy=true&transform.engine=hermes&transform.routerRoot=app&unstable_transformProfile=hermes-stable:488726
[  371885ms] [ERROR] WebSocket connection to 'ws://localhost:4000/api/v1/realtime/ws?topics=' failed: HTTP Authentication failed; no valid credentials available @ http://localhost:8083/index.ts.bundle?platform=web&dev=true&hot=false&lazy=true&transform.engine=hermes&transform.routerRoot=app&unstable_transformProfile=hermes-stable:488726
[  380051ms] [ERROR] WebSocket connection to 'ws://localhost:4000/api/v1/realtime/ws?topics=' failed: HTTP Authentication failed; no valid credentials available @ http://localhost:8083/index.ts.bundle?platform=web&dev=true&hot=false&lazy=true&transform.engine=hermes&transform.routerRoot=app&unstable_transformProfile=hermes-stable:488726
[  383730ms] [ERROR] WebSocket connection to 'ws://localhost:4000/api/v1/realtime/ws?topics=' failed: HTTP Authentication failed; no valid credentials available @ http://localhost:8083/index.ts.bundle?platform=web&dev=true&hot=false&lazy=true&transform.engine=hermes&transform.routerRoot=app&unstable_transformProfile=hermes-stable:488726
[  389394ms] [ERROR] WebSocket connection to 'ws://localhost:4000/api/v1/realtime/ws?topics=' failed: HTTP Authentication failed; no valid credentials available @ http://localhost:8083/index.ts.bundle?platform=web&dev=true&hot=false&lazy=true&transform.engine=hermes&transform.routerRoot=app&unstable_transformProfile=hermes-stable:488726
[  394473ms] [ERROR] WebSocket connection to 'ws://localhost:4000/api/v1/realtime/ws?topics=' failed: HTTP Authentication failed; no valid credentials available @ http://localhost:8083/index.ts.bundle?platform=web&dev=true&hot=false&lazy=true&transform.engine=hermes&transform.routerRoot=app&unstable_transformProfile=hermes-stable:488726
[  400314ms] [ERROR] WebSocket connection to 'ws://localhost:4000/api/v1/realtime/ws?topics=' failed: HTTP Authentication failed; no valid credentials available @ http://localhost:8083/index.ts.bundle?platform=web&dev=true&hot=false&lazy=true&transform.engine=hermes&transform.routerRoot=app&unstable_transformProfile=hermes-stable:488726
[  402353ms] [ERROR] WebSocket connection to 'ws://localhost:4000/api/v1/realtime/ws?topics=' failed: HTTP Authentication failed; no valid credentials available @ http://localhost:8083/index.ts.bundle?platform=web&dev=true&hot=false&lazy=true&transform.engine=hermes&transform.routerRoot=app&unstable_transformProfile=hermes-stable:488726
[  408084ms] [ERROR] WebSocket connection to 'ws://localhost:4000/api/v1/realtime/ws?topics=' failed: HTTP Authentication failed; no valid credentials available @ http://localhost:8083/index.ts.bundle?platform=web&dev=true&hot=false&lazy=true&transform.engine=hermes&transform.routerRoot=app&unstable_transformProfile=hermes-stable:488726
[  412878ms] [INFO] [backendDiagnostics] sync — count=10 error=none baseUrl=http://localhost:4000/api/v1 @ http://localhost:8083/index.ts.bundle?platform=web&dev=true&hot=false&lazy=true&transform.engine=hermes&transform.routerRoot=app&unstable_transformProfile=hermes-stable:124760
[  413924ms] [ERROR] WebSocket connection to 'ws://localhost:4000/api/v1/realtime/ws?topics=' failed: HTTP Authentication failed; no valid credentials available @ http://localhost:8083/index.ts.bundle?platform=web&dev=true&hot=false&lazy=true&transform.engine=hermes&transform.routerRoot=app&unstable_transformProfile=hermes-stable:488726
[  419660ms] [ERROR] WebSocket connection to 'ws://localhost:4000/api/v1/realtime/ws?topics=' failed: HTTP Authentication failed; no valid credentials available @ http://localhost:8083/index.ts.bundle?platform=web&dev=true&hot=false&lazy=true&transform.engine=hermes&transform.routerRoot=app&unstable_transformProfile=hermes-stable:488726
[  422899ms] [ERROR] WebSocket connection to 'ws://localhost:4000/api/v1/realtime/ws?topics=' failed: HTTP Authentication failed; no valid credentials available @ http://localhost:8083/index.ts.bundle?platform=web&dev=true&hot=false&lazy=true&transform.engine=hermes&transform.routerRoot=app&unstable_transformProfile=hermes-stable:488726
[  428548ms] [ERROR] WebSocket connection to 'ws://localhost:4000/api/v1/realtime/ws?topics=' failed: HTTP Authentication failed; no valid credentials available @ http://localhost:8083/index.ts.bundle?platform=web&dev=true&hot=false&lazy=true&transform.engine=hermes&transform.routerRoot=app&unstable_transformProfile=hermes-stable:488726
[  431579ms] [ERROR] WebSocket connection to 'ws://localhost:4000/api/v1/realtime/ws?topics=' failed: HTTP Authentication failed; no valid credentials available @ http://localhost:8083/index.ts.bundle?platform=web&dev=true&hot=false&lazy=true&transform.engine=hermes&transform.routerRoot=app&unstable_transformProfile=hermes-stable:488726
[  438327ms] [ERROR] WebSocket connection to 'ws://localhost:4000/api/v1/realtime/ws?topics=' failed: HTTP Authentication failed; no valid credentials available @ http://localhost:8083/index.ts.bundle?platform=web&dev=true&hot=false&lazy=true&transform.engine=hermes&transform.routerRoot=app&unstable_transformProfile=hermes-stable:488726
[  443977ms] [ERROR] WebSocket connection to 'ws://localhost:4000/api/v1/realtime/ws?topics=' failed: HTTP Authentication failed; no valid credentials available @ http://localhost:8083/index.ts.bundle?platform=web&dev=true&hot=false&lazy=true&transform.engine=hermes&transform.routerRoot=app&unstable_transformProfile=hermes-stable:488726
[  447837ms] [ERROR] WebSocket connection to 'ws://localhost:4000/api/v1/realtime/ws?topics=' failed: HTTP Authentication failed; no valid credentials available @ http://localhost:8083/index.ts.bundle?platform=web&dev=true&hot=false&lazy=true&transform.engine=hermes&transform.routerRoot=app&unstable_transformProfile=hermes-stable:488726
[  452571ms] [ERROR] WebSocket connection to 'ws://localhost:4000/api/v1/realtime/ws?topics=' failed: HTTP Authentication failed; no valid credentials available @ http://localhost:8083/index.ts.bundle?platform=web&dev=true&hot=false&lazy=true&transform.engine=hermes&transform.routerRoot=app&unstable_transformProfile=hermes-stable:488726
[  456871ms] [ERROR] WebSocket connection to 'ws://localhost:4000/api/v1/realtime/ws?topics=' failed: HTTP Authentication failed; no valid credentials available @ http://localhost:8083/index.ts.bundle?platform=web&dev=true&hot=false&lazy=true&transform.engine=hermes&transform.routerRoot=app&unstable_transformProfile=hermes-stable:488726
[  463078ms] [ERROR] WebSocket connection to 'ws://localhost:4000/api/v1/realtime/ws?topics=' failed: HTTP Authentication failed; no valid credentials available @ http://localhost:8083/index.ts.bundle?platform=web&dev=true&hot=false&lazy=true&transform.engine=hermes&transform.routerRoot=app&unstable_transformProfile=hermes-stable:488726
[  467892ms] [INFO] [backendDiagnostics] sync — count=10 error=none baseUrl=http://localhost:4000/api/v1 @ http://localhost:8083/index.ts.bundle?platform=web&dev=true&hot=false&lazy=true&transform.engine=hermes&transform.routerRoot=app&unstable_transformProfile=hermes-stable:124760
[  469552ms] [ERROR] WebSocket connection to 'ws://localhost:4000/api/v1/realtime/ws?topics=' failed: HTTP Authentication failed; no valid credentials available @ http://localhost:8083/index.ts.bundle?platform=web&dev=true&hot=false&lazy=true&transform.engine=hermes&transform.routerRoot=app&unstable_transformProfile=hermes-stable:488726
[  471565ms] [ERROR] WebSocket connection to 'ws://localhost:4000/api/v1/realtime/ws?topics=' failed: HTTP Authentication failed; no valid credentials available @ http://localhost:8083/index.ts.bundle?platform=web&dev=true&hot=false&lazy=true&transform.engine=hermes&transform.routerRoot=app&unstable_transformProfile=hermes-stable:488726
[  478522ms] [ERROR] WebSocket connection to 'ws://localhost:4000/api/v1/realtime/ws?topics=' failed: HTTP Authentication failed; no valid credentials available @ http://localhost:8083/index.ts.bundle?platform=web&dev=true&hot=false&lazy=true&transform.engine=hermes&transform.routerRoot=app&unstable_transformProfile=hermes-stable:488726
[  482432ms] [ERROR] WebSocket connection to 'ws://localhost:4000/api/v1/realtime/ws?topics=' failed: HTTP Authentication failed; no valid credentials available @ http://localhost:8083/index.ts.bundle?platform=web&dev=true&hot=false&lazy=true&transform.engine=hermes&transform.routerRoot=app&unstable_transformProfile=hermes-stable:488726
[  485497ms] [ERROR] WebSocket connection to 'ws://localhost:4000/api/v1/realtime/ws?topics=' failed: HTTP Authentication failed; no valid credentials available @ http://localhost:8083/index.ts.bundle?platform=web&dev=true&hot=false&lazy=true&transform.engine=hermes&transform.routerRoot=app&unstable_transformProfile=hermes-stable:488726
[  490502ms] [ERROR] WebSocket connection to 'ws://localhost:4000/api/v1/realtime/ws?topics=' failed: HTTP Authentication failed; no valid credentials available @ http://localhost:8083/index.ts.bundle?platform=web&dev=true&hot=false&lazy=true&transform.engine=hermes&transform.routerRoot=app&unstable_transformProfile=hermes-stable:488726
[  495491ms] [ERROR] WebSocket connection to 'ws://localhost:4000/api/v1/realtime/ws?topics=' failed: HTTP Authentication failed; no valid credentials available @ http://localhost:8083/index.ts.bundle?platform=web&dev=true&hot=false&lazy=true&transform.engine=hermes&transform.routerRoot=app&unstable_transformProfile=hermes-stable:488726
[  500495ms] [ERROR] WebSocket connection to 'ws://localhost:4000/api/v1/realtime/ws?topics=' failed: HTTP Authentication failed; no valid credentials available @ http://localhost:8083/index.ts.bundle?platform=web&dev=true&hot=false&lazy=true&transform.engine=hermes&transform.routerRoot=app&unstable_transformProfile=hermes-stable:488726
[  505506ms] [ERROR] WebSocket connection to 'ws://localhost:4000/api/v1/realtime/ws?topics=' failed: HTTP Authentication failed; no valid credentials available @ http://localhost:8083/index.ts.bundle?platform=web&dev=true&hot=false&lazy=true&transform.engine=hermes&transform.routerRoot=app&unstable_transformProfile=hermes-stable:488726
[  510516ms] [ERROR] WebSocket connection to 'ws://localhost:4000/api/v1/realtime/ws?topics=' failed: HTTP Authentication failed; no valid credentials available @ http://localhost:8083/index.ts.bundle?platform=web&dev=true&hot=false&lazy=true&transform.engine=hermes&transform.routerRoot=app&unstable_transformProfile=hermes-stable:488726
[  515515ms] [ERROR] WebSocket connection to 'ws://localhost:4000/api/v1/realtime/ws?topics=' failed: HTTP Authentication failed; no valid credentials available @ http://localhost:8083/index.ts.bundle?platform=web&dev=true&hot=false&lazy=true&transform.engine=hermes&transform.routerRoot=app&unstable_transformProfile=hermes-stable:488726
[  520518ms] [ERROR] WebSocket connection to 'ws://localhost:4000/api/v1/realtime/ws?topics=' failed: HTTP Authentication failed; no valid credentials available @ http://localhost:8083/index.ts.bundle?platform=web&dev=true&hot=false&lazy=true&transform.engine=hermes&transform.routerRoot=app&unstable_transformProfile=hermes-stable:488726
[  522931ms] [INFO] [backendDiagnostics] sync — count=10 error=none baseUrl=http://localhost:4000/api/v1 @ http://localhost:8083/index.ts.bundle?platform=web&dev=true&hot=false&lazy=true&transform.engine=hermes&transform.routerRoot=app&unstable_transformProfile=hermes-stable:124760
[  525513ms] [ERROR] WebSocket connection to 'ws://localhost:4000/api/v1/realtime/ws?topics=' failed: HTTP Authentication failed; no valid credentials available @ http://localhost:8083/index.ts.bundle?platform=web&dev=true&hot=false&lazy=true&transform.engine=hermes&transform.routerRoot=app&unstable_transformProfile=hermes-stable:488726
[  530557ms] [ERROR] WebSocket connection to 'ws://localhost:4000/api/v1/realtime/ws?topics=' failed: HTTP Authentication failed; no valid credentials available @ http://localhost:8083/index.ts.bundle?platform=web&dev=true&hot=false&lazy=true&transform.engine=hermes&transform.routerRoot=app&unstable_transformProfile=hermes-stable:488726
[  535551ms] [ERROR] WebSocket connection to 'ws://localhost:4000/api/v1/realtime/ws?topics=' failed: HTTP Authentication failed; no valid credentials available @ http://localhost:8083/index.ts.bundle?platform=web&dev=true&hot=false&lazy=true&transform.engine=hermes&transform.routerRoot=app&unstable_transformProfile=hermes-stable:488726
[  540594ms] [ERROR] WebSocket connection to 'ws://localhost:4000/api/v1/realtime/ws?topics=' failed: HTTP Authentication failed; no valid credentials available @ http://localhost:8083/index.ts.bundle?platform=web&dev=true&hot=false&lazy=true&transform.engine=hermes&transform.routerRoot=app&unstable_transformProfile=hermes-stable:488726
[  545778ms] [ERROR] WebSocket connection to 'ws://localhost:4000/api/v1/realtime/ws?topics=' failed: HTTP Authentication failed; no valid credentials available @ http://localhost:8083/index.ts.bundle?platform=web&dev=true&hot=false&lazy=true&transform.engine=hermes&transform.routerRoot=app&unstable_transformProfile=hermes-stable:488726
[  550858ms] [ERROR] WebSocket connection to 'ws://localhost:4000/api/v1/realtime/ws?topics=' failed: HTTP Authentication failed; no valid credentials available @ http://localhost:8083/index.ts.bundle?platform=web&dev=true&hot=false&lazy=true&transform.engine=hermes&transform.routerRoot=app&unstable_transformProfile=hermes-stable:488726
[  555973ms] [ERROR] WebSocket connection to 'ws://localhost:4000/api/v1/realtime/ws?topics=' failed: HTTP Authentication failed; no valid credentials available @ http://localhost:8083/index.ts.bundle?platform=web&dev=true&hot=false&lazy=true&transform.engine=hermes&transform.routerRoot=app&unstable_transformProfile=hermes-stable:488726
[  562485ms] [ERROR] WebSocket connection to 'ws://localhost:4000/api/v1/realtime/ws?topics=' failed: HTTP Authentication failed; no valid credentials available @ http://localhost:8083/index.ts.bundle?platform=web&dev=true&hot=false&lazy=true&transform.engine=hermes&transform.routerRoot=app&unstable_transformProfile=hermes-stable:488726
[  567258ms] [ERROR] WebSocket connection to 'ws://localhost:4000/api/v1/realtime/ws?topics=' failed: HTTP Authentication failed; no valid credentials available @ http://localhost:8083/index.ts.bundle?platform=web&dev=true&hot=false&lazy=true&transform.engine=hermes&transform.routerRoot=app&unstable_transformProfile=hermes-stable:488726
[  572056ms] [ERROR] WebSocket connection to 'ws://localhost:4000/api/v1/realtime/ws?topics=' failed: HTTP Authentication failed; no valid credentials available @ http://localhost:8083/index.ts.bundle?platform=web&dev=true&hot=false&lazy=true&transform.engine=hermes&transform.routerRoot=app&unstable_transformProfile=hermes-stable:488726
[  577893ms] [INFO] [backendDiagnostics] sync — count=10 error=none baseUrl=http://localhost:4000/api/v1 @ http://localhost:8083/index.ts.bundle?platform=web&dev=true&hot=false&lazy=true&transform.engine=hermes&transform.routerRoot=app&unstable_transformProfile=hermes-stable:124760
[  580109ms] [ERROR] WebSocket connection to 'ws://localhost:4000/api/v1/realtime/ws?topics=' failed: HTTP Authentication failed; no valid credentials available @ http://localhost:8083/index.ts.bundle?platform=web&dev=true&hot=false&lazy=true&transform.engine=hermes&transform.routerRoot=app&unstable_transformProfile=hermes-stable:488726
[  583279ms] [ERROR] WebSocket connection to 'ws://localhost:4000/api/v1/realtime/ws?topics=' failed: HTTP Authentication failed; no valid credentials available @ http://localhost:8083/index.ts.bundle?platform=web&dev=true&hot=false&lazy=true&transform.engine=hermes&transform.routerRoot=app&unstable_transformProfile=hermes-stable:488726
[  588545ms] [ERROR] WebSocket connection to 'ws://localhost:4000/api/v1/realtime/ws?topics=' failed: HTTP Authentication failed; no valid credentials available @ http://localhost:8083/index.ts.bundle?platform=web&dev=true&hot=false&lazy=true&transform.engine=hermes&transform.routerRoot=app&unstable_transformProfile=hermes-stable:488726
[  591791ms] [ERROR] WebSocket connection to 'ws://localhost:4000/api/v1/realtime/ws?topics=' failed: HTTP Authentication failed; no valid credentials available @ http://localhost:8083/index.ts.bundle?platform=web&dev=true&hot=false&lazy=true&transform.engine=hermes&transform.routerRoot=app&unstable_transformProfile=hermes-stable:488726
[  596528ms] [ERROR] WebSocket connection to 'ws://localhost:4000/api/v1/realtime/ws?topics=' failed: HTTP Authentication failed; no valid credentials available @ http://localhost:8083/index.ts.bundle?platform=web&dev=true&hot=false&lazy=true&transform.engine=hermes&transform.routerRoot=app&unstable_transformProfile=hermes-stable:488726
[  604196ms] [ERROR] WebSocket connection to 'ws://localhost:4000/api/v1/realtime/ws?topics=' failed: HTTP Authentication failed; no valid credentials available @ http://localhost:8083/index.ts.bundle?platform=web&dev=true&hot=false&lazy=true&transform.engine=hermes&transform.routerRoot=app&unstable_transformProfile=hermes-stable:488726
[  605501ms] [ERROR] WebSocket connection to 'ws://localhost:4000/api/v1/realtime/ws?topics=' failed: HTTP Authentication failed; no valid credentials available @ http://localhost:8083/index.ts.bundle?platform=web&dev=true&hot=false&lazy=true&transform.engine=hermes&transform.routerRoot=app&unstable_transformProfile=hermes-stable:488726
[  610500ms] [ERROR] WebSocket connection to 'ws://localhost:4000/api/v1/realtime/ws?topics=' failed: HTTP Authentication failed; no valid credentials available @ http://localhost:8083/index.ts.bundle?platform=web&dev=true&hot=false&lazy=true&transform.engine=hermes&transform.routerRoot=app&unstable_transformProfile=hermes-stable:488726
[  615503ms] [ERROR] WebSocket connection to 'ws://localhost:4000/api/v1/realtime/ws?topics=' failed: HTTP Authentication failed; no valid credentials available @ http://localhost:8083/index.ts.bundle?platform=web&dev=true&hot=false&lazy=true&transform.engine=hermes&transform.routerRoot=app&unstable_transformProfile=hermes-stable:488726
[  620506ms] [ERROR] WebSocket connection to 'ws://localhost:4000/api/v1/realtime/ws?topics=' failed: HTTP Authentication failed; no valid credentials available @ http://localhost:8083/index.ts.bundle?platform=web&dev=true&hot=false&lazy=true&transform.engine=hermes&transform.routerRoot=app&unstable_transformProfile=hermes-stable:488726
[  625501ms] [ERROR] WebSocket connection to 'ws://localhost:4000/api/v1/realtime/ws?topics=' failed: HTTP Authentication failed; no valid credentials available @ http://localhost:8083/index.ts.bundle?platform=web&dev=true&hot=false&lazy=true&transform.engine=hermes&transform.routerRoot=app&unstable_transformProfile=hermes-stable:488726
[  630502ms] [ERROR] WebSocket connection to 'ws://localhost:4000/api/v1/realtime/ws?topics=' failed: HTTP Authentication failed; no valid credentials available @ http://localhost:8083/index.ts.bundle?platform=web&dev=true&hot=false&lazy=true&transform.engine=hermes&transform.routerRoot=app&unstable_transformProfile=hermes-stable:488726
[  632903ms] [INFO] [backendDiagnostics] sync — count=10 error=none baseUrl=http://localhost:4000/api/v1 @ http://localhost:8083/index.ts.bundle?platform=web&dev=true&hot=false&lazy=true&transform.engine=hermes&transform.routerRoot=app&unstable_transformProfile=hermes-stable:124760
[  635521ms] [ERROR] WebSocket connection to 'ws://localhost:4000/api/v1/realtime/ws?topics=' failed: HTTP Authentication failed; no valid credentials available @ http://localhost:8083/index.ts.bundle?platform=web&dev=true&hot=false&lazy=true&transform.engine=hermes&transform.routerRoot=app&unstable_transformProfile=hermes-stable:488726
[  640518ms] [ERROR] WebSocket connection to 'ws://localhost:4000/api/v1/realtime/ws?topics=' failed: HTTP Authentication failed; no valid credentials available @ http://localhost:8083/index.ts.bundle?platform=web&dev=true&hot=false&lazy=true&transform.engine=hermes&transform.routerRoot=app&unstable_transformProfile=hermes-stable:488726
[  645523ms] [ERROR] WebSocket connection to 'ws://localhost:4000/api/v1/realtime/ws?topics=' failed: HTTP Authentication failed; no valid credentials available @ http://localhost:8083/index.ts.bundle?platform=web&dev=true&hot=false&lazy=true&transform.engine=hermes&transform.routerRoot=app&unstable_transformProfile=hermes-stable:488726
[  650540ms] [ERROR] WebSocket connection to 'ws://localhost:4000/api/v1/realtime/ws?topics=' failed: HTTP Authentication failed; no valid credentials available @ http://localhost:8083/index.ts.bundle?platform=web&dev=true&hot=false&lazy=true&transform.engine=hermes&transform.routerRoot=app&unstable_transformProfile=hermes-stable:488726
[  655577ms] [ERROR] WebSocket connection to 'ws://localhost:4000/api/v1/realtime/ws?topics=' failed: HTTP Authentication failed; no valid credentials available @ http://localhost:8083/index.ts.bundle?platform=web&dev=true&hot=false&lazy=true&transform.engine=hermes&transform.routerRoot=app&unstable_transformProfile=hermes-stable:488726
[  660631ms] [ERROR] WebSocket connection to 'ws://localhost:4000/api/v1/realtime/ws?topics=' failed: HTTP Authentication failed; no valid credentials available @ http://localhost:8083/index.ts.bundle?platform=web&dev=true&hot=false&lazy=true&transform.engine=hermes&transform.routerRoot=app&unstable_transformProfile=hermes-stable:488726
[  665623ms] [ERROR] WebSocket connection to 'ws://localhost:4000/api/v1/realtime/ws?topics=' failed: HTTP Authentication failed; no valid credentials available @ http://localhost:8083/index.ts.bundle?platform=web&dev=true&hot=false&lazy=true&transform.engine=hermes&transform.routerRoot=app&unstable_transformProfile=hermes-stable:488726
[  670864ms] [ERROR] WebSocket connection to 'ws://localhost:4000/api/v1/realtime/ws?topics=' failed: HTTP Authentication failed; no valid credentials available @ http://localhost:8083/index.ts.bundle?platform=web&dev=true&hot=false&lazy=true&transform.engine=hermes&transform.routerRoot=app&unstable_transformProfile=hermes-stable:488726
[  676334ms] [ERROR] WebSocket connection to 'ws://localhost:4000/api/v1/realtime/ws?topics=' failed: HTTP Authentication failed; no valid credentials available @ http://localhost:8083/index.ts.bundle?platform=web&dev=true&hot=false&lazy=true&transform.engine=hermes&transform.routerRoot=app&unstable_transformProfile=hermes-stable:488726
[  682110ms] [ERROR] WebSocket connection to 'ws://localhost:4000/api/v1/realtime/ws?topics=' failed: HTTP Authentication failed; no valid credentials available @ http://localhost:8083/index.ts.bundle?platform=web&dev=true&hot=false&lazy=true&transform.engine=hermes&transform.routerRoot=app&unstable_transformProfile=hermes-stable:488726
[  687882ms] [INFO] [backendDiagnostics] sync — count=10 error=none baseUrl=http://localhost:4000/api/v1 @ http://localhost:8083/index.ts.bundle?platform=web&dev=true&hot=false&lazy=true&transform.engine=hermes&transform.routerRoot=app&unstable_transformProfile=hermes-stable:124760
[  689112ms] [ERROR] WebSocket connection to 'ws://localhost:4000/api/v1/realtime/ws?topics=' failed: HTTP Authentication failed; no valid credentials available @ http://localhost:8083/index.ts.bundle?platform=web&dev=true&hot=false&lazy=true&transform.engine=hermes&transform.routerRoot=app&unstable_transformProfile=hermes-stable:488726
[  694040ms] [ERROR] WebSocket connection to 'ws://localhost:4000/api/v1/realtime/ws?topics=' failed: HTTP Authentication failed; no valid credentials available @ http://localhost:8083/index.ts.bundle?platform=web&dev=true&hot=false&lazy=true&transform.engine=hermes&transform.routerRoot=app&unstable_transformProfile=hermes-stable:488726
[  699702ms] [ERROR] WebSocket connection to 'ws://localhost:4000/api/v1/realtime/ws?topics=' failed: HTTP Authentication failed; no valid credentials available @ http://localhost:8083/index.ts.bundle?platform=web&dev=true&hot=false&lazy=true&transform.engine=hermes&transform.routerRoot=app&unstable_transformProfile=hermes-stable:488726
[  705211ms] [ERROR] WebSocket connection to 'ws://localhost:4000/api/v1/realtime/ws?topics=' failed: HTTP Authentication failed; no valid credentials available @ http://localhost:8083/index.ts.bundle?platform=web&dev=true&hot=false&lazy=true&transform.engine=hermes&transform.routerRoot=app&unstable_transformProfile=hermes-stable:488726
[  707313ms] [ERROR] WebSocket connection to 'ws://localhost:4000/api/v1/realtime/ws?topics=' failed: HTTP Authentication failed; no valid credentials available @ http://localhost:8083/index.ts.bundle?platform=web&dev=true&hot=false&lazy=true&transform.engine=hermes&transform.routerRoot=app&unstable_transformProfile=hermes-stable:488726
[  713899ms] [ERROR] WebSocket connection to 'ws://localhost:4000/api/v1/realtime/ws?topics=' failed: HTTP Authentication failed; no valid credentials available @ http://localhost:8083/index.ts.bundle?platform=web&dev=true&hot=false&lazy=true&transform.engine=hermes&transform.routerRoot=app&unstable_transformProfile=hermes-stable:488726
[  718275ms] [ERROR] WebSocket connection to 'ws://localhost:4000/api/v1/realtime/ws?topics=' failed: HTTP Authentication failed; no valid credentials available @ http://localhost:8083/index.ts.bundle?platform=web&dev=true&hot=false&lazy=true&transform.engine=hermes&transform.routerRoot=app&unstable_transformProfile=hermes-stable:488726
[  724666ms] [ERROR] WebSocket connection to 'ws://localhost:4000/api/v1/realtime/ws?topics=' failed: HTTP Authentication failed; no valid credentials available @ http://localhost:8083/index.ts.bundle?platform=web&dev=true&hot=false&lazy=true&transform.engine=hermes&transform.routerRoot=app&unstable_transformProfile=hermes-stable:488726
[  727150ms] [ERROR] WebSocket connection to 'ws://localhost:4000/api/v1/realtime/ws?topics=' failed: HTTP Authentication failed; no valid credentials available @ http://localhost:8083/index.ts.bundle?platform=web&dev=true&hot=false&lazy=true&transform.engine=hermes&transform.routerRoot=app&unstable_transformProfile=hermes-stable:488726
[  734721ms] [ERROR] WebSocket connection to 'ws://localhost:4000/api/v1/realtime/ws?topics=' failed: HTTP Authentication failed; no valid credentials available @ http://localhost:8083/index.ts.bundle?platform=web&dev=true&hot=false&lazy=true&transform.engine=hermes&transform.routerRoot=app&unstable_transformProfile=hermes-stable:488726
[  740361ms] [ERROR] WebSocket connection to 'ws://localhost:4000/api/v1/realtime/ws?topics=' failed: HTTP Authentication failed; no valid credentials available @ http://localhost:8083/index.ts.bundle?platform=web&dev=true&hot=false&lazy=true&transform.engine=hermes&transform.routerRoot=app&unstable_transformProfile=hermes-stable:488726
[  742671ms] [ERROR] WebSocket connection to 'ws://localhost:4000/api/v1/realtime/ws?topics=' failed: HTTP Authentication failed; no valid credentials available @ http://localhost:8083/index.ts.bundle?platform=web&dev=true&hot=false&lazy=true&transform.engine=hermes&transform.routerRoot=app&unstable_transformProfile=hermes-stable:488726
[  742893ms] [INFO] [backendDiagnostics] sync — count=10 error=none baseUrl=http://localhost:4000/api/v1 @ http://localhost:8083/index.ts.bundle?platform=web&dev=true&hot=false&lazy=true&transform.engine=hermes&transform.routerRoot=app&unstable_transformProfile=hermes-stable:124760
[  747947ms] [ERROR] WebSocket connection to 'ws://localhost:4000/api/v1/realtime/ws?topics=' failed: HTTP Authentication failed; no valid credentials available @ http://localhost:8083/index.ts.bundle?platform=web&dev=true&hot=false&lazy=true&transform.engine=hermes&transform.routerRoot=app&unstable_transformProfile=hermes-stable:488726
[  752073ms] [ERROR] WebSocket connection to 'ws://localhost:4000/api/v1/realtime/ws?topics=' failed: HTTP Authentication failed; no valid credentials available @ http://localhost:8083/index.ts.bundle?platform=web&dev=true&hot=false&lazy=true&transform.engine=hermes&transform.routerRoot=app&unstable_transformProfile=hermes-stable:488726
[  757716ms] [ERROR] WebSocket connection to 'ws://localhost:4000/api/v1/realtime/ws?topics=' failed: HTTP Authentication failed; no valid credentials available @ http://localhost:8083/index.ts.bundle?platform=web&dev=true&hot=false&lazy=true&transform.engine=hermes&transform.routerRoot=app&unstable_transformProfile=hermes-stable:488726
[  763809ms] [ERROR] WebSocket connection to 'ws://localhost:4000/api/v1/realtime/ws?topics=' failed: HTTP Authentication failed; no valid credentials available @ http://localhost:8083/index.ts.bundle?platform=web&dev=true&hot=false&lazy=true&transform.engine=hermes&transform.routerRoot=app&unstable_transformProfile=hermes-stable:488726
[  767419ms] [ERROR] WebSocket connection to 'ws://localhost:4000/api/v1/realtime/ws?topics=' failed: HTTP Authentication failed; no valid credentials available @ http://localhost:8083/index.ts.bundle?platform=web&dev=true&hot=false&lazy=true&transform.engine=hermes&transform.routerRoot=app&unstable_transformProfile=hermes-stable:488726
[  773744ms] [ERROR] WebSocket connection to 'ws://localhost:4000/api/v1/realtime/ws?topics=' failed: HTTP Authentication failed; no valid credentials available @ http://localhost:8083/index.ts.bundle?platform=web&dev=true&hot=false&lazy=true&transform.engine=hermes&transform.routerRoot=app&unstable_transformProfile=hermes-stable:488726
[  778987ms] [ERROR] WebSocket connection to 'ws://localhost:4000/api/v1/realtime/ws?topics=' failed: HTTP Authentication failed; no valid credentials available @ http://localhost:8083/index.ts.bundle?platform=web&dev=true&hot=false&lazy=true&transform.engine=hermes&transform.routerRoot=app&unstable_transformProfile=hermes-stable:488726
[  781956ms] [ERROR] WebSocket connection to 'ws://localhost:4000/api/v1/realtime/ws?topics=' failed: HTTP Authentication failed; no valid credentials available @ http://localhost:8083/index.ts.bundle?platform=web&dev=true&hot=false&lazy=true&transform.engine=hermes&transform.routerRoot=app&unstable_transformProfile=hermes-stable:488726
[  788768ms] [ERROR] WebSocket connection to 'ws://localhost:4000/api/v1/realtime/ws?topics=' failed: HTTP Authentication failed; no valid credentials available @ http://localhost:8083/index.ts.bundle?platform=web&dev=true&hot=false&lazy=true&transform.engine=hermes&transform.routerRoot=app&unstable_transformProfile=hermes-stable:488726
[  794831ms] [ERROR] WebSocket connection to 'ws://localhost:4000/api/v1/realtime/ws?topics=' failed: HTTP Authentication failed; no valid credentials available @ http://localhost:8083/index.ts.bundle?platform=web&dev=true&hot=false&lazy=true&transform.engine=hermes&transform.routerRoot=app&unstable_transformProfile=hermes-stable:488726
[  797779ms] [ERROR] WebSocket connection to 'ws://localhost:4000/api/v1/realtime/ws?topics=' failed: HTTP Authentication failed; no valid credentials available @ http://localhost:8083/index.ts.bundle?platform=web&dev=true&hot=false&lazy=true&transform.engine=hermes&transform.routerRoot=app&unstable_transformProfile=hermes-stable:488726
[  797887ms] [INFO] [backendDiagnostics] sync — count=10 error=none baseUrl=http://localhost:4000/api/v1 @ http://localhost:8083/index.ts.bundle?platform=web&dev=true&hot=false&lazy=true&transform.engine=hermes&transform.routerRoot=app&unstable_transformProfile=hermes-stable:124760
[  803724ms] [ERROR] WebSocket connection to 'ws://localhost:4000/api/v1/realtime/ws?topics=' failed: HTTP Authentication failed; no valid credentials available @ http://localhost:8083/index.ts.bundle?platform=web&dev=true&hot=false&lazy=true&transform.engine=hermes&transform.routerRoot=app&unstable_transformProfile=hermes-stable:488726
[  808636ms] [ERROR] WebSocket connection to 'ws://localhost:4000/api/v1/realtime/ws?topics=' failed: HTTP Authentication failed; no valid credentials available @ http://localhost:8083/index.ts.bundle?platform=web&dev=true&hot=false&lazy=true&transform.engine=hermes&transform.routerRoot=app&unstable_transformProfile=hermes-stable:488726
[  814265ms] [ERROR] WebSocket connection to 'ws://localhost:4000/api/v1/realtime/ws?topics=' failed: HTTP Authentication failed; no valid credentials available @ http://localhost:8083/index.ts.bundle?platform=web&dev=true&hot=false&lazy=true&transform.engine=hermes&transform.routerRoot=app&unstable_transformProfile=hermes-stable:488726
[  818008ms] [ERROR] WebSocket connection to 'ws://localhost:4000/api/v1/realtime/ws?topics=' failed: HTTP Authentication failed; no valid credentials available @ http://localhost:8083/index.ts.bundle?platform=web&dev=true&hot=false&lazy=true&transform.engine=hermes&transform.routerRoot=app&unstable_transformProfile=hermes-stable:488726
[  822379ms] [ERROR] WebSocket connection to 'ws://localhost:4000/api/v1/realtime/ws?topics=' failed: HTTP Authentication failed; no valid credentials available @ http://localhost:8083/index.ts.bundle?platform=web&dev=true&hot=false&lazy=true&transform.engine=hermes&transform.routerRoot=app&unstable_transformProfile=hermes-stable:488726
[  827604ms] [ERROR] WebSocket connection to 'ws://localhost:4000/api/v1/realtime/ws?topics=' failed: HTTP Authentication failed; no valid credentials available @ http://localhost:8083/index.ts.bundle?platform=web&dev=true&hot=false&lazy=true&transform.engine=hermes&transform.routerRoot=app&unstable_transformProfile=hermes-stable:488726
[  834114ms] [ERROR] WebSocket connection to 'ws://localhost:4000/api/v1/realtime/ws?topics=' failed: HTTP Authentication failed; no valid credentials available @ http://localhost:8083/index.ts.bundle?platform=web&dev=true&hot=false&lazy=true&transform.engine=hermes&transform.routerRoot=app&unstable_transformProfile=hermes-stable:488726
[  836544ms] [ERROR] WebSocket connection to 'ws://localhost:4000/api/v1/realtime/ws?topics=' failed: HTTP Authentication failed; no valid credentials available @ http://localhost:8083/index.ts.bundle?platform=web&dev=true&hot=false&lazy=true&transform.engine=hermes&transform.routerRoot=app&unstable_transformProfile=hermes-stable:488726
[  842352ms] [ERROR] WebSocket connection to 'ws://localhost:4000/api/v1/realtime/ws?topics=' failed: HTTP Authentication failed; no valid credentials available @ http://localhost:8083/index.ts.bundle?platform=web&dev=true&hot=false&lazy=true&transform.engine=hermes&transform.routerRoot=app&unstable_transformProfile=hermes-stable:488726
[  849341ms] [ERROR] WebSocket connection to 'ws://localhost:4000/api/v1/realtime/ws?topics=' failed: HTTP Authentication failed; no valid credentials available @ http://localhost:8083/index.ts.bundle?platform=web&dev=true&hot=false&lazy=true&transform.engine=hermes&transform.routerRoot=app&unstable_transformProfile=hermes-stable:488726
[  852892ms] [INFO] [backendDiagnostics] sync — count=10 error=none baseUrl=http://localhost:4000/api/v1 @ http://localhost:8083/index.ts.bundle?platform=web&dev=true&hot=false&lazy=true&transform.engine=hermes&transform.routerRoot=app&unstable_transformProfile=hermes-stable:124760
[  853139ms] [ERROR] WebSocket connection to 'ws://localhost:4000/api/v1/realtime/ws?topics=' failed: HTTP Authentication failed; no valid credentials available @ http://localhost:8083/index.ts.bundle?platform=web&dev=true&hot=false&lazy=true&transform.engine=hermes&transform.routerRoot=app&unstable_transformProfile=hermes-stable:488726
[  856857ms] [ERROR] WebSocket connection to 'ws://localhost:4000/api/v1/realtime/ws?topics=' failed: HTTP Authentication failed; no valid credentials available @ http://localhost:8083/index.ts.bundle?platform=web&dev=true&hot=false&lazy=true&transform.engine=hermes&transform.routerRoot=app&unstable_transformProfile=hermes-stable:488726
[  864703ms] [ERROR] WebSocket connection to 'ws://localhost:4000/api/v1/realtime/ws?topics=' failed: HTTP Authentication failed; no valid credentials available @ http://localhost:8083/index.ts.bundle?platform=web&dev=true&hot=false&lazy=true&transform.engine=hermes&transform.routerRoot=app&unstable_transformProfile=hermes-stable:488726
[  870197ms] [ERROR] WebSocket connection to 'ws://localhost:4000/api/v1/realtime/ws?topics=' failed: HTTP Authentication failed; no valid credentials available @ http://localhost:8083/index.ts.bundle?platform=web&dev=true&hot=false&lazy=true&transform.engine=hermes&transform.routerRoot=app&unstable_transformProfile=hermes-stable:488726
[  872884ms] [ERROR] WebSocket connection to 'ws://localhost:4000/api/v1/realtime/ws?topics=' failed: HTTP Authentication failed; no valid credentials available @ http://localhost:8083/index.ts.bundle?platform=web&dev=true&hot=false&lazy=true&transform.engine=hermes&transform.routerRoot=app&unstable_transformProfile=hermes-stable:488726
[  878595ms] [ERROR] WebSocket connection to 'ws://localhost:4000/api/v1/realtime/ws?topics=' failed: HTTP Authentication failed; no valid credentials available @ http://localhost:8083/index.ts.bundle?platform=web&dev=true&hot=false&lazy=true&transform.engine=hermes&transform.routerRoot=app&unstable_transformProfile=hermes-stable:488726
[  881778ms] [ERROR] WebSocket connection to 'ws://localhost:4000/api/v1/realtime/ws?topics=' failed: HTTP Authentication failed; no valid credentials available @ http://localhost:8083/index.ts.bundle?platform=web&dev=true&hot=false&lazy=true&transform.engine=hermes&transform.routerRoot=app&unstable_transformProfile=hermes-stable:488726
[  886710ms] [ERROR] WebSocket connection to 'ws://localhost:4000/api/v1/realtime/ws?topics=' failed: HTTP Authentication failed; no valid credentials available @ http://localhost:8083/index.ts.bundle?platform=web&dev=true&hot=false&lazy=true&transform.engine=hermes&transform.routerRoot=app&unstable_transformProfile=hermes-stable:488726
[  892616ms] [ERROR] WebSocket connection to 'ws://localhost:4000/api/v1/realtime/ws?topics=' failed: HTTP Authentication failed; no valid credentials available @ http://localhost:8083/index.ts.bundle?platform=web&dev=true&hot=false&lazy=true&transform.engine=hermes&transform.routerRoot=app&unstable_transformProfile=hermes-stable:488726
[  899819ms] [ERROR] WebSocket connection to 'ws://localhost:4000/api/v1/realtime/ws?topics=' failed: HTTP Authentication failed; no valid credentials available @ http://localhost:8083/index.ts.bundle?platform=web&dev=true&hot=false&lazy=true&transform.engine=hermes&transform.routerRoot=app&unstable_transformProfile=hermes-stable:488726
[  904048ms] [ERROR] WebSocket connection to 'ws://localhost:4000/api/v1/realtime/ws?topics=' failed: HTTP Authentication failed; no valid credentials available @ http://localhost:8083/index.ts.bundle?platform=web&dev=true&hot=false&lazy=true&transform.engine=hermes&transform.routerRoot=app&unstable_transformProfile=hermes-stable:488726
[  907897ms] [INFO] [backendDiagnostics] sync — count=10 error=none baseUrl=http://localhost:4000/api/v1 @ http://localhost:8083/index.ts.bundle?platform=web&dev=true&hot=false&lazy=true&transform.engine=hermes&transform.routerRoot=app&unstable_transformProfile=hermes-stable:124760
[  909859ms] [ERROR] WebSocket connection to 'ws://localhost:4000/api/v1/realtime/ws?topics=' failed: HTTP Authentication failed; no valid credentials available @ http://localhost:8083/index.ts.bundle?platform=web&dev=true&hot=false&lazy=true&transform.engine=hermes&transform.routerRoot=app&unstable_transformProfile=hermes-stable:488726
[  911507ms] [ERROR] WebSocket connection to 'ws://localhost:4000/api/v1/realtime/ws?topics=' failed: HTTP Authentication failed; no valid credentials available @ http://localhost:8083/index.ts.bundle?platform=web&dev=true&hot=false&lazy=true&transform.engine=hermes&transform.routerRoot=app&unstable_transformProfile=hermes-stable:488726
[  918423ms] [ERROR] WebSocket connection to 'ws://localhost:4000/api/v1/realtime/ws?topics=' failed: HTTP Authentication failed; no valid credentials available @ http://localhost:8083/index.ts.bundle?platform=web&dev=true&hot=false&lazy=true&transform.engine=hermes&transform.routerRoot=app&unstable_transformProfile=hermes-stable:488726
[  921777ms] [ERROR] WebSocket connection to 'ws://localhost:4000/api/v1/realtime/ws?topics=' failed: HTTP Authentication failed; no valid credentials available @ http://localhost:8083/index.ts.bundle?platform=web&dev=true&hot=false&lazy=true&transform.engine=hermes&transform.routerRoot=app&unstable_transformProfile=hermes-stable:488726
[  929391ms] [ERROR] WebSocket connection to 'ws://localhost:4000/api/v1/realtime/ws?topics=' failed: HTTP Authentication failed; no valid credentials available @ http://localhost:8083/index.ts.bundle?platform=web&dev=true&hot=false&lazy=true&transform.engine=hermes&transform.routerRoot=app&unstable_transformProfile=hermes-stable:488726
[  934456ms] [ERROR] WebSocket connection to 'ws://localhost:4000/api/v1/realtime/ws?topics=' failed: HTTP Authentication failed; no valid credentials available @ http://localhost:8083/index.ts.bundle?platform=web&dev=true&hot=false&lazy=true&transform.engine=hermes&transform.routerRoot=app&unstable_transformProfile=hermes-stable:488726
[  938006ms] [ERROR] WebSocket connection to 'ws://localhost:4000/api/v1/realtime/ws?topics=' failed: HTTP Authentication failed; no valid credentials available @ http://localhost:8083/index.ts.bundle?platform=web&dev=true&hot=false&lazy=true&transform.engine=hermes&transform.routerRoot=app&unstable_transformProfile=hermes-stable:488726
[  944796ms] [ERROR] WebSocket connection to 'ws://localhost:4000/api/v1/realtime/ws?topics=' failed: HTTP Authentication failed; no valid credentials available @ http://localhost:8083/index.ts.bundle?platform=web&dev=true&hot=false&lazy=true&transform.engine=hermes&transform.routerRoot=app&unstable_transformProfile=hermes-stable:488726
[  948032ms] [ERROR] WebSocket connection to 'ws://localhost:4000/api/v1/realtime/ws?topics=' failed: HTTP Authentication failed; no valid credentials available @ http://localhost:8083/index.ts.bundle?platform=web&dev=true&hot=false&lazy=true&transform.engine=hermes&transform.routerRoot=app&unstable_transformProfile=hermes-stable:488726
[  954064ms] [ERROR] WebSocket connection to 'ws://localhost:4000/api/v1/realtime/ws?topics=' failed: HTTP Authentication failed; no valid credentials available @ http://localhost:8083/index.ts.bundle?platform=web&dev=true&hot=false&lazy=true&transform.engine=hermes&transform.routerRoot=app&unstable_transformProfile=hermes-stable:488726
[  959138ms] [ERROR] WebSocket connection to 'ws://localhost:4000/api/v1/realtime/ws?topics=' failed: HTTP Authentication failed; no valid credentials available @ http://localhost:8083/index.ts.bundle?platform=web&dev=true&hot=false&lazy=true&transform.engine=hermes&transform.routerRoot=app&unstable_transformProfile=hermes-stable:488726
[  962139ms] [ERROR] WebSocket connection to 'ws://localhost:4000/api/v1/realtime/ws?topics=' failed: HTTP Authentication failed; no valid credentials available @ http://localhost:8083/index.ts.bundle?platform=web&dev=true&hot=false&lazy=true&transform.engine=hermes&transform.routerRoot=app&unstable_transformProfile=hermes-stable:488726
[  962898ms] [INFO] [backendDiagnostics] sync — count=10 error=none baseUrl=http://localhost:4000/api/v1 @ http://localhost:8083/index.ts.bundle?platform=web&dev=true&hot=false&lazy=true&transform.engine=hermes&transform.routerRoot=app&unstable_transformProfile=hermes-stable:124760
[  969329ms] [ERROR] WebSocket connection to 'ws://localhost:4000/api/v1/realtime/ws?topics=' failed: HTTP Authentication failed; no valid credentials available @ http://localhost:8083/index.ts.bundle?platform=web&dev=true&hot=false&lazy=true&transform.engine=hermes&transform.routerRoot=app&unstable_transformProfile=hermes-stable:488726
[  974527ms] [ERROR] WebSocket connection to 'ws://localhost:4000/api/v1/realtime/ws?topics=' failed: HTTP Authentication failed; no valid credentials available @ http://localhost:8083/index.ts.bundle?platform=web&dev=true&hot=false&lazy=true&transform.engine=hermes&transform.routerRoot=app&unstable_transformProfile=hermes-stable:488726
[  979830ms] [ERROR] WebSocket connection to 'ws://localhost:4000/api/v1/realtime/ws?topics=' failed: HTTP Authentication failed; no valid credentials available @ http://localhost:8083/index.ts.bundle?platform=web&dev=true&hot=false&lazy=true&transform.engine=hermes&transform.routerRoot=app&unstable_transformProfile=hermes-stable:488726
[  982217ms] [ERROR] WebSocket connection to 'ws://localhost:4000/api/v1/realtime/ws?topics=' failed: HTTP Authentication failed; no valid credentials available @ http://localhost:8083/index.ts.bundle?platform=web&dev=true&hot=false&lazy=true&transform.engine=hermes&transform.routerRoot=app&unstable_transformProfile=hermes-stable:488726
[  989197ms] [ERROR] WebSocket connection to 'ws://localhost:4000/api/v1/realtime/ws?topics=' failed: HTTP Authentication failed; no valid credentials available @ http://localhost:8083/index.ts.bundle?platform=web&dev=true&hot=false&lazy=true&transform.engine=hermes&transform.routerRoot=app&unstable_transformProfile=hermes-stable:488726
[  994923ms] [ERROR] WebSocket connection to 'ws://localhost:4000/api/v1/realtime/ws?topics=' failed: HTTP Authentication failed; no valid credentials available @ http://localhost:8083/index.ts.bundle?platform=web&dev=true&hot=false&lazy=true&transform.engine=hermes&transform.routerRoot=app&unstable_transformProfile=hermes-stable:488726
[  998616ms] [ERROR] WebSocket connection to 'ws://localhost:4000/api/v1/realtime/ws?topics=' failed: HTTP Authentication failed; no valid credentials available @ http://localhost:8083/index.ts.bundle?platform=web&dev=true&hot=false&lazy=true&transform.engine=hermes&transform.routerRoot=app&unstable_transformProfile=hermes-stable:488726
[ 1002756ms] [ERROR] WebSocket connection to 'ws://localhost:4000/api/v1/realtime/ws?topics=' failed: HTTP Authentication failed; no valid credentials available @ http://localhost:8083/index.ts.bundle?platform=web&dev=true&hot=false&lazy=true&transform.engine=hermes&transform.routerRoot=app&unstable_transformProfile=hermes-stable:488726
[ 1009870ms] [ERROR] WebSocket connection to 'ws://localhost:4000/api/v1/realtime/ws?topics=' failed: HTTP Authentication failed; no valid credentials available @ http://localhost:8083/index.ts.bundle?platform=web&dev=true&hot=false&lazy=true&transform.engine=hermes&transform.routerRoot=app&unstable_transformProfile=hermes-stable:488726
[ 1014852ms] [ERROR] WebSocket connection to 'ws://localhost:4000/api/v1/realtime/ws?topics=' failed: HTTP Authentication failed; no valid credentials available @ http://localhost:8083/index.ts.bundle?platform=web&dev=true&hot=false&lazy=true&transform.engine=hermes&transform.routerRoot=app&unstable_transformProfile=hermes-stable:488726
[ 1017760ms] [ERROR] WebSocket connection to 'ws://localhost:4000/api/v1/realtime/ws?topics=' failed: HTTP Authentication failed; no valid credentials available @ http://localhost:8083/index.ts.bundle?platform=web&dev=true&hot=false&lazy=true&transform.engine=hermes&transform.routerRoot=app&unstable_transformProfile=hermes-stable:488726
[ 1017887ms] [INFO] [backendDiagnostics] sync — count=10 error=none baseUrl=http://localhost:4000/api/v1 @ http://localhost:8083/index.ts.bundle?platform=web&dev=true&hot=false&lazy=true&transform.engine=hermes&transform.routerRoot=app&unstable_transformProfile=hermes-stable:124760
[ 1024204ms] [ERROR] WebSocket connection to 'ws://localhost:4000/api/v1/realtime/ws?topics=' failed: HTTP Authentication failed; no valid credentials available @ http://localhost:8083/index.ts.bundle?platform=web&dev=true&hot=false&lazy=true&transform.engine=hermes&transform.routerRoot=app&unstable_transformProfile=hermes-stable:488726
[ 1027138ms] [ERROR] WebSocket connection to 'ws://localhost:4000/api/v1/realtime/ws?topics=' failed: HTTP Authentication failed; no valid credentials available @ http://localhost:8083/index.ts.bundle?platform=web&dev=true&hot=false&lazy=true&transform.engine=hermes&transform.routerRoot=app&unstable_transformProfile=hermes-stable:488726
[ 1035402ms] [ERROR] WebSocket connection to 'ws://localhost:4000/api/v1/realtime/ws?topics=' failed: HTTP Authentication failed; no valid credentials available @ http://localhost:8083/index.ts.bundle?platform=web&dev=true&hot=false&lazy=true&transform.engine=hermes&transform.routerRoot=app&unstable_transformProfile=hermes-stable:488726
[ 1039555ms] [ERROR] WebSocket connection to 'ws://localhost:4000/api/v1/realtime/ws?topics=' failed: HTTP Authentication failed; no valid credentials available @ http://localhost:8083/index.ts.bundle?platform=web&dev=true&hot=false&lazy=true&transform.engine=hermes&transform.routerRoot=app&unstable_transformProfile=hermes-stable:488726
[ 1041671ms] [ERROR] WebSocket connection to 'ws://localhost:4000/api/v1/realtime/ws?topics=' failed: HTTP Authentication failed; no valid credentials available @ http://localhost:8083/index.ts.bundle?platform=web&dev=true&hot=false&lazy=true&transform.engine=hermes&transform.routerRoot=app&unstable_transformProfile=hermes-stable:488726
[ 1049526ms] [ERROR] WebSocket connection to 'ws://localhost:4000/api/v1/realtime/ws?topics=' failed: HTTP Authentication failed; no valid credentials available @ http://localhost:8083/index.ts.bundle?platform=web&dev=true&hot=false&lazy=true&transform.engine=hermes&transform.routerRoot=app&unstable_transformProfile=hermes-stable:488726
[ 1052668ms] [ERROR] WebSocket connection to 'ws://localhost:4000/api/v1/realtime/ws?topics=' failed: HTTP Authentication failed; no valid credentials available @ http://localhost:8083/index.ts.bundle?platform=web&dev=true&hot=false&lazy=true&transform.engine=hermes&transform.routerRoot=app&unstable_transformProfile=hermes-stable:488726
[ 1056575ms] [ERROR] WebSocket connection to 'ws://localhost:4000/api/v1/realtime/ws?topics=' failed: HTTP Authentication failed; no valid credentials available @ http://localhost:8083/index.ts.bundle?platform=web&dev=true&hot=false&lazy=true&transform.engine=hermes&transform.routerRoot=app&unstable_transformProfile=hermes-stable:488726
[ 1061650ms] [ERROR] WebSocket connection to 'ws://localhost:4000/api/v1/realtime/ws?topics=' failed: HTTP Authentication failed; no valid credentials available @ http://localhost:8083/index.ts.bundle?platform=web&dev=true&hot=false&lazy=true&transform.engine=hermes&transform.routerRoot=app&unstable_transformProfile=hermes-stable:488726
[ 1069357ms] [ERROR] WebSocket connection to 'ws://localhost:4000/api/v1/realtime/ws?topics=' failed: HTTP Authentication failed; no valid credentials available @ http://localhost:8083/index.ts.bundle?platform=web&dev=true&hot=false&lazy=true&transform.engine=hermes&transform.routerRoot=app&unstable_transformProfile=hermes-stable:488726
[ 1072174ms] [ERROR] WebSocket connection to 'ws://localhost:4000/api/v1/realtime/ws?topics=' failed: HTTP Authentication failed; no valid credentials available @ http://localhost:8083/index.ts.bundle?platform=web&dev=true&hot=false&lazy=true&transform.engine=hermes&transform.routerRoot=app&unstable_transformProfile=hermes-stable:488726
[ 1072889ms] [INFO] [backendDiagnostics] sync — count=10 error=none baseUrl=http://localhost:4000/api/v1 @ http://localhost:8083/index.ts.bundle?platform=web&dev=true&hot=false&lazy=true&transform.engine=hermes&transform.routerRoot=app&unstable_transformProfile=hermes-stable:124760
[ 1080387ms] [ERROR] WebSocket connection to 'ws://localhost:4000/api/v1/realtime/ws?topics=' failed: HTTP Authentication failed; no valid credentials available @ http://localhost:8083/index.ts.bundle?platform=web&dev=true&hot=false&lazy=true&transform.engine=hermes&transform.routerRoot=app&unstable_transformProfile=hermes-stable:488726
[ 1083920ms] [ERROR] WebSocket connection to 'ws://localhost:4000/api/v1/realtime/ws?topics=' failed: HTTP Authentication failed; no valid credentials available @ http://localhost:8083/index.ts.bundle?platform=web&dev=true&hot=false&lazy=true&transform.engine=hermes&transform.routerRoot=app&unstable_transformProfile=hermes-stable:488726
[ 1089260ms] [ERROR] WebSocket connection to 'ws://localhost:4000/api/v1/realtime/ws?topics=' failed: HTTP Authentication failed; no valid credentials available @ http://localhost:8083/index.ts.bundle?platform=web&dev=true&hot=false&lazy=true&transform.engine=hermes&transform.routerRoot=app&unstable_transformProfile=hermes-stable:488726
[ 1091767ms] [ERROR] WebSocket connection to 'ws://localhost:4000/api/v1/realtime/ws?topics=' failed: HTTP Authentication failed; no valid credentials available @ http://localhost:8083/index.ts.bundle?platform=web&dev=true&hot=false&lazy=true&transform.engine=hermes&transform.routerRoot=app&unstable_transformProfile=hermes-stable:488726
[ 1100329ms] [ERROR] WebSocket connection to 'ws://localhost:4000/api/v1/realtime/ws?topics=' failed: HTTP Authentication failed; no valid credentials available @ http://localhost:8083/index.ts.bundle?platform=web&dev=true&hot=false&lazy=true&transform.engine=hermes&transform.routerRoot=app&unstable_transformProfile=hermes-stable:488726
[ 1103750ms] [ERROR] WebSocket connection to 'ws://localhost:4000/api/v1/realtime/ws?topics=' failed: HTTP Authentication failed; no valid credentials available @ http://localhost:8083/index.ts.bundle?platform=web&dev=true&hot=false&lazy=true&transform.engine=hermes&transform.routerRoot=app&unstable_transformProfile=hermes-stable:488726
[ 1108560ms] [ERROR] WebSocket connection to 'ws://localhost:4000/api/v1/realtime/ws?topics=' failed: HTTP Authentication failed; no valid credentials available @ http://localhost:8083/index.ts.bundle?platform=web&dev=true&hot=false&lazy=true&transform.engine=hermes&transform.routerRoot=app&unstable_transformProfile=hermes-stable:488726
[ 1114352ms] [ERROR] WebSocket connection to 'ws://localhost:4000/api/v1/realtime/ws?topics=' failed: HTTP Authentication failed; no valid credentials available @ http://localhost:8083/index.ts.bundle?platform=web&dev=true&hot=false&lazy=true&transform.engine=hermes&transform.routerRoot=app&unstable_transformProfile=hermes-stable:488726
[ 1120016ms] [ERROR] WebSocket connection to 'ws://localhost:4000/api/v1/realtime/ws?topics=' failed: HTTP Authentication failed; no valid credentials available @ http://localhost:8083/index.ts.bundle?platform=web&dev=true&hot=false&lazy=true&transform.engine=hermes&transform.routerRoot=app&unstable_transformProfile=hermes-stable:488726
[ 1122557ms] [ERROR] WebSocket connection to 'ws://localhost:4000/api/v1/realtime/ws?topics=' failed: HTTP Authentication failed; no valid credentials available @ http://localhost:8083/index.ts.bundle?platform=web&dev=true&hot=false&lazy=true&transform.engine=hermes&transform.routerRoot=app&unstable_transformProfile=hermes-stable:488726
[ 1127900ms] [INFO] [backendDiagnostics] sync — count=10 error=none baseUrl=http://localhost:4000/api/v1 @ http://localhost:8083/index.ts.bundle?platform=web&dev=true&hot=false&lazy=true&transform.engine=hermes&transform.routerRoot=app&unstable_transformProfile=hermes-stable:124760
[ 1127997ms] [ERROR] WebSocket connection to 'ws://localhost:4000/api/v1/realtime/ws?topics=' failed: HTTP Authentication failed; no valid credentials available @ http://localhost:8083/index.ts.bundle?platform=web&dev=true&hot=false&lazy=true&transform.engine=hermes&transform.routerRoot=app&unstable_transformProfile=hermes-stable:488726
[ 1134593ms] [ERROR] WebSocket connection to 'ws://localhost:4000/api/v1/realtime/ws?topics=' failed: HTTP Authentication failed; no valid credentials available @ http://localhost:8083/index.ts.bundle?platform=web&dev=true&hot=false&lazy=true&transform.engine=hermes&transform.routerRoot=app&unstable_transformProfile=hermes-stable:488726
[ 1139553ms] [ERROR] WebSocket connection to 'ws://localhost:4000/api/v1/realtime/ws?topics=' failed: HTTP Authentication failed; no valid credentials available @ http://localhost:8083/index.ts.bundle?platform=web&dev=true&hot=false&lazy=true&transform.engine=hermes&transform.routerRoot=app&unstable_transformProfile=hermes-stable:488726
[ 1142920ms] [ERROR] WebSocket connection to 'ws://localhost:4000/api/v1/realtime/ws?topics=' failed: HTTP Authentication failed; no valid credentials available @ http://localhost:8083/index.ts.bundle?platform=web&dev=true&hot=false&lazy=true&transform.engine=hermes&transform.routerRoot=app&unstable_transformProfile=hermes-stable:488726
[ 1147681ms] [ERROR] WebSocket connection to 'ws://localhost:4000/api/v1/realtime/ws?topics=' failed: HTTP Authentication failed; no valid credentials available @ http://localhost:8083/index.ts.bundle?platform=web&dev=true&hot=false&lazy=true&transform.engine=hermes&transform.routerRoot=app&unstable_transformProfile=hermes-stable:488726
[ 1154821ms] [ERROR] WebSocket connection to 'ws://localhost:4000/api/v1/realtime/ws?topics=' failed: HTTP Authentication failed; no valid credentials available @ http://localhost:8083/index.ts.bundle?platform=web&dev=true&hot=false&lazy=true&transform.engine=hermes&transform.routerRoot=app&unstable_transformProfile=hermes-stable:488726
[ 1157391ms] [ERROR] WebSocket connection to 'ws://localhost:4000/api/v1/realtime/ws?topics=' failed: HTTP Authentication failed; no valid credentials available @ http://localhost:8083/index.ts.bundle?platform=web&dev=true&hot=false&lazy=true&transform.engine=hermes&transform.routerRoot=app&unstable_transformProfile=hermes-stable:488726
[ 1162127ms] [ERROR] WebSocket connection to 'ws://localhost:4000/api/v1/realtime/ws?topics=' failed: HTTP Authentication failed; no valid credentials available @ http://localhost:8083/index.ts.bundle?platform=web&dev=true&hot=false&lazy=true&transform.engine=hermes&transform.routerRoot=app&unstable_transformProfile=hermes-stable:488726
[ 1170164ms] [ERROR] WebSocket connection to 'ws://localhost:4000/api/v1/realtime/ws?topics=' failed: HTTP Authentication failed; no valid credentials available @ http://localhost:8083/index.ts.bundle?platform=web&dev=true&hot=false&lazy=true&transform.engine=hermes&transform.routerRoot=app&unstable_transformProfile=hermes-stable:488726
[ 1174053ms] [ERROR] WebSocket connection to 'ws://localhost:4000/api/v1/realtime/ws?topics=' failed: HTTP Authentication failed; no valid credentials available @ http://localhost:8083/index.ts.bundle?platform=web&dev=true&hot=false&lazy=true&transform.engine=hermes&transform.routerRoot=app&unstable_transformProfile=hermes-stable:488726
[ 1178260ms] [ERROR] WebSocket connection to 'ws://localhost:4000/api/v1/realtime/ws?topics=' failed: HTTP Authentication failed; no valid credentials available @ http://localhost:8083/index.ts.bundle?platform=web&dev=true&hot=false&lazy=true&transform.engine=hermes&transform.routerRoot=app&unstable_transformProfile=hermes-stable:488726
[ 1182885ms] [INFO] [backendDiagnostics] sync — count=10 error=none baseUrl=http://localhost:4000/api/v1 @ http://localhost:8083/index.ts.bundle?platform=web&dev=true&hot=false&lazy=true&transform.engine=hermes&transform.routerRoot=app&unstable_transformProfile=hermes-stable:124760
[ 1183627ms] [ERROR] WebSocket connection to 'ws://localhost:4000/api/v1/realtime/ws?topics=' failed: HTTP Authentication failed; no valid credentials available @ http://localhost:8083/index.ts.bundle?platform=web&dev=true&hot=false&lazy=true&transform.engine=hermes&transform.routerRoot=app&unstable_transformProfile=hermes-stable:488726
[ 1189391ms] [ERROR] WebSocket connection to 'ws://localhost:4000/api/v1/realtime/ws?topics=' failed: HTTP Authentication failed; no valid credentials available @ http://localhost:8083/index.ts.bundle?platform=web&dev=true&hot=false&lazy=true&transform.engine=hermes&transform.routerRoot=app&unstable_transformProfile=hermes-stable:488726
[ 1192562ms] [ERROR] WebSocket connection to 'ws://localhost:4000/api/v1/realtime/ws?topics=' failed: HTTP Authentication failed; no valid credentials available @ http://localhost:8083/index.ts.bundle?platform=web&dev=true&hot=false&lazy=true&transform.engine=hermes&transform.routerRoot=app&unstable_transformProfile=hermes-stable:488726
[ 1196582ms] [ERROR] WebSocket connection to 'ws://localhost:4000/api/v1/realtime/ws?topics=' failed: HTTP Authentication failed; no valid credentials available @ http://localhost:8083/index.ts.bundle?platform=web&dev=true&hot=false&lazy=true&transform.engine=hermes&transform.routerRoot=app&unstable_transformProfile=hermes-stable:488726
[ 1204371ms] [ERROR] WebSocket connection to 'ws://localhost:4000/api/v1/realtime/ws?topics=' failed: HTTP Authentication failed; no valid credentials available @ http://localhost:8083/index.ts.bundle?platform=web&dev=true&hot=false&lazy=true&transform.engine=hermes&transform.routerRoot=app&unstable_transformProfile=hermes-stable:488726
[ 1207576ms] [ERROR] WebSocket connection to 'ws://localhost:4000/api/v1/realtime/ws?topics=' failed: HTTP Authentication failed; no valid credentials available @ http://localhost:8083/index.ts.bundle?platform=web&dev=true&hot=false&lazy=true&transform.engine=hermes&transform.routerRoot=app&unstable_transformProfile=hermes-stable:488726
[ 1215183ms] [ERROR] WebSocket connection to 'ws://localhost:4000/api/v1/realtime/ws?topics=' failed: HTTP Authentication failed; no valid credentials available @ http://localhost:8083/index.ts.bundle?platform=web&dev=true&hot=false&lazy=true&transform.engine=hermes&transform.routerRoot=app&unstable_transformProfile=hermes-stable:488726
[ 1219617ms] [ERROR] WebSocket connection to 'ws://localhost:4000/api/v1/realtime/ws?topics=' failed: HTTP Authentication failed; no valid credentials available @ http://localhost:8083/index.ts.bundle?platform=web&dev=true&hot=false&lazy=true&transform.engine=hermes&transform.routerRoot=app&unstable_transformProfile=hermes-stable:488726
[ 1222824ms] [ERROR] WebSocket connection to 'ws://localhost:4000/api/v1/realtime/ws?topics=' failed: HTTP Authentication failed; no valid credentials available @ http://localhost:8083/index.ts.bundle?platform=web&dev=true&hot=false&lazy=true&transform.engine=hermes&transform.routerRoot=app&unstable_transformProfile=hermes-stable:488726
[ 1228130ms] [ERROR] WebSocket connection to 'ws://localhost:4000/api/v1/realtime/ws?topics=' failed: HTTP Authentication failed; no valid credentials available @ http://localhost:8083/index.ts.bundle?platform=web&dev=true&hot=false&lazy=true&transform.engine=hermes&transform.routerRoot=app&unstable_transformProfile=hermes-stable:488726
[ 1233833ms] [ERROR] WebSocket connection to 'ws://localhost:4000/api/v1/realtime/ws?topics=' failed: HTTP Authentication failed; no valid credentials available @ http://localhost:8083/index.ts.bundle?platform=web&dev=true&hot=false&lazy=true&transform.engine=hermes&transform.routerRoot=app&unstable_transformProfile=hermes-stable:488726
[ 1236798ms] [ERROR] WebSocket connection to 'ws://localhost:4000/api/v1/realtime/ws?topics=' failed: HTTP Authentication failed; no valid credentials available @ http://localhost:8083/index.ts.bundle?platform=web&dev=true&hot=false&lazy=true&transform.engine=hermes&transform.routerRoot=app&unstable_transformProfile=hermes-stable:488726
[ 1237889ms] [INFO] [backendDiagnostics] sync — count=10 error=none baseUrl=http://localhost:4000/api/v1 @ http://localhost:8083/index.ts.bundle?platform=web&dev=true&hot=false&lazy=true&transform.engine=hermes&transform.routerRoot=app&unstable_transformProfile=hermes-stable:124760
[ 1242371ms] [ERROR] WebSocket connection to 'ws://localhost:4000/api/v1/realtime/ws?topics=' failed: HTTP Authentication failed; no valid credentials available @ http://localhost:8083/index.ts.bundle?platform=web&dev=true&hot=false&lazy=true&transform.engine=hermes&transform.routerRoot=app&unstable_transformProfile=hermes-stable:488726
[ 1248599ms] [ERROR] WebSocket connection to 'ws://localhost:4000/api/v1/realtime/ws?topics=' failed: HTTP Authentication failed; no valid credentials available @ http://localhost:8083/index.ts.bundle?platform=web&dev=true&hot=false&lazy=true&transform.engine=hermes&transform.routerRoot=app&unstable_transformProfile=hermes-stable:488726
[ 1253867ms] [ERROR] WebSocket connection to 'ws://localhost:4000/api/v1/realtime/ws?topics=' failed: HTTP Authentication failed; no valid credentials available @ http://localhost:8083/index.ts.bundle?platform=web&dev=true&hot=false&lazy=true&transform.engine=hermes&transform.routerRoot=app&unstable_transformProfile=hermes-stable:488726
[ 1260244ms] [ERROR] WebSocket connection to 'ws://localhost:4000/api/v1/realtime/ws?topics=' failed: HTTP Authentication failed; no valid credentials available @ http://localhost:8083/index.ts.bundle?platform=web&dev=true&hot=false&lazy=true&transform.engine=hermes&transform.routerRoot=app&unstable_transformProfile=hermes-stable:488726
[ 1262481ms] [ERROR] WebSocket connection to 'ws://localhost:4000/api/v1/realtime/ws?topics=' failed: HTTP Authentication failed; no valid credentials available @ http://localhost:8083/index.ts.bundle?platform=web&dev=true&hot=false&lazy=true&transform.engine=hermes&transform.routerRoot=app&unstable_transformProfile=hermes-stable:488726
[ 1268336ms] [ERROR] WebSocket connection to 'ws://localhost:4000/api/v1/realtime/ws?topics=' failed: HTTP Authentication failed; no valid credentials available @ http://localhost:8083/index.ts.bundle?platform=web&dev=true&hot=false&lazy=true&transform.engine=hermes&transform.routerRoot=app&unstable_transformProfile=hermes-stable:488726
[ 1272924ms] [ERROR] WebSocket connection to 'ws://localhost:4000/api/v1/realtime/ws?topics=' failed: HTTP Authentication failed; no valid credentials available @ http://localhost:8083/index.ts.bundle?platform=web&dev=true&hot=false&lazy=true&transform.engine=hermes&transform.routerRoot=app&unstable_transformProfile=hermes-stable:488726
[ 1280494ms] [ERROR] WebSocket connection to 'ws://localhost:4000/api/v1/realtime/ws?topics=' failed: HTTP Authentication failed; no valid credentials available @ http://localhost:8083/index.ts.bundle?platform=web&dev=true&hot=false&lazy=true&transform.engine=hermes&transform.routerRoot=app&unstable_transformProfile=hermes-stable:488726
[ 1284248ms] [ERROR] WebSocket connection to 'ws://localhost:4000/api/v1/realtime/ws?topics=' failed: HTTP Authentication failed; no valid credentials available @ http://localhost:8083/index.ts.bundle?platform=web&dev=true&hot=false&lazy=true&transform.engine=hermes&transform.routerRoot=app&unstable_transformProfile=hermes-stable:488726
[ 1287523ms] [ERROR] WebSocket connection to 'ws://localhost:4000/api/v1/realtime/ws?topics=' failed: HTTP Authentication failed; no valid credentials available @ http://localhost:8083/index.ts.bundle?platform=web&dev=true&hot=false&lazy=true&transform.engine=hermes&transform.routerRoot=app&unstable_transformProfile=hermes-stable:488726
[ 1292945ms] [INFO] [backendDiagnostics] sync — count=10 error=none baseUrl=http://localhost:4000/api/v1 @ http://localhost:8083/index.ts.bundle?platform=web&dev=true&hot=false&lazy=true&transform.engine=hermes&transform.routerRoot=app&unstable_transformProfile=hermes-stable:124760
[ 1293152ms] [ERROR] WebSocket connection to 'ws://localhost:4000/api/v1/realtime/ws?topics=' failed: HTTP Authentication failed; no valid credentials available @ http://localhost:8083/index.ts.bundle?platform=web&dev=true&hot=false&lazy=true&transform.engine=hermes&transform.routerRoot=app&unstable_transformProfile=hermes-stable:488726
[ 1300453ms] [ERROR] WebSocket connection to 'ws://localhost:4000/api/v1/realtime/ws?topics=' failed: HTTP Authentication failed; no valid credentials available @ http://localhost:8083/index.ts.bundle?platform=web&dev=true&hot=false&lazy=true&transform.engine=hermes&transform.routerRoot=app&unstable_transformProfile=hermes-stable:488726
[ 1303227ms] [ERROR] WebSocket connection to 'ws://localhost:4000/api/v1/realtime/ws?topics=' failed: HTTP Authentication failed; no valid credentials available @ http://localhost:8083/index.ts.bundle?platform=web&dev=true&hot=false&lazy=true&transform.engine=hermes&transform.routerRoot=app&unstable_transformProfile=hermes-stable:488726
[ 1306875ms] [ERROR] WebSocket connection to 'ws://localhost:4000/api/v1/realtime/ws?topics=' failed: HTTP Authentication failed; no valid credentials available @ http://localhost:8083/index.ts.bundle?platform=web&dev=true&hot=false&lazy=true&transform.engine=hermes&transform.routerRoot=app&unstable_transformProfile=hermes-stable:488726
[ 1314829ms] [ERROR] WebSocket connection to 'ws://localhost:4000/api/v1/realtime/ws?topics=' failed: HTTP Authentication failed; no valid credentials available @ http://localhost:8083/index.ts.bundle?platform=web&dev=true&hot=false&lazy=true&transform.engine=hermes&transform.routerRoot=app&unstable_transformProfile=hermes-stable:488726
[ 1317965ms] [ERROR] WebSocket connection to 'ws://localhost:4000/api/v1/realtime/ws?topics=' failed: HTTP Authentication failed; no valid credentials available @ http://localhost:8083/index.ts.bundle?platform=web&dev=true&hot=false&lazy=true&transform.engine=hermes&transform.routerRoot=app&unstable_transformProfile=hermes-stable:488726
[ 1324134ms] [ERROR] WebSocket connection to 'ws://localhost:4000/api/v1/realtime/ws?topics=' failed: HTTP Authentication failed; no valid credentials available @ http://localhost:8083/index.ts.bundle?platform=web&dev=true&hot=false&lazy=true&transform.engine=hermes&transform.routerRoot=app&unstable_transformProfile=hermes-stable:488726
[ 1327268ms] [ERROR] WebSocket connection to 'ws://localhost:4000/api/v1/realtime/ws?topics=' failed: HTTP Authentication failed; no valid credentials available @ http://localhost:8083/index.ts.bundle?platform=web&dev=true&hot=false&lazy=true&transform.engine=hermes&transform.routerRoot=app&unstable_transformProfile=hermes-stable:488726
[ 1334491ms] [ERROR] WebSocket connection to 'ws://localhost:4000/api/v1/realtime/ws?topics=' failed: HTTP Authentication failed; no valid credentials available @ http://localhost:8083/index.ts.bundle?platform=web&dev=true&hot=false&lazy=true&transform.engine=hermes&transform.routerRoot=app&unstable_transformProfile=hermes-stable:488726
[ 1336856ms] [ERROR] WebSocket connection to 'ws://localhost:4000/api/v1/realtime/ws?topics=' failed: HTTP Authentication failed; no valid credentials available @ http://localhost:8083/index.ts.bundle?platform=web&dev=true&hot=false&lazy=true&transform.engine=hermes&transform.routerRoot=app&unstable_transformProfile=hermes-stable:488726
[ 1342124ms] [ERROR] WebSocket connection to 'ws://localhost:4000/api/v1/realtime/ws?topics=' failed: HTTP Authentication failed; no valid credentials available @ http://localhost:8083/index.ts.bundle?platform=web&dev=true&hot=false&lazy=true&transform.engine=hermes&transform.routerRoot=app&unstable_transformProfile=hermes-stable:488726
[ 1347900ms] [INFO] [backendDiagnostics] sync — count=10 error=none baseUrl=http://localhost:4000/api/v1 @ http://localhost:8083/index.ts.bundle?platform=web&dev=true&hot=false&lazy=true&transform.engine=hermes&transform.routerRoot=app&unstable_transformProfile=hermes-stable:124760
[ 1348899ms] [ERROR] WebSocket connection to 'ws://localhost:4000/api/v1/realtime/ws?topics=' failed: HTTP Authentication failed; no valid credentials available @ http://localhost:8083/index.ts.bundle?platform=web&dev=true&hot=false&lazy=true&transform.engine=hermes&transform.routerRoot=app&unstable_transformProfile=hermes-stable:488726
[ 1354162ms] [ERROR] WebSocket connection to 'ws://localhost:4000/api/v1/realtime/ws?topics=' failed: HTTP Authentication failed; no valid credentials available @ http://localhost:8083/index.ts.bundle?platform=web&dev=true&hot=false&lazy=true&transform.engine=hermes&transform.routerRoot=app&unstable_transformProfile=hermes-stable:488726
[ 1357519ms] [ERROR] WebSocket connection to 'ws://localhost:4000/api/v1/realtime/ws?topics=' failed: HTTP Authentication failed; no valid credentials available @ http://localhost:8083/index.ts.bundle?platform=web&dev=true&hot=false&lazy=true&transform.engine=hermes&transform.routerRoot=app&unstable_transformProfile=hermes-stable:488726
[ 1362315ms] [ERROR] WebSocket connection to 'ws://localhost:4000/api/v1/realtime/ws?topics=' failed: HTTP Authentication failed; no valid credentials available @ http://localhost:8083/index.ts.bundle?platform=web&dev=true&hot=false&lazy=true&transform.engine=hermes&transform.routerRoot=app&unstable_transformProfile=hermes-stable:488726
[ 1368409ms] [ERROR] WebSocket connection to 'ws://localhost:4000/api/v1/realtime/ws?topics=' failed: HTTP Authentication failed; no valid credentials available @ http://localhost:8083/index.ts.bundle?platform=web&dev=true&hot=false&lazy=true&transform.engine=hermes&transform.routerRoot=app&unstable_transformProfile=hermes-stable:488726
[ 1373890ms] [ERROR] WebSocket connection to 'ws://localhost:4000/api/v1/realtime/ws?topics=' failed: HTTP Authentication failed; no valid credentials available @ http://localhost:8083/index.ts.bundle?platform=web&dev=true&hot=false&lazy=true&transform.engine=hermes&transform.routerRoot=app&unstable_transformProfile=hermes-stable:488726
[ 1377603ms] [ERROR] WebSocket connection to 'ws://localhost:4000/api/v1/realtime/ws?topics=' failed: HTTP Authentication failed; no valid credentials available @ http://localhost:8083/index.ts.bundle?platform=web&dev=true&hot=false&lazy=true&transform.engine=hermes&transform.routerRoot=app&unstable_transformProfile=hermes-stable:488726
[ 1381704ms] [ERROR] WebSocket connection to 'ws://localhost:4000/api/v1/realtime/ws?topics=' failed: HTTP Authentication failed; no valid credentials available @ http://localhost:8083/index.ts.bundle?platform=web&dev=true&hot=false&lazy=true&transform.engine=hermes&transform.routerRoot=app&unstable_transformProfile=hermes-stable:488726
[ 1387410ms] [ERROR] WebSocket connection to 'ws://localhost:4000/api/v1/realtime/ws?topics=' failed: HTTP Authentication failed; no valid credentials available @ http://localhost:8083/index.ts.bundle?platform=web&dev=true&hot=false&lazy=true&transform.engine=hermes&transform.routerRoot=app&unstable_transformProfile=hermes-stable:488726
[ 1393034ms] [ERROR] WebSocket connection to 'ws://localhost:4000/api/v1/realtime/ws?topics=' failed: HTTP Authentication failed; no valid credentials available @ http://localhost:8083/index.ts.bundle?platform=web&dev=true&hot=false&lazy=true&transform.engine=hermes&transform.routerRoot=app&unstable_transformProfile=hermes-stable:488726
[ 1400339ms] [ERROR] WebSocket connection to 'ws://localhost:4000/api/v1/realtime/ws?topics=' failed: HTTP Authentication failed; no valid credentials available @ http://localhost:8083/index.ts.bundle?platform=web&dev=true&hot=false&lazy=true&transform.engine=hermes&transform.routerRoot=app&unstable_transformProfile=hermes-stable:488726
[ 1402127ms] [ERROR] WebSocket connection to 'ws://localhost:4000/api/v1/realtime/ws?topics=' failed: HTTP Authentication failed; no valid credentials available @ http://localhost:8083/index.ts.bundle?platform=web&dev=true&hot=false&lazy=true&transform.engine=hermes&transform.routerRoot=app&unstable_transformProfile=hermes-stable:488726
