tree
version=v4
num_class=1
num_tree_per_iteration=1
label_index=0
max_feature_idx=6
objective=rank_xendcg
feature_names=Column_0 Column_1 Column_2 Column_3 Column_4 Column_5 Column_6
feature_infos=[0:0.94848399999999999] [0:0.90866199999999997] [0.086767999999999998:0.998645] [0.11736000000000001:0.99641500000000005] [0.29999999999999999:0.97950000000000004] [0.0001:0.94999999999999996] [0.40010000000000001:0.94999999999999996]
tree_sizes=3288 3136 3229 3244 3337 3226 3287 3119 3176 3234 3261 3208 3247 3202 3287 3301 3228 3281 3238 3206 3191 3187 3218 3241 3177 3192 3290 3184 3204 3186 3240 3245 3229 3175 3233 3208 3214 3209 3169 3169 3203 3189 3216 3224 3277 3206 3169 3228 3111 3200 3208 3210 3152 3213 3163 3206 3186 3263 3143 3148 3239 3195 3151 3228 3149 3164 3221 3157 3201 3188 3123 3146 3224 3248 3165 3287 3225 3179 3294 3179 3125 3225 3137 3164 3231 3205 3179 3246 3136 3245 3144 3161 3189 3214 3177 3154 3150 3150 3173 3191

Tree=0
num_leaves=31
num_cat=0
split_feature=4 5 1 1 6 3 2 2 5 3 1 5 1 4 5 6 6 3 3 6 3 3 6 3 4 4 6 3 1 3
split_gain=1.53103 1.08926 0.597776 0.338624 0.294173 0.286625 0.286515 0.221473 0.142194 0.11961 0.113072 0.110998 0.102416 0.0833553 0.0832367 0.0752304 0.0699231 0.0650895 0.050438 0.0644019 0.0374976 0.0371253 0.0652696 0.0771242 0.0631977 0.0335393 0.03216 0.0305649 0.025781 0.0247436
threshold=0.47575000000000006 0.66820000000000013 0.44568900000000006 0.52966300000000011 0.55125000000000013 0.85590850000000007 0.30474850000000003 0.49695200000000006 0.30810000000000004 0.21480600000000002 0.10507100000000001 0.90690000000000015 0.28624650000000007 0.74405000000000021 0.48495000000000005 0.59560000000000013 0.87465000000000015 0.30367200000000005 0.49136650000000004 0.82520000000000004 0.55771300000000013 0.19518400000000005 0.67410000000000014 0.63888100000000014 0.92035000000000011 0.5071500000000001 0.90460000000000007 0.85590850000000007 0.18968350000000003 0.58123800000000003
decision_type=2 2 2 2 2 2 2 2 2 2 2 2 2 2 2 2 2 2 2 2 2 2 2 2 2 2 2 2 2 2
left_child=3 2 5 11 12 7 17 10 -4 -8 -2 16 29 14 25 -7 27 -6 19 -12 26 -15 -23 24 -24 -9 -18 -1 -16 -3
right_child=1 4 8 -5 6 15 9 13 -10 -11 18 -13 -14 21 28 -17 20 -19 -20 -21 -22 22 23 -25 -26 -27 -28 -29 -30 -31
leaf_value=-0.018854051978092558 -0.018231675599893856 -0.0066594617618225445 0.0046944431718160418 0.0051526377394691776 -0.0057076374962711438 0 0.009936032044055132 0 0.023016451876145642 0.030282873026593549 -0.01191767136634741 0.00041599206490741496 0.015247572884196059 -0.002474264193835219 0 0.022014144123831195 0 0.010892535824887369 0.0006983460757137833 0.00040112307667819057 0.0002797569473752074 0 0.017792528888361178 0 0 -0.010185270233003224 -0.014554642659788876 -0.0029303136703277503 0.0086729233877814414 0.0012579090555689884
leaf_weight=10.639999866485594 3.704999953508386 1.4724999815225599 3.1349999606609336 1.9474999755620945 0.8074999898672085 0.47499999403953452 1.8999999761581419 0.85499998927116205 2.8024999648332596 5.937499925494194 2.5174999684095387 0.4749999940395363 1.0449999868869779 1.4724999815225599 1.7099999785423281 1.1874999850988386 0.75999999046325795 1.0449999868869779 1.4249999821186063 0.56999999284744252 0.61749999225139607 2.4699999690055847 1.9474999755620963 0.75999999046325672 0.75999999046325672 4.2749999463558197 0.94999998807907104 1.1399999856948841 0.80749998986721028 0.66499999165534962
leaf_count=224 78 31 66 41 17 10 40 18 59 125 53 10 22 31 36 25 16 22 30 12 13 52 41 16 16 90 20 24 17 14
internal_value=0.00043053 0.00540884 0.000136176 -0.0123975 0.0175715 -0.00310629 0.0219609 -0.00472687 0.0144086 0.0261675 -0.0113294 -0.0151009 0.00242156 -0.000742761 -0.00462509 0.0157259 -0.0159746 0.00117402 -0.00430586 -0.00813357 -0.00446252 0.00260646 0.00471475 0.00913007 0.0132137 -0.00841119 -0.00885829 -0.0177716 0.00120636 -0.00201551
internal_weight=60.2775 43.7475 30.875 16.53 12.8725 24.9375 9.69 23.275 5.9375 7.8375 8.2175 14.5825 3.1825 15.0575 7.6475 1.6625 14.1075 1.8525 4.5125 3.0875 2.3275 7.41 5.9375 3.4675 2.7075 5.13 1.71 11.78 2.5175 2.1375
internal_count=1269 921 650 348 271 525 204 490 125 165 173 307 67 317 161 35 297 39 95 65 49 156 125 73 57 108 36 248 53 45
is_linear=0
shrinkage=0.05


Tree=1
num_leaves=31
num_cat=0
split_feature=4 5 1 1 1 3 3 2 5 4 5 5 4 2 4 5 4 4 2 4 3 1 5 2 4 2 5 5 5 1
split_gain=1.41244 1.02238 0.563465 0.320476 0.252924 0.237794 0.221442 0.173787 0.15231 0.143987 0.114922 0.109845 0.0897761 0.0744206 0.0594502 0.0596468 0.0515812 0.0510788 0.0436092 0.0411197 0.0401484 0.0339686 0.0469795 0.0310902 0.0305141 0.0259426 0.0181052 0.0161695 0.0195942 0.0154393
threshold=0.47575000000000006 0.66820000000000013 0.44568900000000006 0.52966300000000011 0.39820000000000005 0.48745750000000004 0.21480600000000002 0.49695200000000006 0.5847500000000001 0.73850000000000005 0.30810000000000004 0.89085000000000003 0.77180000000000015 0.37823500000000004 0.78195000000000003 0.49175000000000008 0.5264500000000002 0.91800000000000015 0.15342700000000001 0.71825000000000017 0.17501250000000004 0.23170000000000004 0.049550000000000004 0.40882600000000008 0.82635000000000014 0.30474850000000003 0.048850000000000011 0.45905000000000007 0.1193 0.24118000000000003
decision_type=2 2 2 2 2 2 2 2 2 2 2 2 2 2 2 2 2 2 2 2 2 2 2 2 2 2 2 2 2 2
left_child=3 2 5 11 6 7 19 -2 9 21 26 18 25 -14 15 16 -9 27 -1 -3 -21 22 -7 -6 -16 -8 -4 28 -11 -18
right_child=1 4 10 -5 23 8 12 14 -10 17 -12 -13 13 -15 24 -17 29 -19 -20 20 -22 -23 -24 -25 -26 -27 -28 -29 -30 -31
leaf_value=0 -0.01394531740806884 -0.0056253963540792949 0 0.0050625038685872398 0.0064201033922321391 0 0 0 0.019465848768991441 0 0.021649878604990656 0 0.00037763445404131768 0.028479517900657166 0.0081686792838537581 0 -0.01397317265302284 0 -0.016136306989541979 0.013842327184445911 0 0 -0.013470857598498035 0.035613006836081033 0 0.011364301328623372 0.0067005667019742216 0 0.014282009225029963 0
leaf_weight=0.51806301996111948 5.6355859674513438 1.3826968036591991 0.57001549750566427 1.9496819749474514 0.62101064622402136 0.5219854973256578 0.86297032237052906 0.94840582087635805 1.1473312899470327 0.90828237310051996 2.8533288761973381 0.61493506282568056 0.67277351766824756 2.5253188721835613 1.1481315270066259 1.9058957286179063 2.5498354658484463 0.71187999472022045 13.255184058099983 0.7154601067304609 0.76218748092651367 0.9488011673092841 1.9365359060466287 2.1783744841814041 3.2337973862886429 3.3484370559453964 2.5670598894357681 0.48012797534465779 1.909478075802326 0.89586560055613507
leaf_count=11 120 29 12 41 13 11 18 20 24 19 59 13 14 52 24 40 54 15 283 15 16 20 41 45 68 69 54 10 40 19
internal_value=0.000471943 0.00521858 7.92575e-05 -0.0119443 0.0168863 -0.0030827 0.0122095 -0.00671382 0.00325613 0 0.0138688 -0.014613 0.0167205 0.0242745 -0.00234093 -0.0056001 -0.00882278 0.0068489 -0.015582 0 0.00595142 -0.00690422 -0.00992658 0.0313062 0.00124966 0.00939437 0.00479676 0.00971165 0.0111216 -0.0116203
internal_weight=60.2794 43.9416 30.8723 16.3379 13.0692 24.8819 10.2698 16.3175 8.56442 7.41709 5.9904 14.3882 7.4095 3.19809 10.6819 6.3 4.39411 4.00977 13.7732 2.86034 1.47765 3.40732 2.45852 2.79939 4.38193 4.21141 3.13708 3.29789 2.81776 3.4457
internal_count=1269 921 650 348 271 525 213 345 180 156 125 307 153 66 225 133 93 84 294 60 31 72 52 58 92 87 66 69 59 73
is_linear=0
shrinkage=0.05


Tree=2
num_leaves=31
num_cat=0
split_feature=4 5 1 1 6 3 3 4 1 6 5 4 5 5 6 0 4 4 5 6 6 6 4 3 3 3 3 5 6 3
split_gain=1.23282 0.870533 0.54301 0.300618 0.247428 0.241183 0.234473 0.146825 0.113911 0.0982643 0.0971952 0.0971871 0.091043 0.0858228 0.0544916 0.0492806 0.0464405 0.0604867 0.0516471 0.0390444 0.0374693 0.0525679 0.0368573 0.0372182 0.0709504 0.0366671 0.119902 0.0328889 0.028985 0.0267199
threshold=0.47575000000000006 0.66820000000000013 0.44568900000000006 0.52966300000000011 0.55125000000000013 0.25871600000000006 0.48745750000000004 0.73850000000000005 0.28624650000000007 0.74780000000000013 0.3110500000000001 0.72480000000000011 0.90690000000000015 0.5847500000000001 0.87465000000000015 0.43423800000000007 0.55435000000000012 0.78195000000000003 0.5847500000000001 0.88535000000000019 0.79790000000000016 0.48435000000000006 0.77850000000000008 0.81052500000000016 0.53245400000000009 0.45486050000000006 0.53647900000000004 0.10685000000000001 0.42195000000000005 0.55771300000000013
decision_type=2 2 2 2 2 2 2 2 2 2 2 2 2 2 2 2 2 2 2 2 2 2 2 2 2 2 2 2 2 2
left_child=3 2 6 12 8 11 9 13 -3 15 -4 -6 14 20 -1 28 -11 18 -18 -16 21 -8 23 24 -7 -24 -27 -9 -2 -21
right_child=1 4 10 -5 5 22 7 27 -10 16 -12 -13 -14 -15 19 -17 17 -19 -20 29 -22 -23 25 -25 -26 26 -28 -29 -30 -31
leaf_value=-0.016285582391028643 0 -0.0032285498138948719 0.0051820807376937675 0.0052296347521388169 0 0.018183688644631109 0 0 0.015186307406842887 0.0080344005995094097 0.02104591477769897 0.014559287955353609 0 0.010936306177687802 0.002505243289655778 0 -0.011906394046494522 0.0008318334156930036 0 -0.011894092929427834 0 -0.014985338096360674 0.049537571666418208 0.034182296077902651 0 0 0.028977567925680004 0.011621448588563892 -0.011445535849266594 0
leaf_weight=11.441609546542166 0.61346885189414813 2.1545444503426547 3.2377045527100554 1.9504373669624318 1.680156141519545 2.0291886329650888 0.51958511397242491 0.95195570215582836 1.0727867074310777 0.89636162668466468 2.8034476414322853 1.654664598405361 0.47604712843895036 0.58461422473192204 0.47066182643175247 0.84097456187009889 2.2476259581744675 2.4291298724710941 0.47524944692850102 1.3008106425404546 1.2292633876204488 1.6383101940155027 0.84756067395210299 0.64557591825723637 1.3244707658886907 0.54845658317208279 1.2931918911635873 3.6726450175046921 8.7357663847506029 0.51744937524199475
leaf_count=248 13 45 68 41 35 41 11 20 22 19 57 34 10 12 10 18 48 51 10 28 26 35 17 13 27 11 26 76 186 11
internal_value=0.00048263 0.00488876 0.00011167 -0.0111995 0.0155615 0.0194822 -0.00300554 0.00326716 0.00166241 -0.00663187 0.0135808 0.00612771 -0.0138254 -0.002829 -0.0146348 -0.00966798 -0.000629406 -0.00321306 -0.00849446 -0.00395369 -0.00688417 -0.0107089 0.0252157 0.0178406 0.0123485 0.0333581 0.021169 0.00951012 -0.0107157 -0.00827557
internal_weight=60.2837 44.1267 30.8761 16.157 13.2506 10.0233 24.835 8.59637 3.22733 16.2386 6.04115 3.33482 14.2066 3.97177 13.7305 10.1902 6.04837 5.15201 2.72288 2.28892 3.38716 2.1579 6.68844 3.99924 3.35366 2.68921 1.84165 4.6246 9.34924 1.81826
internal_count=1269 921 650 348 271 204 525 180 67 345 125 69 307 84 297 217 128 109 58 49 72 46 135 81 68 54 37 96 199 39
is_linear=0
shrinkage=0.05


Tree=3
num_leaves=31
num_cat=0
split_feature=4 5 0 3 0 3 6 2 0 5 2 4 5 5 3 6 6 6 3 3 4 4 4 5 4 5 4 3 4 3
split_gain=1.17667 0.831666 0.451839 0.279214 0.260782 0.236115 0.215503 0.171954 0.149024 0.144278 0.117823 0.0923864 0.0855446 0.0820428 0.0698817 0.0642724 0.0458586 0.0547119 0.0502841 0.0385776 0.0429712 0.0338048 0.0335778 0.0326969 0.0314129 0.0331697 0.0314724 0.0313772 0.0307197 0.027385
threshold=0.47575000000000006 0.66820000000000013 0.45715950000000005 0.47601700000000008 0.62468500000000005 0.21480600000000002 0.55125000000000013 0.42913650000000009 0.27472200000000008 0.5847500000000001 0.48568650000000008 0.65575000000000017 0.90690000000000015 0.28255000000000002 0.85590850000000007 0.87465000000000015 0.74780000000000013 0.8267500000000001 0.29068750000000004 0.19399200000000003 0.58550000000000013 0.79115000000000013 0.64205000000000012 0.3887000000000001 0.91800000000000015 0.50065000000000015 0.72165000000000012 0.62214750000000019 0.71825000000000017 0.58123800000000003
decision_type=2 2 2 2 2 2 2 2 2 2 2 2 2 2 2 2 2 2 2 2 2 2 2 2 2 2 2 2 2 2
left_child=4 2 3 7 12 8 29 -2 21 11 28 27 14 -4 15 -1 22 18 -18 -15 -21 -3 -9 -24 25 26 -13 -5 -8 -7
right_child=1 5 13 9 -6 6 10 16 -10 -11 -12 24 -14 19 -16 -17 17 -19 -20 20 -22 -23 23 -25 -26 -27 -28 -29 -30 -31
leaf_value=-0.017369275197585569 -0.015974411009830335 -0.0081847841633384388 0.0030023589998145433 -0.014183092610232699 0.0041995615099832883 0 0 -0.012335165339757415 0.016287027373697159 0.020172264793577407 0.028948697773790229 0 0 0.0011253378341367735 0 -0.0040795570351455923 0 -0.0031772907710800333 0.017902767781121858 0 0.02185191736907191 0.0004804556075667748 -0.0064675052842412878 0.00017351755111764388 0 0 0.01088429229036658 0 0.015377394253608571 0.0083455160202195039
leaf_weight=10.04471461847424 4.2862143926322522 1.5249133631587026 3.3756020814180365 0.8845426850020871 1.9383359774947155 1.0602722577750667 1.0376763977110388 1.8186908438801745 1.3150282390415666 1.0861512161791322 4.8243749625980854 0.98305420577526126 0.52542991936206895 1.0257672779262064 1.2472995035350329 2.2335981056094161 0.80856033042073228 2.7915896102786064 0.62790074944496155 0.48553012683987651 2.5677755810320377 0.87226642295718182 2.4323481991887093 2.4045450910925865 0.76471498608589161 0.47906101867556561 2.8786446489393711 1.1723145283758638 1.7590452171862123 1.0228965952992437
leaf_count=221 93 32 71 19 41 22 21 39 27 22 95 21 11 21 27 48 17 59 13 10 52 18 52 51 16 10 59 25 35 21
internal_value=0.000527071 0.00480364 0.000110812 -0.00314298 -0.0109642 0.0151518 0.019337 -0.00726977 0.00267933 0.00384388 0.0233092 0.000435566 -0.0134243 0.0109005 -0.0142427 -0.0154081 -0.00327224 0 0.00836801 0.0160119 0.0192331 -0.00313651 -0.00586341 -0.00221666 0.00465373 0.00656286 0.0083193 -0.00744679 0.0111913 0.0021127
internal_weight=60.2789 44.2895 30.873 23.4183 15.9894 13.4165 9.70427 15.1698 3.71221 8.24848 7.6211 7.16233 14.051 7.45468 13.5256 12.2783 10.8836 4.22805 1.43646 4.07907 3.05331 2.39718 6.65558 4.83689 5.10547 4.34076 3.8617 2.05686 2.79672 2.08317
internal_count=1269 921 650 496 348 271 194 324 77 172 151 150 307 154 296 269 231 89 30 83 62 50 142 103 106 90 80 44 56 43
is_linear=0
shrinkage=0.05


Tree=4
num_leaves=31
num_cat=0
split_feature=1 5 3 3 6 5 0 3 1 2 2 5 2 2 6 0 6 6 5 6 2 3 3 3 1 5 3 3 3 6
split_gain=0.987227 0.815888 0.423661 0.18533 0.207898 0.173315 0.125038 0.117581 0.114295 0.110469 0.0953281 0.0510904 0.0506605 0.0458484 0.0453257 0.0443587 0.0440252 0.0418728 0.0358409 0.0324052 0.0423133 0.0320194 0.0283326 0.037568 0.0390055 0.0276119 0.0259233 0.0896724 0.0249137 0.0210471
threshold=0.44568900000000006 0.57945000000000013 0.79829450000000002 0.30508900000000005 0.59770000000000012 0.43615000000000009 0.047209500000000008 0.62214750000000019 0.27911700000000006 0.49876600000000004 0.38136450000000005 0.67545000000000011 0.91677150000000018 0.41115850000000004 0.88890000000000013 0.39518150000000007 0.85550000000000015 0.75780000000000014 0.80600000000000016 0.67410000000000014 0.70111900000000016 0.68597200000000014 0.64962700000000007 0.87230300000000016 0.20364200000000002 0.071900000000000006 0.21329700000000004 0.22884350000000001 0.17326150000000004 0.88230000000000008
decision_type=2 2 2 2 2 2 2 2 2 2 2 2 2 2 2 2 2 2 2 2 2 2 2 2 2 2 2 2 2 2
left_child=1 7 3 8 18 19 -4 9 13 16 -7 -6 22 -3 15 -11 -1 -8 -5 20 -2 -13 -9 24 25 -24 28 -28 -15 -18
right_child=5 2 6 4 11 10 17 12 -10 14 -12 21 -14 26 -16 -17 29 -19 -20 -21 -22 -23 23 -25 -26 -27 27 -29 -30 -31
leaf_value=-0.017002528039066898 -0.0025776186257192462 -0.011825011395733302 0.045374606361639556 -0.0063602110345335862 0.00051286723343551795 0.0013937725606366193 0 0.0015596084649172086 0.0080366630296680678 -0.0087254014704044921 0.023448268429413218 0.018949925164666034 0.011058126826636179 0 0 0 7.8586278365150804e-05 0.017955380720490445 0.0029414981833601785 0.0098525535377857326 0.009158030446770932 0.0014021786965134184 0 0 0 -0.012934002670231906 0.018984325687731288 -0.0033454205612401737 -0.0095999098627352064 -0.0076223523109964194
leaf_weight=6.4591479748487535 1.8061981648206695 2.278481770306831 0.71319510787725349 1.9829926863312706 1.3873424679040907 1.1184317432343958 0.58239733800291993 0.94333938136696716 1.6066980585455892 10.810778003185986 4.6603945232927799 3.3219169415533543 0.48044908419251431 1.880905330181122 2.2628303542733184 1.4707449711859215 0.46494641900062539 0.62199331447482109 1.2029769271612165 2.7786067165434361 1.0105453506112096 1.0071736425161359 0.46857848763465959 1.9586945213377474 1.0994661189615724 2.2910388596355915 0.50903234258294083 0.91168075799942017 1.3127890937030313 0.87288466468453407
leaf_count=142 38 49 14 42 29 23 12 20 33 233 93 66 10 40 48 32 10 12 25 58 21 20 10 41 23 49 10 19 28 19
internal_value=0.000405753 -0.00260072 0.00522054 0.00237439 0.00752519 0.0136777 0.0271731 -0.00787734 -0.00246387 -0.00972015 0.0201267 0.0132659 -0.00145599 -0.00570643 -0.00643523 -0.00762447 -0.0150556 0.00990938 -0.00134376 0.00590281 8.8097e-05 0.0161201 -0.0032222 -0.00485573 -0.00767891 -0.0107581 -0.0014379 0.00208953 -0.00454092 -0.0016492
internal_weight=60.2767 48.9025 19.3196 17.402 8.9024 11.3742 1.91759 29.5829 8.49959 22.3413 5.77883 5.71643 7.24157 6.89289 14.5444 12.2815 7.79698 1.20439 3.18597 5.59535 2.81674 4.32909 6.76112 5.81778 3.85908 2.75962 4.61441 1.42071 3.19369 1.33783
internal_count=1269 1036 399 361 182 233 38 637 179 484 116 115 153 146 313 265 171 24 67 117 59 86 143 123 82 59 97 29 68 29
is_linear=0
shrinkage=0.05


Tree=5
num_leaves=31
num_cat=0
split_feature=4 1 6 6 1 0 2 3 2 4 3 2 4 0 3 3 1 4 3 6 3 6 0 0 6 3 4 3 6 3
split_gain=0.955369 0.687345 0.314109 0.206543 0.15188 0.146944 0.127606 0.119556 0.167372 0.0955448 0.0925085 0.0881882 0.0772619 0.053634 0.0530059 0.0502305 0.0428371 0.0410061 0.0320017 0.0283391 0.0259624 0.0311457 0.0230556 0.0227802 0.0222135 0.0205497 0.0205441 0.0189769 0.0169175 0.0199412
threshold=0.74145000000000005 0.19460400000000003 0.55125000000000013 0.72800000000000009 0.28624650000000007 0.62305600000000017 0.47973500000000008 0.50053000000000003 0.70258500000000013 0.4915000000000001 0.26978300000000005 0.49876600000000004 0.4532000000000001 0.25836450000000005 0.13543150000000001 0.27907450000000006 0.52966300000000011 0.47575000000000006 0.6199395000000002 0.57740000000000014 0.29633250000000005 0.60455000000000003 0.21943300000000002 0.70022700000000004 0.61050000000000015 0.50895550000000012 0.69390000000000007 0.22177000000000005 0.79455000000000009 0.23455700000000004
decision_type=2 2 2 2 2 2 2 2 2 2 2 2 2 2 2 2 2 2 2 2 2 2 2 2 2 2 2 2 2 2
left_child=1 11 4 6 18 7 13 8 14 16 -5 -1 -13 -3 -4 -14 25 -12 -2 -16 21 -11 28 -15 -9 -8 -19 -10 -21 -30
right_child=2 3 5 10 -6 -7 9 24 27 20 17 12 15 23 19 -17 -18 26 -20 22 -22 -23 -24 -25 -26 -27 -28 -29 29 -31
leaf_value=-0.015888420563810613 -0.010815428888106443 0 0.015044129539987589 0 0.0076247359466991267 0.026317701717034195 -0.013303892651160436 0 0.0014591386976878407 0.017251879395187044 0.0024654061832098573 -0.012919232478614963 -0.0085654522038696931 -0.013667213562961992 0.0086594651402627319 0 0.00095869870627354249 0.018419846900834268 0 0.0030596320244696373 0 0 -0.006627427011011708 0 0.015990907161359119 0 0 0.022489419947221954 0 -0.00766180863899727
leaf_weight=7.5186887905001667 2.7446229569613965 0.45846661925316068 0.4789803251624124 2.2127182222902766 2.2382157817482948 1.8214310631155957 1.0203988477587702 0.49250113591551681 0.75960711389780033 1.1327390111982825 1.7659368738532064 5.1646052226424208 3.4096076861023885 2.6858810037374501 0.47901516407728184 5.4188990667462349 0.71945386752486218 2.7453415505588059 0.72856678813695896 2.0630601420998573 1.2701448537409303 0.67911405861377705 1.8714751191437242 0.47692950069904316 5.5896034762263298 0.53800182044506062 0.47687972709536541 1.1880620121955869 0.81283451989293087 1.1247604079544542
leaf_count=164 59 10 10 47 46 36 23 10 16 23 38 114 73 59 10 113 15 55 15 43 26 14 40 10 111 12 10 24 17 23
internal_value=0 -0.00491588 0.00809823 0.00261594 -0.00124294 0.0115828 -0.00199616 0.0092786 0.00459535 0.00217607 0.00900169 -0.0107988 -0.00761603 -0.00940764 8.29002e-05 -0.00384375 -0.00413155 0.012717 -0.00841027 -0.000486076 0.00839261 0.0122955 -0.00220185 -0.0119178 0.0150451 -0.00941259 0.016587 0.017201 0 -0.00328921
internal_weight=60.0865 37.6938 22.3927 16.182 5.71141 16.6813 8.98113 14.8599 8.77779 5.35985 7.20088 21.5118 13.9931 3.62128 6.83013 8.82851 2.27785 4.98816 3.47319 6.35115 3.082 1.81185 5.87213 3.16281 6.0821 1.5584 3.22222 1.94767 4.00066 1.93759
internal_count=1266 806 460 342 120 340 192 304 183 113 150 464 300 79 143 186 50 103 74 133 63 37 123 69 121 35 65 40 83 40
is_linear=0
shrinkage=0.05


Tree=6
num_leaves=31
num_cat=0
split_feature=4 1 6 6 1 0 2 2 3 2 4 3 4 3 0 3 3 1 1 3 6 2 3 6 0 0 3 3 0 6
split_gain=0.872922 0.649423 0.268637 0.189408 0.123665 0.123021 0.117153 0.107669 0.0948035 0.139003 0.0879223 0.0786051 0.0785528 0.0658248 0.0525165 0.0493651 0.0418898 0.0418543 0.0382511 0.0288148 0.0278941 0.0244484 0.0348634 0.0234488 0.0223064 0.0207408 0.0173998 0.0350273 0.0161797 0.0120594
threshold=0.74145000000000005 0.19460400000000003 0.55125000000000013 0.72800000000000009 0.28624650000000007 0.62305600000000017 0.47973500000000008 0.49876600000000004 0.50202400000000014 0.70258500000000013 0.4915000000000001 0.44544400000000001 0.4532000000000001 0.13543150000000001 0.25836450000000005 0.27907450000000006 0.6199395000000002 0.45224300000000001 0.48751500000000003 0.22177000000000005 0.58580000000000021 0.92871200000000009 0.29633250000000005 0.82520000000000004 0.21943300000000002 0.70022700000000004 0.90727700000000011 0.63888100000000014 0.42485800000000001 0.72505000000000008
decision_type=2 2 2 2 2 2 2 2 2 2 2 2 2 2 2 2 2 2 2 2 2 2 2 2 2 2 2 2 2 2
left_child=1 7 4 6 16 8 14 23 9 13 17 18 -9 -4 -3 -14 -2 -8 -5 -11 -15 22 -12 -1 29 -16 27 -10 -26 -22
right_child=2 3 5 11 -6 -7 10 12 26 19 21 -13 15 20 25 -17 -18 -19 -20 -21 24 -23 -24 -25 28 -27 -28 -29 -30 -31
leaf_value=-0.017808867372839349 -0.010283309717072302 0 0.016756991102384853 -0.00018452932057894217 0.0071159794767699756 0.024524588261933107 -0.010028390056307174 -0.012315306115260438 0.016707219304623239 6.9987638332375096e-05 0.015329844434886579 0.014756568181020316 -0.0079209095434255757 0.0083719487157337315 -0.013153155308789497 0 0 0 0.0079513489652933336 0.021463076379338277 0.004170055956532197 0 0 -0.0040242777666341994 -0.009941288711971287 0 0.026003278323760821 0.0044359688306431109 0 -0.0016962804466751002
leaf_weight=5.96039751172066 2.7225604206323655 0.45963047444820615 0.48663015291094947 2.202518548816442 2.2488714195787907 1.8600239977240551 1.2752001434564593 5.1159862689673892 2.145538453012704 0.76100367307662953 1.439139939844609 3.2946859784424305 3.3909360729157907 0.53054209426045407 2.6499306000769143 5.4321096688508987 0.73095817863941182 0.98682127147912968 1.7456018067896364 1.2116139270365236 1.142178878188133 0.48460425063967694 1.1734885498881338 1.4659175612032411 1.139924321323633 0.4749540127813815 0.88831764832139004 3.0860108286142349 0.71810190752148617 2.8706631138920784
leaf_count=132 59 10 10 47 46 36 29 114 42 16 29 67 73 11 59 113 15 21 36 24 24 10 24 32 25 10 17 61 15 59
internal_value=0 -0.00462026 0.00780272 0.00268405 -0.000779807 0.0109915 -0.00172827 -0.0103737 0.00882811 0.00455136 0.00223561 0.00876287 -0.00701224 0.000368013 -0.00891157 -0.00327339 -0.00738402 -0.00377533 0.00228505 0.016024 -0.000347382 0.00817025 0.0100603 -0.0158418 -0.00209975 -0.011465 0.0140436 0.0106254 -0.006475 0
internal_weight=60.0949 37.5519 22.5429 16.1866 5.70239 16.8405 8.94377 21.3653 14.9805 8.86066 5.35925 7.24281 13.939 6.88804 3.58452 8.82305 3.45352 2.26202 3.94812 1.97262 6.40141 3.09723 2.61263 7.42632 5.87087 3.12488 6.11987 5.23155 1.85803 4.01284
internal_count=1266 806 460 342 120 340 192 464 304 184 113 150 300 144 79 186 74 50 83 40 134 63 53 164 123 69 120 103 40 83
is_linear=0
shrinkage=0.05


Tree=7
num_leaves=31
num_cat=0
split_feature=5 1 6 3 1 2 2 5 3 6 3 1 0 3 6 3 0 3 3 3 5 5 6 1 6 6 2 2 5 2
split_gain=0.863925 0.443247 0.288552 0.18495 0.153723 0.148129 0.112937 0.108525 0.0744306 0.0743089 0.122528 0.0735964 0.0817815 0.0768352 0.075338 0.0688947 0.0582141 0.045271 0.0359539 0.0352376 0.033529 0.0315179 0.0291469 0.025222 0.0241324 0.0643108 0.0534027 0.0240064 0.030347 0.0225602
threshold=0.57945000000000013 0.44568900000000006 0.55125000000000013 0.79829450000000002 0.26406500000000005 0.89411150000000006 0.39202600000000004 0.66295000000000004 0.33749400000000007 0.92260000000000009 0.66457650000000013 0.19460400000000003 0.25836450000000005 0.87230300000000016 0.78230000000000011 0.30367200000000005 0.11226050000000001 0.35469750000000005 0.6199395000000002 0.67514700000000005 0.65425000000000011 0.70300000000000018 0.63425000000000009 0.14502400000000001 0.66655000000000009 0.7117500000000001 0.64610000000000012 0.26772850000000004 0.73935000000000006 0.48375600000000002
decision_type=2 2 2 2 2 2 2 2 2 2 2 2 2 2 2 2 2 2 2 2 2 2 2 2 2 2 2 2 2 2
left_child=1 5 4 6 18 11 15 20 -3 10 -9 13 -13 24 19 21 -7 -18 23 -14 22 -4 -8 -2 -1 -26 -27 28 -17 -6
right_child=2 8 3 -5 29 16 7 9 -10 -11 -12 12 14 -15 -16 27 17 -19 -20 -21 -22 -23 -24 -25 25 26 -28 -29 -30 -31
leaf_value=-0.014202667139413705 -0.014204562391811469 0 0 0.026903637234620199 0 -0.0026798675508805064 0 0.016982699909677951 0.011608291120694787 0 0 0.0046969902048135202 -0.011261226225698053 0 0 0 0 0.017172990968178391 0 0 -0.0070610649833750087 -0.010918306219695653 0.0085123188897951729 0 0 -0.011255599527555974 0 0 0.016521178577268387 0.01135946353989122
leaf_weight=8.2762375399470454 2.0153530240058934 3.5294064879417411 0.46073594689369501 1.7996595688164223 0.4829384721815585 0.75221421197056715 0.76208617165684689 7.4356910362839663 3.3538132235407829 0.81663357093930322 0.90719421207904805 1.6517922841012458 4.2879278138279915 1.3542981818318356 2.1928340867161751 0.48484560102224372 0.46424768120050408 0.86563758179545403 0.66507791355252255 0.71237669885158528 0.57516426220536221 1.2007194608449934 1.6072285324335096 0.68258401751518238 1.2429138831794251 7.1229023486375791 1.5135963857173917 0.78857933357357968 0.74945061653852463 1.340112682431936
leaf_count=183 44 73 10 34 10 16 16 148 68 16 18 35 97 28 46 10 10 18 14 15 12 26 33 15 27 154 32 16 15 27
internal_value=0 -0.0046848 0.00764969 0.0107417 -0.00189558 -0.00735083 0.00842706 0.0107513 0.00632461 0.013475 0.0148708 -0.00835894 -0.00357326 -0.0102443 -0.00619634 0 0.00384054 0.0109549 -0.008893 -0.00958281 0.00047195 -0.00657994 0.00453738 -0.0114022 -0.0111019 -0.00788705 -0.00945824 0.00672378 0.0108124 0.00820386
internal_weight=60.0943 37.3202 22.7741 17.588 5.18607 30.437 15.7883 12.104 6.88322 9.15952 8.34289 28.3549 8.84493 19.5099 7.19314 3.68433 2.0821 1.32989 3.36301 5.0003 2.94448 1.66146 2.36931 2.69794 18.1557 9.87941 8.6365 2.02288 1.2343 1.82305
internal_count=1266 802 464 354 110 661 320 243 141 182 166 617 193 424 158 77 44 28 73 112 61 36 49 59 396 213 186 41 25 37
is_linear=0
shrinkage=0.05


Tree=8
num_leaves=31
num_cat=0
split_feature=5 0 4 4 0 4 6 3 6 0 6 3 4 5 4 2 3 3 3 0 5 5 3 5 4 4 0 5 2 5
split_gain=0.824489 0.419355 0.38551 0.267957 0.249211 0.210921 0.143503 0.0851918 0.0804738 0.0775851 0.0699094 0.0690079 0.0646149 0.0624755 0.057336 0.0553778 0.0522556 0.0507577 0.0483965 0.0472515 0.0438255 0.0428875 0.0427891 0.0411795 0.03693 0.0365912 0.0345084 0.0330995 0.0304554 0.0294503
threshold=0.57945000000000013 0.20647350000000003 0.74405000000000021 0.73850000000000005 0.26447400000000004 0.62245000000000006 0.5707500000000002 0.27907450000000006 0.59930000000000005 0.53028350000000013 0.66655000000000009 0.40952500000000008 0.88205000000000011 0.36645000000000005 0.67675000000000007 0.39202600000000004 0.61843550000000014 0.69365700000000008 0.87230300000000016 0.58150000000000013 0.28255000000000002 0.43615000000000009 0.7918670000000001 0.55330000000000013 0.68160000000000009 0.48575000000000007 0.25836450000000005 0.51465000000000016 0.50203950000000008 0.66295000000000004
decision_type=2 2 2 2 2 2 2 2 2 2 2 2 2 2 2 2 2 2 2 2 2 2 2 2 2 2 2 2 2 2
left_child=1 3 4 18 8 9 12 19 14 17 22 -10 -4 -12 -2 -6 -13 26 23 -7 28 -15 -5 -1 25 -17 -3 -22 -9 -8
right_child=2 5 6 10 15 7 29 20 11 -11 13 16 -14 21 -16 24 -18 -19 -20 -21 27 -23 -24 -25 -26 -27 -28 -29 -30 -31
leaf_value=-0.015721115740315039 -0.012769444023992112 0 -0.0013582900442379777 -0.0098531316632533006 0 -0.0031852642775813331 0.0062960137710295384 0 -0.0038371154572611277 0 -0.00087806610143273856 0.014581354426048602 0.013699440874113589 0.02151480160869234 0 0.0041103285069091899 0 0 0 0.0081336691931608637 0.017638064428543557 0 0 0 0 0.019387160621928412 -0.013457182792762852 0 0.0087516167432959684 0.022176295120046079
leaf_weight=10.842437226325272 2.4553133808076404 0.66944517195225062 1.505791082978247 2.7593685425817962 0.74606140330433746 2.8844772018492204 1.4461879841983316 1.6727866344153883 3.4070247001945972 2.7726575285196304 2.8138935342431068 1.0829939208924773 0.80513580515980709 0.50236708670854546 0.57430417463183392 1.7651772163808344 1.3025221414864061 0.6976073347032069 0.93272899463772851 1.2278875038027761 2.2267074957489972 0.95462161302566528 0.50092123448848713 0.5852382108569153 0.49260585755109776 2.2699343636631966 3.2496025636792183 0.69184520095586766 1.1757179051637647 5.0802767798304558
leaf_count=243 54 15 31 60 16 63 29 35 73 58 58 22 16 10 12 37 26 15 20 25 45 20 10 13 10 43 74 14 24 95
internal_value=0 -0.0045989 0.00743473 -0.00955227 0.00186066 0.00084109 0.0156458 0.00583798 -0.00284353 -0.00516082 -0.00133104 0 0.00216461 0.00201045 -0.00934533 0.0105669 0.00697392 -0.00913311 -0.0141093 0 0.00970937 0.0104985 -0.00712582 -0.0150225 0.0126324 0.0141744 -0.0113783 0.0145734 0.00270471 0.0195601
internal_weight=60.0936 37.1603 22.9333 19.8916 14.0959 17.2687 8.83739 9.87942 8.82216 7.38931 7.53117 5.79254 2.31093 4.27088 3.02962 5.27378 2.38552 4.61666 12.3604 4.11236 5.76706 1.45699 3.26029 11.4277 4.52772 4.03511 3.91905 2.91855 2.8485 6.52646
internal_count=1266 802 464 434 293 368 171 206 187 162 158 121 47 88 66 106 48 104 276 88 118 30 70 256 90 80 89 59 59 124
is_linear=0
shrinkage=0.05


Tree=9
num_leaves=31
num_cat=0
split_feature=4 1 5 5 5 3 2 0 5 3 4 1 2 1 5 4 3 3 5 5 3 0 3 5 5 2 5 1 2 5
split_gain=0.725694 0.576661 0.386914 0.197416 0.167504 0.115269 0.0947098 0.0858902 0.0926916 0.0925511 0.0805216 0.0740932 0.0734347 0.0571094 0.0566047 0.0492929 0.0436477 0.0348804 0.0377792 0.0417621 0.0310086 0.0401578 0.0285427 0.0390996 0.0271075 0.026588 0.0262068 0.0209982 0.027058 0.0207543
threshold=0.74145000000000005 0.19460400000000003 0.36240000000000006 0.48810000000000003 0.55330000000000013 0.77350200000000013 0.49876600000000004 0.62305600000000017 0.76750000000000018 0.50202400000000014 0.47575000000000006 0.60550400000000015 0.53778300000000012 0.24636600000000003 0.86015000000000008 0.5464500000000001 0.87230300000000016 0.50053000000000003 0.080800000000000011 0.20765000000000003 0.31590100000000004 0.47204700000000005 0.18320350000000005 0.51465000000000016 0.88605000000000012 0.91515650000000015 0.7593000000000002 0.44568900000000006 0.47443750000000007 0.42090000000000005
decision_type=2 2 2 2 2 2 2 2 2 2 2 2 2 2 2 2 2 2 2 2 2 2 2 2 2 2 2 2 2 2
left_child=1 4 13 10 16 12 -6 8 9 22 11 -3 -5 17 -10 24 -1 18 -2 -20 -15 -22 23 -4 -8 -14 -17 -12 -29 -11
right_child=2 3 7 5 6 -7 15 -9 14 29 27 -13 25 20 -16 26 -18 -19 19 -21 21 -23 -24 -25 -26 -27 -28 28 -30 -31
leaf_value=-0.014612782817035971 0 -0.011686351288087891 0 0 -0.010092585046937733 0.025586419315538435 -0.0066104908451639745 0.024353604733939969 0.024189986977766104 0 -0.00040277581307750855 0.0010596463582405362 0.011782879520235245 0 0.0054420670139800672 0 0 0 -0.01632488009810168 -0.00026733235078809796 0.015644084838582813 0 -0.00063622737670028821 0.012806890395141433 0.00050914782682358892 0 0.01255040063413959 0 0.0086973125399649343 0.014557432464436262
leaf_weight=11.240657348185778 0.5671009086072466 2.9262933880090736 0.54912922531366148 2.6145946346223345 3.4121785499155504 0.94648816436529148 2.480519581586123 1.8344630748033512 1.9495334029197686 0.55158575996756587 2.6381828263401985 0.76135749742388714 2.9152921959757809 1.4423710480332377 1.6576587818562982 1.6897927783429625 0.93462705612182695 2.2536722309887409 1.3133606463670733 1.5729397274553774 0.84767960757017125 1.0841893143951891 3.6796161383390427 0.93401511758565903 0.48346081748604763 0.86219734326004971 0.81168368831276883 0.96544347330927882 1.5888086706399915 2.586315494030714
leaf_count=255 12 67 12 55 75 18 54 34 36 11 58 16 58 31 32 34 20 45 29 34 17 22 77 19 10 18 16 20 32 49
internal_value=0 -0.00426814 0.00703164 0.00256955 -0.00975935 0.0087191 -0.00367088 0.0123133 0.00985471 0.00585555 -0.00199621 -0.00777622 0.00509571 -0.000463376 0.0173024 0 -0.0137254 -0.00395269 -0.00707623 -0.00955034 0.00394307 0.00804596 0.000619516 0.00673663 -0.00383861 0.00953006 0.00547864 0.00123336 0.00475853 0.0126409
internal_weight=60.0952 37.2716 22.8236 16.2187 21.0529 7.33857 8.87764 13.7423 11.9079 8.30066 8.88009 3.68765 6.39208 9.08131 3.60719 5.46546 12.1753 5.70707 3.4534 2.8863 3.37424 1.93187 5.16276 1.48314 2.96398 3.77749 2.50148 5.19243 2.55425 3.1379
internal_count=1266 806 460 342 464 149 189 270 236 168 193 83 131 190 68 114 275 120 75 63 70 39 108 31 64 76 50 110 52 60
is_linear=0
shrinkage=0.05


Tree=10
num_leaves=31
num_cat=0
split_feature=1 4 5 5 5 0 6 4 2 5 6 0 4 0 1 5 5 6 6 2 2 6 0 4 6 6 6 5 1 6
split_gain=0.900032 0.591123 0.305257 0.179303 0.168371 0.155227 0.102552 0.0734577 0.0627206 0.0626436 0.0782808 0.0595658 0.058281 0.0582622 0.129458 0.0441411 0.0379417 0.0315654 0.0300305 0.0316149 0.0299418 0.0374497 0.0264028 0.0233531 0.0137494 0.0228641 0.0128667 0.0187889 0.012108 0.0108614
threshold=0.44568900000000006 0.71005000000000007 0.66295000000000004 0.49175000000000008 0.30810000000000004 0.26447400000000004 0.55015000000000014 0.47575000000000006 0.91677150000000018 0.90690000000000015 0.85355000000000014 0.21943300000000002 0.45965000000000006 0.0067865000000000009 0.20364200000000002 0.51905000000000012 0.32950000000000007 0.46805000000000002 0.91175000000000017 0.89411150000000006 0.58784250000000016 0.55480000000000007 0.33767400000000009 0.40495000000000009 0.65995000000000015 0.48215000000000002 0.91865000000000008 0.72395000000000009 0.28624650000000007 0.83705000000000007
decision_type=2 2 2 2 2 2 2 2 2 2 2 2 2 2 2 2 2 2 2 2 2 2 2 2 2 2 2 2 2 2
left_child=1 3 8 18 23 9 28 -7 13 10 15 -8 -6 16 -15 -5 24 -14 19 -1 21 -18 -13 -2 25 -3 27 -12 -4 -23
right_child=4 2 6 5 12 7 11 -9 -10 -11 26 22 17 14 -16 -17 20 -19 -20 -21 -22 29 -24 -25 -26 -27 -28 -29 -30 -31
leaf_value=-0.013314019648820639 -0.0036201529941131774 0 -0.0024652980430279622 0 0.0021795070115997878 -0.0010478995350059585 0.019080680704552447 0.011823093139196463 0.010425189476457574 0.0039117347363575184 0 -0.00058423927357409075 0 -0.01382466040274302 0 -0.01107866938537299 0 0.020274529733906307 -0.00055336409513750636 0 0 0.015084429585842597 0.0086457586293049917 0.004423106047211532 0 -0.010843649688833217 -0.0027831856747660144 0.010302180064770393 0.0057389517322805651 0
leaf_weight=12.725085202604532 0.4473114423453789 0.46305189281702064 1.008967913687228 0.4500856809318029 1.3806694746017454 1.0679915361106389 3.5638787187635899 1.9464247450232504 0.8989032022655018 0.64191039279103357 0.47423257306218125 0.56291091442108132 0.7099207155406474 2.6511828526854515 4.2064740918576717 6.9584918394684792 0.45920595526695329 5.6449577026069164 1.4244449473917473 0.45116078481078226 0.53168164938688267 1.1411762833595274 0.85105721652507782 3.6122950576245785 2.2710064128041267 0.77323497086763382 0.65388125553727139 0.59062501043081284 0.61442931741476048 0.63293391838669766
leaf_count=292 10 10 21 10 29 24 65 38 18 13 10 11 14 58 89 152 10 106 31 10 11 23 16 75 47 17 14 12 12 13
internal_value=-0.000117851 -0.00324454 0.00296417 -0.00809758 0.0121099 -0.00318456 0.0118054 0.00577031 -0.00089627 -0.00648479 -0.0077923 0.0153105 0.0165413 -0.00212223 -0.00539041 -0.0100341 0.000694817 0.0188048 -0.0120081 -0.0128564 0.00550377 0.00832314 0.00187277 0.00226909 -0.00175775 -0.00583641 0 0.00475407 0 0.0116707
internal_weight=59.8096 48.0144 20.6301 27.3843 11.7952 12.7836 6.60124 3.01442 14.0289 9.76923 9.12732 4.97785 7.73555 13.1299 6.85766 7.40858 6.27229 6.35488 14.6007 13.1762 2.765 2.23332 1.41397 4.05961 3.50729 1.23629 1.71874 1.06486 1.6234 1.77411
internal_count=1261 1027 421 606 234 273 125 62 296 211 198 92 149 278 147 162 131 120 333 302 57 46 27 85 74 27 36 22 33 36
is_linear=0
shrinkage=0.05


Tree=11
num_leaves=31
num_cat=0
split_feature=1 4 5 5 3 4 5 6 2 3 4 6 6 2 3 6 3 5 3 4 4 3 6 2 1 5 1 3 4 1
split_gain=0.850093 0.573211 0.254272 0.17832 0.177445 0.171895 0.118285 0.0951343 0.0927448 0.0737613 0.0664068 0.0640473 0.0539179 0.0719549 0.0520577 0.0518799 0.0497167 0.0496556 0.029425 0.0355577 0.0465335 0.0268668 0.0221724 0.0220397 0.0212097 0.0195308 0.0157152 0.0144653 0.0139661 0.012829
threshold=0.39820000000000005 0.74785000000000013 0.66295000000000004 0.41370000000000001 0.36300250000000006 0.47260000000000008 0.28255000000000002 0.55125000000000013 0.6231620000000001 0.21636650000000004 0.67815000000000014 0.80685000000000018 0.67410000000000014 0.41590300000000008 0.63888100000000014 0.8581000000000002 0.6199395000000002 0.5847500000000001 0.84288250000000009 0.47085000000000005 0.58825000000000005 0.89238750000000011 0.54835000000000012 0.64197750000000009 0.61401600000000012 0.60470000000000013 0.011054000000000003 0.49598800000000004 0.94225000000000014 0.19460400000000003
decision_type=2 2 2 2 2 2 2 2 2 2 2 2 2 2 2 2 2 2 2 2 2 2 2 2 2 2 2 2 2 2
left_child=1 3 9 21 8 24 -7 -4 10 28 15 18 16 -14 -15 -5 -11 -13 19 23 -21 -1 -20 -6 25 -2 -18 -22 -3 -10
right_child=5 2 7 4 11 6 -8 -9 29 12 -12 17 13 14 -16 -17 26 -19 22 20 27 -23 -24 -25 -26 -27 -28 -29 -30 -31
leaf_value=-0.012895892061448328 -0.0084496741700245334 -0.0092399772009286781 0 -0.01610212561582924 -0.011089253683638989 0.0032996047548838471 0.016669155696427473 0.016185058007957682 -0.0025102829852060096 -0.0069622459222630183 0 0 -0.0049405670188191926 0.012548171283842112 0 0 0.0097916708077817449 0.014003062643923323 0 0.0078352121594606246 0 0 0.011600507876823037 0 0.0041365388743021796 0 0 -0.0075501595423214793 0 0.0053192136698318217
leaf_weight=12.427976902574301 0.99167969450354509 2.2221801467239888 1.2848176285624493 4.4888716824352723 1.5046793669462202 3.4583269692957384 7.9151163771748543 4.0812811404466629 0.83206207677721955 2.3900578171014772 1.1624484844505785 0.73655843734741244 0.69611813500523556 2.6509841680526738 1.2446191534399984 0.6414283588528632 0.49368945881724335 1.3585787229239938 0.4630121923983096 1.1250824406743052 0.53494593501090992 0.80177982151508409 0.50680141896009445 0.43732056021690358 1.2972697950899599 0.65091128647327423 0.83300911262631416 1.2558218464255331 0.4896692782640456 0.82595512643456459
leaf_count=286 23 49 26 101 35 72 149 73 18 52 25 16 15 53 24 14 10 26 10 24 11 17 10 10 27 14 17 26 11 17
internal_value=-0.000158522 -0.00358631 0.00367407 -0.00784402 -0.00376438 0.0103379 0.0131039 0.0125248 -0.00906946 -0.000259867 -0.0118262 0.000982893 0.00161047 0.00551233 0.00870847 -0.0142367 -0.00191805 0.00858715 -0.0010062 -0.00327994 0 -0.0122989 0.00495135 -0.00834582 0 -0.00408757 0.00351558 -0.00466375 -0.00762181 0
internal_weight=59.8031 45.4897 16.3864 29.1033 15.8736 14.3133 11.3734 5.3661 7.95077 11.0203 6.29275 7.9228 8.30848 4.59172 3.8956 5.1303 3.71676 2.09514 5.82766 4.85785 2.91585 13.2298 0.969814 1.942 2.93986 1.64259 1.3267 1.79077 2.71185 1.65802
internal_count=1261 976 330 646 343 285 221 99 175 231 140 168 171 92 77 115 79 42 126 106 61 303 20 45 64 37 27 37 60 35
is_linear=0
shrinkage=0.05


Tree=12
num_leaves=31
num_cat=0
split_feature=1 4 5 5 3 5 6 4 6 3 3 1 3 5 6 3 4 3 4 3 5 0 4 4 4 6 3 3 6 6
split_gain=0.770662 0.480381 0.249028 0.242326 0.178445 0.109419 0.0719353 0.0695044 0.0778674 0.0679877 0.0566605 0.0484976 0.0571626 0.0421612 0.0415934 0.0400927 0.0381055 0.0333535 0.0328435 0.0361625 0.0311695 0.0299079 0.0279047 0.0238847 0.0236948 0.0233147 0.0168005 0.0222624 0.0118745 0.0114449
threshold=0.44568900000000006 0.74785000000000013 0.66295000000000004 0.49175000000000008 0.42866300000000007 0.30810000000000004 0.55125000000000013 0.64400000000000013 0.78670000000000007 0.49136650000000004 0.63066500000000014 0.17322600000000002 0.46560950000000006 0.36240000000000006 0.67095000000000005 0.60843000000000014 0.45965000000000006 0.88730500000000012 0.46190000000000003 0.63888100000000014 0.77620000000000011 0.34703800000000001 0.58825000000000005 0.45095000000000002 0.40495000000000009 0.46805000000000002 0.20371000000000003 0.36217450000000007 0.78055000000000019 0.65445000000000009
decision_type=2 2 2 2 2 2 2 2 2 2 2 2 2 2 2 2 2 2 2 2 2 2 2 2 2 2 2 2 2 2
left_child=1 3 9 18 7 24 -4 8 -5 14 13 12 -6 -11 21 -13 -7 29 -1 -20 22 -3 23 -14 -2 -18 28 -28 -16 -12
right_child=5 2 6 4 11 16 -8 -9 -10 10 17 15 20 -15 26 -17 25 -19 19 -21 -22 -23 -24 -25 -26 -27 27 -29 -30 -31
leaf_value=-0.015330907853891405 -0.0029889293560951312 -0.0098180299215222672 0 -0.013397378387064117 0.013954928805361559 0.0018810191209638477 0.014879180183325472 0 0 0 0 0 -0.0062719011023652758 0.019934816462656373 0 0.014759300176734883 0 0.0072090623007066007 -0.0096799620507996443 0 0.0039684600383114096 0 -0.011754343162712648 0.004994392057700324 0.0047375820685208927 0.017745400953213489 0.0061415216875113712 -0.00047164184318638575 -0.0079263568092454578 -0.0068417302415613203
leaf_weight=6.1779831983149114 0.44208475202321817 2.8679243884980701 1.3888961151242245 4.0651874504983407 0.58649898320436422 1.3765592128038404 4.3671937026083469 2.3521364033222198 2.0116151347756386 0.81731589511036851 0.82925856858491975 0.54468407481908787 0.87381681799888677 0.68702363967895508 0.5078827999532225 1.4362035542726515 0.71585362777113903 0.89520233124494542 7.7010996639728528 2.1252119019627571 0.75714726001024235 0.73218288272619236 0.9379226267337798 0.75812667608261108 3.6179034896194935 5.8015426434576511 1.748003698885441 0.67165547609329213 0.81470318883657455 1.1876692585647104
leaf_count=147 10 64 28 92 12 29 77 49 43 16 17 11 20 13 11 28 14 17 177 46 16 16 19 16 75 106 36 14 18 24
internal_value=-0.000185273 -0.0031081 0.0032813 -0.00696111 -0.00179035 0.0110265 0.0117547 -0.00666768 -0.00946144 -0.000509061 0.00381421 0.00434496 0 0.0113687 -0.00379767 0.0106136 0.014626 0 -0.0112385 -0.00803321 -0.00164003 -0.00755723 -0.00525193 0 0.0026427 0.0164932 0 0.00237556 -0.00441919 -0.00386741
internal_weight=59.7965 47.8425 17.5149 30.3276 14.3233 11.9539 5.75609 8.42894 6.0768 11.7588 4.41647 5.8944 3.91351 1.50434 7.34235 1.98089 7.89396 2.91213 16.0043 9.82631 3.32701 3.60011 2.56987 1.63194 4.05999 6.5174 3.74225 2.41966 1.32259 2.01693
internal_count=1261 1027 351 676 306 234 105 184 135 246 87 122 83 29 159 39 149 58 370 223 71 80 55 36 85 120 79 50 29 41
is_linear=0
shrinkage=0.05


Tree=13
num_leaves=31
num_cat=0
split_feature=1 4 5 5 5 4 6 2 6 4 6 2 6 1 5 4 0 1 0 1 4 6 4 4 6 1 6 6 4 6
split_gain=0.770709 0.474185 0.244751 0.191792 0.146748 0.0966891 0.0863503 0.0886126 0.0793967 0.0733982 0.0631964 0.0542746 0.045309 0.0368444 0.0237673 0.0234497 0.0233207 0.018069 0.017688 0.0301014 0.0543593 0.0128314 0.0210526 0.0124409 0.0115448 0.0085932 0.00851024 0.00808515 0.00679215 0.00534619
threshold=0.39820000000000005 0.74785000000000013 0.66295000000000004 0.41370000000000001 0.29655000000000004 0.45965000000000006 0.87800000000000011 0.6231620000000001 0.55125000000000013 0.45965000000000006 0.67095000000000005 0.39202600000000004 0.91865000000000008 0.26747050000000006 0.33605000000000002 0.39995000000000008 0.0065570000000000012 0.45224300000000001 0.0067865000000000009 0.29068850000000007 0.68425000000000014 0.6018 0.58825000000000005 0.90490000000000015 0.51975000000000005 0.72539600000000015 0.80685000000000018 0.93190000000000006 0.84565000000000012 0.88890000000000013
decision_type=2 2 2 2 2 2 2 2 2 2 2 2 2 2 2 2 2 2 2 2 2 2 2 2 2 2 2 2 2 2
left_child=1 3 10 27 15 -6 7 9 -4 26 13 -12 -8 16 23 -2 -3 -17 -11 20 -20 24 -23 28 -9 -19 -5 -1 -13 -16
right_child=4 2 8 6 5 -7 12 21 -10 18 11 14 -14 -15 29 17 -18 25 19 -21 -22 22 -24 -25 -26 -27 -28 -29 -30 -31
leaf_value=-0.012439058913858159 -0.0067669587862200665 -0.0009437795085298743 0 -0.013637595880541385 0 0.015271200104815936 0.01012693624078664 0.00012317507987179177 0.014846188058631367 0 -0.0075146346967029758 0 -5.636088106007062e-05 0 0.010303147048693062 0 -0.012125732587577345 0.0059184883728510412 -0.013226291966039003 0 0 0.010105854586021572 0 0.0056016403805865256 -0.0072112981594630553 0 0 0 -0.0047049068195082356 0
leaf_weight=12.420618813484907 0.42212410643696685 2.1408429779112357 1.2858084738254536 3.7426688149571401 1.6267584413290013 8.3231327272951585 1.4574532583355897 0.91813975945115023 4.2049554847180843 3.2809893004596233 0.82412195578217495 1.4904100634157664 0.91402458027005185 0.93903588876128186 1.5877361558377745 0.58873429521918286 1.8920384943485258 2.9021881446242337 1.6281431950628764 0.86376279592514027 0.55200839415192593 0.78054209053516366 0.77043771743774414 0.87525752931833256 0.45471036061644554 0.61120066046714772 0.43823293223977078 0.5747682526707657 0.68968445807695378 0.58531321212649334
leaf_count=290 10 46 26 88 35 154 29 20 73 69 18 30 19 20 31 13 42 60 36 18 12 16 16 18 10 13 10 13 14 12
internal_value=-0.000255179 -0.00354633 0.00298299 -0.00746139 0.00965843 0.0130923 -0.00328038 -0.0050169 0.0115851 -0.00724595 -0.000917479 0.00192825 0.00433549 -0.00533724 0.00446814 0.000905503 -0.0075661 0.00302715 -0.00270297 -0.00538478 -0.00854306 0.00131366 0.00475297 0 0 0.00481228 -0.0127269 -0.0120994 -0.00046838 0.00854048
internal_weight=59.7858 45.3117 16.5152 28.7965 14.4741 9.94989 15.8011 13.4296 5.49076 10.5058 11.0244 6.05252 2.37148 4.97192 5.2284 4.52425 4.03288 4.10212 6.3249 3.04391 2.18015 2.92383 1.55098 3.05535 1.37285 3.51339 4.1809 12.9954 2.18009 2.17305
internal_count=1261 976 330 646 285 189 343 295 99 233 231 123 48 108 105 96 88 86 135 66 48 62 32 62 30 73 98 303 44 43
is_linear=0
shrinkage=0.05


Tree=14
num_leaves=31
num_cat=0
split_feature=1 4 5 5 3 4 5 3 2 4 5 2 3 3 4 4 1 4 0 0 3 2 3 3 4 4 0 3 4 5
split_gain=0.702872 0.417617 0.194988 0.176197 0.176034 0.14299 0.0753418 0.0665187 0.0564937 0.0760356 0.0328517 0.0304437 0.0258676 0.0616147 0.028936 0.0243865 0.0231964 0.022564 0.0206207 0.0205831 0.0193535 0.0192857 0.0192038 0.0186924 0.0167918 0.0135985 0.0220178 0.0126931 0.0125538 0.0100302
threshold=0.40018750000000008 0.75395000000000012 0.66295000000000004 0.41370000000000001 0.42866300000000007 0.47260000000000008 0.28255000000000002 0.21636650000000004 0.6231620000000001 0.68250000000000022 0.67545000000000011 0.35563950000000005 0.52019300000000002 0.63888100000000014 0.9224500000000001 0.87895000000000012 0.23839350000000001 0.90490000000000015 0.64369950000000009 0.26447400000000004 0.20881450000000004 0.32933300000000004 0.87230300000000016 0.89238750000000011 0.62930000000000008 0.3796500000000001 0.12855750000000002 0.51365700000000014 0.88730000000000009 0.87455000000000005
decision_type=2 2 2 2 2 2 2 2 2 2 2 2 2 2 2 2 2 2 2 2 2 2 2 2 2 2 2 2 2 2
left_child=1 3 7 23 8 18 -7 17 9 -5 16 28 14 -14 15 -13 24 -3 27 -10 29 -12 -15 -1 25 -6 -27 -2 -9 -4
right_child=5 2 20 4 10 6 -8 11 19 -11 21 12 13 22 -16 -17 -18 -19 -20 -21 -22 -23 -24 -25 -26 26 -28 -29 -30 -31
leaf_value=-0.011935901186909577 -0.0088906178805240321 -0.010699285015402243 0.0051313940994731086 -0.01227715929728913 -0.0070572178514065054 0.0033394643395363056 0.014696492630292355 0 -0.0038602021625932948 0 0.013693423004324393 0 0.016011867468463645 -0.0016849964933577479 -0.006158502514185803 0.0089213570296309119 0.0059445728825170798 0 0.0028748942217673452 0.0063287530561528778 0.012789728674746573 0.0013663860985682296 0.0067332251532695418 0 -0.0086212051058463818 0.0071373049323166767 -0.00076579165608551311 0 -0.010808884490929285 0
leaf_weight=12.212888717651367 0.76484309881925516 1.7883825711905985 0.9073667749762524 5.6947600394487363 0.46447208896279324 3.4159778282046309 8.0771465972065908 0.47385485097765734 1.2595106996595857 1.3306885212659834 0.78632675111293826 1.7535826563835151 0.96405282616615329 1.6310992129147055 1.2334981709718702 0.9394494555890559 0.7645854465663432 0.84598741680383671 1.7057764232158659 0.67895202338695515 3.959632121026516 2.6665447503328323 0.85055132582783688 0.79275307059288103 0.83397557958960522 1.0899398177862165 0.42998632043600071 0.44491736590862274 0.44626309722661972 0.56547814980149269
leaf_count=289 18 40 17 130 11 71 147 10 27 28 16 37 18 33 27 19 16 19 36 14 69 53 16 17 18 24 10 10 10 11
internal_value=-0.000175593 -0.00331457 0.00284847 -0.00696019 -0.00298076 0.00931733 0.0118102 -0.000593837 -0.0077337 -0.00979298 0.00239749 0.00111445 0.00269065 0.00578753 0 0.00279147 0 -0.00764378 0 0 0.0105616 0.00588735 0 -0.0114141 -0.00306626 0 0.00190571 -0.00528817 -0.00563888 0.000960049
internal_weight=59.7732 45.3646 16.3592 29.0054 15.9997 14.4087 11.4931 10.9267 8.96391 7.02545 7.03583 8.29235 7.37223 3.4457 3.92653 2.69303 3.58296 2.63437 2.91554 1.93846 5.43248 3.45287 2.48165 13.0056 2.81837 1.9844 1.51993 1.20976 0.920118 1.47284
internal_count=1261 979 326 653 347 282 218 229 199 158 148 170 150 67 83 56 79 59 64 41 97 69 49 306 63 45 34 28 20 28
is_linear=0
shrinkage=0.05


Tree=15
num_leaves=31
num_cat=0
split_feature=1 4 5 6 5 5 3 3 3 3 5 5 6 0 4 1 4 1 0 1 4 4 5 6 6 3 1 4 6 3
split_gain=0.613996 0.468138 0.203666 0.222236 0.171117 0.12359 0.111584 0.080541 0.0724546 0.0655389 0.0811027 0.123235 0.0891518 0.0563649 0.0489909 0.0481613 0.0422016 0.037106 0.0489202 0.0456295 0.036782 0.0343976 0.0302588 0.0300866 0.029774 0.0270984 0.025899 0.0246982 0.021141 0.020044
threshold=0.39446600000000004 0.63635000000000008 0.32950000000000007 0.54835000000000012 0.49175000000000008 0.49590000000000006 0.26643050000000007 0.91673750000000009 0.58435000000000015 0.66457650000000013 0.43615000000000009 0.67800000000000005 0.65760000000000007 0.13830600000000001 0.47575000000000006 0.12002700000000001 0.93535000000000013 0.23776650000000002 0.0072485000000000006 0.35177000000000008 0.5464500000000001 0.39995000000000008 0.048850000000000011 0.84700000000000009 0.64520000000000011 0.46353700000000003 0.28624650000000007 0.90875000000000006 0.91025000000000011 0.7793095000000001
decision_type=2 2 2 2 2 2 2 2 2 2 2 2 2 2 2 2 2 2 2 2 2 2 2 2 2 2 2 2 2 2
left_child=1 5 8 16 21 -1 -7 9 15 10 13 -12 25 -5 -6 27 26 18 20 -19 -8 -2 -23 -14 -10 -13 -4 -3 -25 -11
right_child=4 2 3 7 14 6 17 -9 24 29 11 12 23 -15 -16 -17 -18 19 -20 -21 -22 22 -24 28 -26 -27 -28 -29 -30 -31
leaf_value=-0.012355149980365649 -0.0046281788560690804 -0.01357801234259888 -0.008778474731182347 0.026548310600872906 0.0010830282169611504 -0.0099339720162938874 0 0.024483532099965313 0.0078973645678873054 -0.0068868132039378895 -0.00092435774075579329 0.026005083954339543 0 0 0.017012954845035583 0 0.0024305333019174619 0.01519620878832993 -0.0072118695768611119 0 0.011317760557455567 -0.0023210153004449823 0.0054995754414177127 0.013275561072977999 -0.0012132580586630354 0.00020707240944865354 0 0 0 0.001835444013405043
leaf_weight=11.264481801539661 0.7016061805188637 2.8602902367711089 3.1474785767495663 1.0048952177166892 1.3107610344886778 4.0694228559732419 1.6491797678172591 0.83324273303151208 1.0838010683655741 0.87086857482791025 3.4912609420716745 1.0416482537984846 1.8234624005854132 0.66864480823278416 5.4143089279532433 2.4564196914434433 0.69806876406073559 0.76680381223559357 2.1365557871758938 0.47019825503230095 0.71666570380330075 0.47118346393108357 6.4911651872098446 0.81731631234288193 1.5948833674192426 0.58067749813199032 0.48508599400520314 0.96012194082140911 0.56144096329808235 1.1061813645064829
leaf_count=270 16 64 68 20 28 94 36 14 22 17 73 18 33 15 96 55 15 15 47 10 14 10 132 14 32 10 10 21 10 20
internal_value=-0.000182805 -0.00302217 0.0012915 0.00462439 0.00873458 -0.00857892 -0.00365676 0.00806641 -0.00451223 0.00631545 0.00799626 0.00499576 0.0102269 0.0189641 0.0147021 -0.00755127 -0.00437278 3.16402e-05 -0.00120459 0.00802448 0.00226525 0.00273223 0.00423696 0.00318979 0.000825059 0.0202224 -0.00704983 -0.0111113 0.00857823 0
internal_weight=61.5481 47.1591 26.0858 17.1303 14.389 21.0733 9.80883 12.7996 8.95552 11.9664 9.98935 8.31581 4.82455 1.67354 6.72507 6.27683 4.33063 5.7394 4.5024 1.237 2.36585 7.66395 6.96235 3.20222 2.67868 1.62233 3.63256 3.82041 1.37876 1.97705
internal_count=1299 1017 531 337 282 486 216 244 194 230 193 158 85 35 124 140 93 122 97 25 50 158 142 57 54 28 78 85 24 37
is_linear=0
shrinkage=0.05


Tree=16
num_leaves=31
num_cat=0
split_feature=1 4 5 6 4 5 1 2 0 1 4 2 2 2 5 5 4 4 1 2 2 4 2 4 5 0 5 0 5 5
split_gain=0.572506 0.432477 0.224718 0.230396 0.149821 0.112616 0.0950536 0.0816514 0.0809321 0.0651915 0.0631853 0.0490573 0.0390987 0.0366126 0.039284 0.0364122 0.0349427 0.0322198 0.0374614 0.031225 0.0373791 0.030902 0.0254515 0.0237281 0.023217 0.0216302 0.0194245 0.0189378 0.0186137 0.0193892
threshold=0.44568900000000006 0.45720000000000005 0.32950000000000007 0.54835000000000012 0.77300000000000013 0.17490000000000003 0.26406500000000005 0.91677150000000018 0.14364350000000001 0.29068850000000007 0.90180000000000005 0.40882600000000008 0.22662150000000003 0.36613800000000007 0.78520000000000012 0.45680000000000004 0.93535000000000013 0.50360000000000016 0.23170000000000004 0.19390850000000001 0.85203250000000008 0.47575000000000006 0.41720150000000006 0.91615000000000013 0.046250000000000006 0.29459250000000009 0.29915000000000008 0.38048150000000008 0.5847500000000001 0.72860000000000014
decision_type=2 2 2 2 2 2 2 2 2 2 2 2 2 2 2 2 2 2 2 2 2 2 2 2 2 2 2 2 2 2
left_child=1 19 7 6 9 -2 16 10 22 13 17 12 -7 14 -5 -13 -4 -3 24 -1 -21 -17 -6 -12 -19 -20 -26 -27 -15 -30
right_child=5 2 3 4 8 11 -8 -9 -10 -11 23 15 -14 28 -16 21 -18 18 25 20 -22 -23 -24 -25 26 27 -28 -29 29 -31
leaf_value=0 0 0 -0.010160613315708699 -0.012788332524715935 0 0.012950559977305324 0.0033679723919672134 0.0066804921542452898 0.00086954279485224051 0.0092462196764971968 0.0088969761559931759 0.005109251894126021 0 -0.0015657323268861057 0 0.001814888407545251 0 0 0.0010782813228696802 -0.013277053038696028 0 0.019890400862278643 0.015892833123064175 -0.0018652228300813983 -0.013536760846976914 -0.0113826865875001 0 0 0.006603765611379553 0
leaf_weight=0.72525650262832542 2.6283480674028388 1.0639500692486716 4.479789316654208 1.038473434746267 0.93925734981894304 0.53891969844698762 1.6043238267302511 0.83785444125533182 2.5173701383173466 1.9366732574999321 0.57182723283767822 2.3317627757787704 1.5859465636312959 2.3296698518097401 0.79096503555774678 0.95695230737328518 0.45484186708927143 0.96908333897590448 0.93028409034013781 8.9734794683754426 1.0051922127604473 3.9006676450371742 4.6845608949661255 1.6650910675525663 5.2580372616648674 0.73594798520207394 0.53466422110795964 1.131539102643728 2.0411582887172699 2.3791660778224468
leaf_count=17 55 26 99 23 17 10 33 17 49 39 12 46 31 52 16 20 10 22 20 217 23 67 82 36 119 17 12 25 41 46
internal_value=-0.00019311 -0.00264192 -5.36378e-05 0.0026154 0.00556967 0.00949928 -0.00501769 -0.00530873 0.0107056 0.00105928 -0.00652114 0.0120555 0.00205668 -0.000297952 -0.00675259 0.014256 -0.00874986 -0.00813182 -0.00904151 -0.0114966 -0.012224 0.0174465 0.0141428 0 -0.0112938 -0.00167066 -0.0125848 -0.00556656 0.000794549 0.00315174
internal_weight=61.5411 49.5985 38.8945 25.1962 18.6573 11.9426 6.53896 13.6983 8.14119 10.5161 12.8604 9.31425 2.12487 8.57943 1.82944 7.18938 4.93463 10.6235 9.55956 10.7039 9.97867 4.85762 5.62382 2.23692 6.76178 2.79777 5.7927 1.86749 6.74999 4.42032
internal_count=1299 1070 813 507 365 229 142 306 148 217 289 174 41 178 39 133 109 241 215 257 240 87 99 48 153 62 131 42 139 87
is_linear=0
shrinkage=0.05


Tree=17
num_leaves=31
num_cat=0
split_feature=0 4 5 3 4 3 5 6 6 2 5 0 3 0 2 5 0 0 6 0 3 5 6 4 3 6 6 5 6 6
split_gain=0.51948 0.360642 0.160197 0.159369 0.13906 0.136017 0.105462 0.0838568 0.117788 0.0989667 0.0737963 0.0650315 0.0574212 0.0558732 0.0543769 0.0464746 0.080433 0.0370013 0.0369939 0.0369476 0.0495851 0.0616237 0.0366966 0.0334773 0.0318476 0.031176 0.026666 0.0264562 0.0218301 0.0163456
threshold=0.39429950000000008 0.70430000000000004 0.45680000000000004 0.53647900000000004 0.47575000000000006 0.26081350000000009 0.22190000000000001 0.5455000000000001 0.78055000000000019 0.46297800000000006 0.46870000000000006 0.23495650000000004 0.44544400000000001 0.13830600000000001 0.39709400000000006 0.36915000000000003 0.18195150000000002 0.67194450000000006 0.58580000000000021 0.0072485000000000006 0.40952500000000008 0.61180000000000012 0.64720000000000011 0.55435000000000012 0.40592750000000005 0.80685000000000018 0.48435000000000006 0.048850000000000011 0.87155000000000016 0.81585000000000008
decision_type=2 2 2 2 2 2 2 2 2 2 2 2 2 2 2 2 2 2 2 2 2 2 2 2 2 2 2 2 2 2
left_child=1 2 18 6 17 -4 25 13 9 -9 27 19 -11 -8 -12 -5 29 -2 -1 20 -7 -22 -20 -23 -21 -3 -16 -6 -10 -17
right_child=4 3 5 15 10 11 7 8 28 12 14 -13 -14 -15 26 16 -18 -19 22 24 21 23 -24 -25 -26 -27 -28 -29 -30 -31
leaf_value=-0.017519318295489427 -0.0055010155319111173 -0.01333362685207647 -0.0098284937438380543 0.00058111450505799681 -0.00080364653855433295 -0.0063227793177321875 -0.010843086913354181 -8.3285908164618106e-05 -0.0066230041660089349 0.016846494487391964 0 0.0089716850852651769 0 0 0 0.0082122327509779446 0 0.0037044264399308403 0 0 -0.00067729731361281659 0 -0.0096271013119350619 0.016765768921676135 -0.0099328154220458074 0 0.016887567288584589 0.0054852856337842173 0 0.025960626039149559
leaf_weight=3.7351886741817015 2.221099365502599 1.9370272494852572 4.5415137596428385 2.6841434091329566 0.51320423558354189 1.1233756579458698 1.9792135432362541 0.99762938171625126 1.5017629228532317 2.6424415521323685 1.2486479729413984 1.7896009460091589 0.61466222256422032 0.86398005485534657 0.69701860100030888 2.1246135421097287 0.99239162355661381 1.5694228447973726 1.0968077071011064 0.59562562778592143 1.0555958338081839 0.75118236616253842 6.6401519924402237 1.0151673331856725 1.7507132440805433 0.97394590824842442 4.9499101750552654 6.3192855715751648 1.777952119708061 0.82974961027503003
leaf_count=92 53 44 105 53 11 25 44 21 30 49 24 36 11 19 13 37 19 33 27 13 23 16 158 19 40 21 86 129 34 14
internal_value=-0.000289994 -0.00326546 -0.00740504 0.00150405 0.006878 -0.00293548 -0.0013462 0.000594563 0.00377109 0.00943135 0.00923953 0.000399901 0.0137507 -0.00596651 0.0133007 0.00789407 0.0114947 -0.000407182 -0.0118229 -0.00135821 0.000541473 0.00510809 -0.00824644 0.0110956 -0.00648792 -0.00971559 0.0154596 0.00428689 -0.00215426 0.0155207
internal_weight=61.533 44.0144 24.0949 19.9195 17.5186 12.6228 13.2886 10.3776 7.53445 4.25473 13.7281 8.08126 3.2571 2.84319 6.89558 6.6309 3.94675 3.79052 11.4721 6.29166 3.94532 2.82195 7.73696 1.76635 2.34634 2.91097 5.64693 6.83249 3.27972 2.95436
internal_count=1299 950 554 396 349 277 273 208 145 81 263 172 60 63 123 123 70 86 277 136 83 58 185 35 53 65 99 140 64 51
is_linear=0
shrinkage=0.05


Tree=18
num_leaves=31
num_cat=0
split_feature=1 4 3 4 6 1 6 2 6 3 3 4 3 4 3 4 6 6 2 4 1 3 0 6 2 2 2 6 2 0
split_gain=0.498322 0.361993 0.164491 0.156366 0.0760068 0.133232 0.071339 0.0595237 0.050899 0.0502162 0.0816749 0.0472829 0.0381207 0.0425289 0.0388892 0.0351071 0.0803133 0.0798638 0.0662649 0.0392088 0.0318934 0.0530097 0.0383943 0.0308089 0.0239895 0.0203691 0.0749088 0.0370567 0.0255528 0.019356
threshold=0.44568900000000006 0.48575000000000007 0.59479600000000021 0.90490000000000015 0.59770000000000012 0.111111 0.84140000000000015 0.32314400000000004 0.44410000000000005 0.64220600000000017 0.73577950000000014 0.39995000000000008 0.20599450000000002 0.81955000000000011 0.5260585000000001 0.69750000000000012 0.73270000000000002 0.74780000000000013 0.50388700000000008 0.80415000000000014 0.14044900000000002 0.87230300000000016 0.25836450000000005 0.5404000000000001 0.47199050000000004 0.49876600000000004 0.50388700000000008 0.68710000000000016 0.29985800000000007 0.23327550000000002
decision_type=2 2 2 2 2 2 2 2 2 2 2 2 2 2 2 2 2 2 2 2 2 2 2 2 2 2 2 2 2 2
left_child=1 20 3 4 5 -3 24 -6 -2 -4 29 -10 13 -9 15 17 19 -14 -19 -17 21 -1 -22 -12 -5 28 -27 -28 -25 -11
right_child=8 2 9 6 7 -7 -8 12 11 10 23 -13 14 -15 -16 16 -18 18 -20 -21 22 -23 -24 25 -26 26 27 -29 -30 -31
leaf_value=-0.013442727958747493 0 -0.013804951345643232 0.013756905190318584 -0.0040078031936207339 -0.0088841937979995452 0 0.015626309902581483 -0.0074387645086833104 0 -0.0058665425762673981 0 0.010712127763610484 0 0.0018530510064894005 -0.0048180326593620752 0 -0.0054244988958519801 0.020022872381003073 0 0.018733402678279162 0 0 -0.0073686126169627986 0.0089423042283726575 0.0038717640331656328 0.019873020077639799 0.011416497621137504 -0.00082256238778737512 -0.0012091936231411063 0
leaf_weight=7.4408844672143442 0.89133866876363654 4.4853510893881374 1.6748586297035206 1.0357186570763581 2.122723512351512 3.5472799651324749 1.2110708765685556 2.8784952647984015 1.100839927792548 2.1609968394041048 1.1926518976688383 10.05545414611697 1.2218788191676142 0.85457699373364437 1.0225498527288435 0.59557164460420631 2.1407871395349503 1.2912775166332724 0.80307761952280987 0.56355882063508034 1.2020798809826372 0.54609651491045941 3.2399901077151299 0.67792290821671475 2.7153359688818455 1.3174690157175066 0.6203707568347453 1.2797410935163496 1.1264800950884817 0.50876197963953007
leaf_count=181 18 102 32 22 48 78 23 65 24 44 25 187 27 17 21 12 41 27 17 10 29 12 79 13 54 23 11 25 22 10
internal_value=-0.000281659 -0.00258315 0 -0.00220042 -0.00417732 -0.00815447 0.00530129 -0.00139954 0.00870202 0.00514797 0.00283346 0.009645 0 -0.00401439 0.00208155 0.00394824 0 0.00750585 0.0133677 0.0103487 -0.00993149 -0.0123336 -0.00433521 0.00625289 0.000350185 0.00795238 0.0106278 0.00104454 0.000248567 -0.0032594
internal_weight=61.5252 49.4776 37.0485 26.4893 21.5271 8.03263 4.96213 13.4945 12.0476 10.5593 8.88439 11.1563 11.3718 3.73307 7.6387 6.61615 3.29992 3.31623 2.09436 1.15913 12.4291 7.98698 4.44207 6.21464 3.75105 5.02198 3.21758 1.90011 1.8044 2.66976
internal_count=1299 1070 769 564 465 180 99 285 229 205 173 211 237 82 155 134 63 71 44 22 301 193 108 119 76 94 59 36 35 54
is_linear=0
shrinkage=0.05


Tree=19
num_leaves=31
num_cat=0
split_feature=0 4 5 5 6 5 3 2 0 3 4 0 2 5 0 3 5 4 4 6 2 4 4 5 2 4 3 0 6 5
split_gain=0.408704 0.317625 0.130892 0.108187 0.131679 0.0917093 0.126371 0.0798971 0.0714484 0.0653124 0.0526228 0.0515039 0.0286405 0.0276186 0.0256661 0.0349917 0.0546981 0.0462674 0.0253139 0.0228334 0.0261876 0.0222303 0.0213025 0.0212912 0.017925 0.0172315 0.0168993 0.0149545 0.0148741 0.0117213
threshold=0.39429950000000008 0.70325000000000015 0.23620000000000002 0.32950000000000007 0.5455000000000001 0.45680000000000004 0.26081350000000009 0.42089850000000006 0.14364350000000001 0.34991850000000008 0.7742500000000001 0.23495650000000004 0.41720150000000006 0.23015000000000005 0.0072485000000000006 0.40952500000000008 0.59455000000000002 0.55435000000000012 0.40435000000000004 0.91930000000000012 0.96708400000000017 0.93535000000000013 0.73410000000000009 0.64115000000000011 0.81467350000000016 0.59895000000000009 0.89238750000000011 0.22181850000000003 0.6018 0.17075000000000004
decision_type=2 2 2 2 2 2 2 2 2 2 2 2 2 2 2 2 2 2 2 2 2 2 2 2 2 2 2 2 2 2
left_child=1 5 18 9 21 26 -7 25 10 13 22 14 -12 -3 15 -8 -17 -18 -2 20 -9 27 -6 -16 29 -4 -1 -5 -13 -11
right_child=2 3 7 4 8 6 11 19 -10 24 12 28 -14 -15 23 16 17 -19 -20 -21 -22 -23 -24 -25 -26 -27 -28 -29 -30 -31
leaf_value=-0.010903393346886904 -0.0097402701109391334 -0.011215417541530232 -0.0021451598434218985 -0.0080843438818022275 0.008374177078343991 -0.0099208256086143632 -0.0061584681127559385 0.012432698512610502 0 0.0015843950229205623 0 0 0.013578291984230171 0 0 -0.0026774288613043858 0 0.015144430301891368 0.00050909623553535555 0 0 0 -0.0018161682642634338 -0.0090023168950097068 0.0085204802919792658 0.0042340015294539289 0 0 0.010950695743396948 -0.0038212647038792466
leaf_weight=10.428881775587797 0.55468740686774509 2.2901531048119099 1.2565424740314477 1.9194780737161634 0.59829937666654398 4.4759523980319491 1.1140103079378589 8.3548130802810139 2.4373113960027695 1.438456296920777 0.95281791687011708 0.66723743453621853 4.8936277329921722 0.98514607548713673 0.76353622227907214 0.89757370203733478 0.79915924742817868 1.1500263363122938 4.42470832914114 0.54158411175012666 0.52469870075583536 0.55740103125572193 1.1996363103389738 1.5602505058050153 0.52156838029623021 1.9666779413819311 0.73324837163090784 0.73179094493389119 1.1407544724643228 1.6423091962933538
leaf_count=257 14 52 27 42 12 105 25 155 49 29 17 14 83 22 18 20 17 21 95 10 10 12 22 35 10 38 16 16 22 34
internal_value=-0.000230401 -0.00288995 0.00609104 0.00152096 0.00430985 -0.00683912 -0.00325775 0.00879052 0.00727516 -0.00313624 0.00962549 0 0.0119493 -0.00828349 -0.00163926 0 0.00374987 0.00913577 0 0.011153 0.0117579 -0.00343432 0 -0.00579236 0.000290562 0.000252862 -0.010363 -0.0058638 0.00764804 0
internal_weight=61.5223 43.8986 17.6237 20.168 13.2904 23.7306 12.5685 12.6443 10.0817 6.87763 7.64438 8.09255 5.84645 3.2753 6.28456 3.96077 2.84676 1.94919 4.9794 9.4211 8.87951 3.20867 1.79794 2.32379 3.60233 3.22322 11.1621 2.65127 1.80799 3.08077
internal_count=1299 950 349 400 253 550 277 240 183 147 134 172 100 74 136 83 58 38 109 175 165 70 34 53 73 65 273 58 36 63
is_linear=0
shrinkage=0.05


Tree=20
num_leaves=31
num_cat=0
split_feature=1 4 5 5 4 3 5 5 5 6 3 3 6 4 3 3 3 5 1 0 4 5 6 0 3 4 4 6 6 3
split_gain=0.388098 0.302804 0.124269 0.104399 0.0954332 0.0600518 0.119698 0.0545995 0.0597197 0.0586613 0.0703679 0.0565844 0.0536032 0.0486894 0.047048 0.0433173 0.0406719 0.038761 0.0383819 0.0308884 0.029157 0.024785 0.0243268 0.0213477 0.0220056 0.018732 0.0177647 0.0177118 0.0140065 0.013884
threshold=0.20697100000000004 0.67675000000000007 0.66820000000000013 0.76750000000000018 0.61370000000000013 0.35469750000000005 0.5847500000000001 0.73565000000000014 0.32950000000000007 0.57450000000000012 0.63066500000000014 0.64220600000000017 0.59930000000000005 0.84735000000000016 0.31079600000000007 0.15008850000000004 0.42677500000000007 0.071900000000000006 0.51712300000000011 0.26998750000000005 0.61370000000000013 0.52350000000000008 0.88230000000000008 0.25836450000000005 0.42159450000000004 0.82405000000000006 0.51160000000000017 0.59105000000000008 0.64520000000000011 0.19399200000000003
decision_type=2 2 2 2 2 2 2 2 2 2 2 2 2 2 2 2 2 2 2 2 2 2 2 2 2 2 2 2 2 2
left_child=1 5 4 7 18 -1 16 8 11 -10 22 25 -8 14 -5 -6 -7 -17 23 -4 -14 -19 -11 -2 26 -3 -25 -18 -13 -20
right_child=2 3 19 13 15 6 12 -9 9 10 -12 28 20 -15 -16 17 27 21 29 -21 -22 -23 -24 24 -26 -27 -28 -29 -30 -31
leaf_value=-0.011176789247750422 0 -0.010671367175354262 0 0 0 0 -0.0042095165184026211 -0.011686994812638326 -0.0026500777775468245 0.012181882995270512 -0.0005360871574953517 0.0087372907676484327 0.010579389565374256 0 0.019260954446659442 0 -0.00083394947586959791 0.00923261919141663 0 0.011773496975204105 0 0 0 -0.012346868514546298 0 -0.0003035279836559109 0 -0.012419712774682973 0 0.0046168522046183104
leaf_weight=8.006914325058462 0.70022640749812737 1.7879833243787291 0.79470151662826438 0.72058909758925427 1.4661334678530682 0.98366491124033739 0.9900346435606483 0.87640986964106637 1.4110765084624288 3.1309403181076054 1.1529047451913355 0.6008150093257425 1.7744192816317084 1.3255274184048174 1.3759618215262888 0.96827947348356147 1.4800336211919782 7.1552976481616479 0.82570680603385005 6.7489330470561981 0.58154541626572598 1.9925884678959844 0.85428343713283528 1.525924842804671 1.6387229450047014 2.0670333504676819 0.80187465250492085 3.5834275111556053 0.78318413719534874 2.1578983329236507
leaf_count=195 16 41 16 15 30 24 23 16 31 60 21 12 35 23 23 21 36 144 17 122 11 37 17 39 39 44 18 85 16 44
internal_value=0.000507426 -0.00298404 0.00505479 0.00170808 0.00254524 -0.00759269 -0.00392528 -2.34755e-05 0.000514092 0.00401241 0.00681232 -0.00291584 0.00253853 0.00935465 0.0139905 0.00548366 -0.00829833 0.00670717 -0.00127162 0.0106818 0.00746602 0.00775723 0.0101232 -0.0044659 -0.00604173 -0.00652465 -0.0091543 -0.0100833 0.00352926 0.00208599
internal_weight=60.263 33.4867 26.7763 16.0867 19.2327 17.4 9.39313 12.6646 11.7882 6.54921 5.13813 5.23902 3.346 3.42208 2.09655 11.5823 6.04713 10.1162 7.65035 7.54363 2.35596 9.14789 3.98522 4.66675 3.96652 3.85502 2.3278 5.06346 1.384 2.98361
internal_count=1271 728 543 319 405 409 214 258 242 129 98 113 69 61 38 232 145 202 173 138 46 181 77 112 96 85 57 121 28 61
is_linear=0
shrinkage=0.05


Tree=21
num_leaves=31
num_cat=0
split_feature=1 4 5 5 3 5 6 3 4 3 4 1 3 5 5 5 5 1 1 6 3 4 1 6 0 4 0 5 5 4
split_gain=0.355517 0.260992 0.108509 0.0731269 0.1431 0.0709003 0.0706877 0.0442406 0.0492189 0.0415826 0.040196 0.0308256 0.0291391 0.0324771 0.0295313 0.0284261 0.0268318 0.0263929 0.0261393 0.0261284 0.0275731 0.0250359 0.0247473 0.0295391 0.0251018 0.024508 0.0243491 0.0384404 0.0229482 0.0300961
threshold=0.26272700000000004 0.70430000000000004 0.28255000000000002 0.5847500000000001 0.36300250000000006 0.77995000000000014 0.59930000000000005 0.76384500000000011 0.59895000000000009 0.67514700000000005 0.83270000000000011 0.32507250000000004 0.75482900000000008 0.31400000000000006 0.40470000000000006 0.64115000000000011 0.68265000000000009 0.19890550000000004 0.18464700000000003 0.72800000000000009 0.47601700000000008 0.90995000000000015 0.19460400000000003 0.93190000000000006 0.25836450000000005 0.53015000000000012 0.028888500000000001 0.36645000000000005 0.085900000000000018 0.82405000000000006
decision_type=2 2 2 2 2 2 2 2 2 2 2 2 2 2 2 2 2 2 2 2 2 2 2 2 2 2 2 2 2 2
left_child=1 3 19 22 15 12 25 8 -4 -10 -7 -9 13 17 26 -5 -8 28 -17 21 -21 -2 23 -1 -24 -6 27 -15 -3 -30
right_child=2 5 7 4 6 10 16 11 9 -11 -12 -13 -14 14 -16 18 -18 -19 -20 20 -22 -23 24 -25 -26 -27 -28 -29 29 -31
leaf_value=-0.010219682790017035 -0.0047530812719900842 0 0.00066758245962494846 0 -0.0088436994494557261 0.014546213253601784 0 0 0.0093191875424737513 0 0 0.018463382259718091 0.0060792539480353696 0 0 -0.011536295034738384 0.012992442151892845 0 0 0 0.010464607522931322 0.0031422020341618506 0.0037721886544784425 0 -0.0071889110414398733 0 0 0.019633478716328867 -0.014218502737787995 -0.00068814850283468326
leaf_weight=10.592979777604342 3.487975005060437 0.60349510982632848 5.0126528777182093 0.73114196583628466 0.82061604037880875 1.5221654847264283 1.0744043700397017 0.57196144387125913 7.6464737541973573 0.64052407443523396 1.5161764062941072 1.8496905267238615 1.7784291468560685 0.47756779193878152 5.5637881755828857 3.317649502307177 1.6992045342922208 0.60301479324698437 0.57915274798870076 2.0206254273653035 0.90064015239477146 0.52862308174371708 0.7153564766049374 0.43067994713783342 0.88978143781423569 0.48789435252547264 0.47192083671689034 0.51839437335729599 1.2586506046354773 1.9434004537761209
leaf_count=261 80 13 105 17 20 27 21 11 138 12 26 33 33 10 108 77 32 13 13 44 18 11 16 10 22 10 10 10 29 41
internal_value=0.000353696 -0.00253689 0.00535949 -0.00622057 -0.00188561 0.00200107 0.00411002 0.00764632 0.00578241 0.00823527 0.00879483 0.0152648 9.78905e-06 -0.000544969 0.00103046 -0.00820672 0.00907451 -0.0041339 -0.00987174 0 0.00366784 -0.0024483 -0.00877927 -0.00968294 0 -0.00276037 0.00720539 0.0113937 -0.00605163 -0.00779035
internal_weight=60.255 37.5959 22.6592 21.3389 8.71006 16.257 4.08212 15.7213 13.2997 8.287 3.03834 2.42165 13.2187 11.4402 7.03167 4.62794 2.77361 4.40856 3.8968 6.93786 2.92127 4.0166 12.6288 11.0237 1.60514 1.30851 1.46788 0.995962 3.80555 3.20205
internal_count=1271 819 452 499 190 320 83 299 255 150 53 44 267 234 138 107 53 96 90 153 62 91 309 271 38 30 30 20 83 70
is_linear=0
shrinkage=0.05


Tree=22
num_leaves=31
num_cat=0
split_feature=1 5 3 5 6 1 0 5 5 0 6 3 3 0 2 3 3 2 2 6 5 2 3 5 2 1 2 3 6 3
split_gain=0.365037 0.114756 0.109504 0.0773396 0.0751596 0.0804801 0.0679121 0.067559 0.0660182 0.0681776 0.0412723 0.0395633 0.0881801 0.0346025 0.027529 0.0302979 0.0270859 0.0267234 0.0431986 0.0437438 0.024341 0.0238613 0.0238364 0.023246 0.0226249 0.0372166 0.0216996 0.0215773 0.0338722 0.0266207
threshold=0.26272700000000004 0.61845000000000006 0.73577950000000014 0.58960000000000012 0.58385000000000009 0.19460400000000003 0.70994400000000013 0.31400000000000006 0.13635000000000003 0.21943300000000002 0.85550000000000015 0.30508900000000005 0.20881450000000004 0.23463850000000003 0.44195450000000008 0.41854950000000007 0.58435000000000015 0.51773200000000008 0.77958450000000012 0.74670000000000014 0.099300000000000013 0.40233900000000006 0.24129600000000004 0.53190000000000015 0.49876600000000004 0.078393500000000019 0.68809350000000002 0.66457650000000013 0.78055000000000019 0.22047700000000003
decision_type=2 2 2 2 2 2 2 2 2 2 2 2 2 2 2 2 2 2 2 2 2 2 2 2 2 2 2 2 2 2
left_child=2 6 4 -4 5 16 10 8 11 -10 26 12 -6 -7 15 -9 -1 27 19 -19 -12 -8 -22 -20 -5 -26 -2 28 29 -16
right_child=1 -3 3 24 7 13 21 14 9 -11 20 -13 -14 -15 17 -17 -18 18 23 -21 22 -23 -24 -25 25 -27 -28 -29 -30 -31
leaf_value=-0.010944952963480296 -0.002955260746936637 0.010348800710317688 -0.00034000641010966835 0 -0.0016072296079692597 0.011138770402106778 0 -0.006503617611448945 -0.012416928473947177 0 0 -0.004218514292213961 0.01910550519733481 -0.0021286249768741753 0 0 0 -0.014133978043510579 0.010622636563305433 0 0 0.012660800729517925 0.012266624040165571 0 0.019007669507965327 0 0.0015625150064411558 -0.00046045163781894129 0 0.012350187534294826
leaf_weight=6.9252222292125243 6.34002658352256 8.0926459655165655 3.4308019913732997 0.85652664303779635 0.49792026728391936 0.56043909490108379 1.2193481475114816 2.7324125804007044 3.692802470177412 0.65060328692197789 0.49527474492788259 2.2067726738750935 0.65821237862110138 0.91292879730463028 1.1839301101863369 1.6426609009504316 1.1455148570239542 0.90037541463971216 0.59661198779940583 1.1734344512224195 0.52607662230730046 1.8087883591651914 1.3245404995977876 0.89912885054945946 1.0176906213164327 0.54127170518040646 2.9044370576739311 0.50478899478912342 2.9816532097756863 1.8251696415245531
leaf_count=166 140 145 74 16 12 12 25 62 87 15 11 51 15 22 24 31 25 21 12 24 11 35 25 17 17 10 60 10 61 35
internal_value=0.000345362 0.00540789 -0.00259103 0.0032099 -0.0038252 -0.0077059 0.00228122 -0.00190092 -0.005651 -0.00965641 6.99686e-05 0 0.00678673 0.000127328 0 -0.0031377 -0.00973191 0.00156085 -0.000901094 -0.00645175 0.00619628 0.0088737 0.00890724 0.00358345 0.0100527 0.0136868 -0.000999253 0.00366501 0.0048354 0.00854635
internal_weight=60.248 22.7111 37.5369 5.84629 31.6906 9.5441 14.6185 22.1465 7.70631 4.34341 11.5904 3.36291 1.15613 1.47337 14.4402 4.37507 8.07074 10.0651 3.56955 2.07381 2.34589 3.02814 1.85062 1.49574 2.41549 1.55896 9.24446 6.49554 5.99075 3.0091
internal_count=1271 452 819 117 702 225 307 477 180 102 247 78 27 34 297 93 191 204 74 45 47 60 36 29 43 27 200 130 120 59
is_linear=0
shrinkage=0.05


Tree=23
num_leaves=31
num_cat=0
split_feature=1 4 5 4 5 3 3 5 3 6 6 6 4 1 5 5 5 0 5 3 5 6 3 4 3 3 4 3 6 0
split_gain=0.339162 0.230925 0.101462 0.0796579 0.079364 0.12213 0.064478 0.0654792 0.0432697 0.0430247 0.03894 0.074766 0.061622 0.0386585 0.0330458 0.0328954 0.0328025 0.031205 0.0289098 0.0280439 0.0267296 0.0255638 0.022892 0.0218414 0.0149399 0.015709 0.0128391 0.0126805 0.0109601 0.0103208
threshold=0.20697100000000004 0.70430000000000004 0.66820000000000013 0.61370000000000013 0.5847500000000001 0.36300250000000006 0.75482900000000008 0.2677500000000001 0.15008850000000004 0.59930000000000005 0.5455000000000001 0.78055000000000019 0.83270000000000011 0.52141150000000003 0.13075000000000003 0.071900000000000006 0.64115000000000011 0.11705150000000002 0.10185000000000001 0.61843550000000014 0.52350000000000008 0.93190000000000006 0.74236750000000018 0.82635000000000014 0.50895550000000012 0.16314350000000002 0.50360000000000016 0.19399200000000003 0.85115000000000007 0.21943300000000002
decision_type=2 2 2 2 2 2 2 2 2 2 2 2 2 2 2 2 2 2 2 2 2 2 2 2 2 2 2 2 2 2
left_child=1 4 3 13 21 16 7 18 -5 26 23 12 -12 14 -2 -10 -6 -8 -3 -11 -17 29 -21 -9 25 -16 -7 -15 -13 -1
right_child=2 6 -4 8 5 9 17 10 15 19 11 28 -14 27 24 20 -18 -19 -20 22 -22 -23 -24 -25 -26 -27 -28 -29 -30 -31
leaf_value=-0.010304016059086768 -0.012629919435888648 0 0.0096379468600454113 -0.00040661195099463447 0 -0.0068959970961947033 0.012948752752276419 -0.0087107863283945822 0 0.013341952193477266 0.015059208583756459 -0.004188987901970794 0.00011198744533991369 0 0 0.0086313125931688807 -0.0099843298844084164 0 -0.0095669927271715017 -0.0045716430439871735 0 0 0.007286754986056106 0 0.0015701652719337913 -0.005993646850893368 0 0.0046715202340826788 0.00059225187003275961 0
leaf_weight=10.168449975550173 0.98472853004933014 1.0615661293268197 7.672021333128213 1.4627930670976628 0.68895187228917976 0.59264621883630775 1.5313995778560632 0.8282831609249095 0.95908867195248504 1.2154967300593855 1.9649887681007383 1.4186203777790072 2.1389168985188007 0.81938993185758624 0.47099228948354799 7.2222554236650449 3.4869347847998142 0.58391414955258358 1.9773237220942972 0.54654770344495751 2.0047737993299961 0.42977799847722131 0.72335045784711838 0.94691681861877441 1.2806122079491613 1.977447412908077 0.52999784797430038 2.0730309039354324 2.0501205064356327 0.4310960955917843
leaf_count=253 25 23 138 30 16 15 26 18 21 23 36 27 38 17 11 144 82 11 44 11 37 10 13 21 29 49 11 42 39 11
internal_value=0.000349415 -0.00292915 0.00458662 0.00227624 -0.00662329 -0.00187025 0.0015333 0 0.00495558 0.00393231 0.00220272 0.00407418 0.0086462 -0.00118941 -0.0043676 0.00620818 -0.00802783 0.0093947 -0.0061276 0.00796593 0.00716393 -0.00948152 0 -0.00290572 -0.000607101 -0.00372479 -0.000829266 0.00229207 -2.4678e-05 -0.00997414
internal_weight=60.2424 33.3153 26.9271 19.2551 18.8132 7.78393 14.5021 12.3867 11.6489 3.60804 9.34785 7.57265 4.10391 7.6062 4.71378 10.1861 4.17589 2.11531 3.03889 2.48539 9.22703 11.0293 1.2699 1.7752 3.72905 2.44844 1.12264 2.89242 3.46874 10.5995
internal_count=1271 728 543 405 445 171 283 246 232 73 179 140 74 173 114 202 98 37 67 47 181 274 24 39 89 60 26 59 66 264
is_linear=0
shrinkage=0.05


Tree=24
num_leaves=31
num_cat=0
split_feature=0 4 5 3 4 5 3 2 5 4 6 4 5 6 5 0 5 3 3 0 5 5 6 6 6 6 6 2 6 0
split_gain=0.294209 0.214969 0.07314 0.0714972 0.0668486 0.0622462 0.0806749 0.0617792 0.0501747 0.0347907 0.0670291 0.0349221 0.0345663 0.0507295 0.0327089 0.0281062 0.0277465 0.0310612 0.0271776 0.0268253 0.0429165 0.0262633 0.0258559 0.0295542 0.0253481 0.0233675 0.0286113 0.0220808 0.0217791 0.0198464
threshold=0.33767400000000009 0.46810000000000007 0.66820000000000013 0.73577950000000014 0.59895000000000009 0.17810000000000001 0.36883600000000005 0.36613800000000007 0.59455000000000002 0.70430000000000004 0.74860000000000015 0.50000000000000011 0.60820000000000018 0.48095000000000004 0.28255000000000002 0.057800500000000012 0.048850000000000011 0.47060150000000006 0.4148245000000001 0.11143750000000001 0.80600000000000016 0.22190000000000001 0.46235000000000009 0.79080000000000006 0.83705000000000007 0.64365000000000017 0.5404000000000001 0.50001350000000011 0.80685000000000018 0.52797900000000009
decision_type=2 2 2 2 2 2 2 2 2 2 2 2 2 2 2 2 2 2 2 2 2 2 2 2 2 2 2 2 2 2
left_child=1 5 4 7 29 -1 14 19 25 10 11 -9 13 -13 -7 -16 -6 -18 21 20 -3 28 -23 -24 -12 26 -5 -10 -11 -2
right_child=2 3 -4 8 16 6 -8 9 27 18 24 12 -14 -15 15 -17 17 -19 -20 -21 -22 22 23 -25 -26 -27 -28 -29 -30 -31
leaf_value=-0.017623863574536935 -0.0047233577087636355 -0.012152374923439777 0.010163741928325344 0 0 0 0 0 0.01563523959701443 -0.0052779739640187867 0.0072425017990821175 0 0 -0.015088108959329409 -0.016842167417024621 -0.001068877315339457 0.0024782375422346763 0.010659486210765996 -0.00040938047720488844 0 0 0 0.0093753103523688784 0 0 -0.0028182497696540108 0.013969842866057984 0 0.0057136901733145671 0.00049802289331550738
leaf_weight=2.022773474454878 2.2220635451376465 2.3526586145162649 6.0618853308260432 0.77061116322874956 0.44509773701429267 0.38082198426127467 3.6471982561051846 0.56299968063831496 1.2334463447332384 1.1694319024682025 1.446901608258486 0.71204320341348681 1.966127961874008 2.073327399790287 1.8707850128412249 1.2299191653728483 5.2854415699839574 3.3709879592061043 3.9511960223317146 2.0177223384380341 0.81480393931269635 0.54804087057709683 3.4725220762193203 1.762614883482456 1.8450516015291212 1.6708569303154943 0.49378950148820877 0.90973587334156025 0.48460593074560154 3.440667662769556
leaf_count=52 56 55 106 17 10 10 87 13 20 27 32 17 42 51 48 31 105 62 74 44 16 12 67 35 40 34 10 16 10 72
internal_value=0.00035663 -0.00209326 0.00521941 0 0.00279828 -0.00876374 -0.00534897 -0.00114955 0.00529771 0 -0.00225858 -0.00598912 -0.00761758 -0.0112924 -0.0106799 -0.0123766 0.00552071 0.00632054 0.00192481 -0.00596185 -0.00883273 0.00381726 0.00546155 0.00670884 0.0022889 0 0.00570155 0.0109868 0 -0.00072962
internal_weight=60.2361 39.41 20.8261 30.2585 14.7643 9.1515 7.12872 25.18 5.07844 19.9949 8.60645 5.3145 4.7515 2.78537 3.48153 3.1007 9.10153 8.65643 11.3884 5.18518 3.16746 7.43722 5.78318 5.23514 3.29195 2.93526 1.2644 2.14318 1.65404 5.66273
internal_count=1271 860 411 632 305 228 176 535 97 420 195 123 110 68 89 79 177 167 225 115 71 151 114 102 72 61 27 36 37 128
is_linear=0
shrinkage=0.05


Tree=25
num_leaves=31
num_cat=0
split_feature=1 5 4 2 4 2 0 2 6 2 5 4 6 6 5 6 0 5 4 6 5 5 5 6 5 5 5 5 6 6
split_gain=0.291328 0.172031 0.125395 0.110171 0.0635056 0.0548702 0.0499453 0.0492869 0.0767537 0.0392908 0.0372858 0.0335874 0.0320292 0.0275342 0.0310667 0.0358365 0.0266396 0.0295032 0.0255856 0.028329 0.0223281 0.0196773 0.0193748 0.0119168 0.0212372 0.0114124 0.0101507 0.00641327 0.00639219 0.0149844
threshold=0.19189950000000003 0.31400000000000006 0.67675000000000007 0.65315900000000016 0.48855000000000004 0.91677150000000018 0.53914250000000019 0.50388700000000008 0.61620000000000008 0.49876600000000004 0.85385000000000011 0.64400000000000013 0.87800000000000011 0.58385000000000009 0.49590000000000006 0.67715000000000003 0.25836450000000005 0.7611500000000001 0.90875000000000006 0.85550000000000015 0.41370000000000001 0.073900000000000007 0.55330000000000013 0.76845000000000019 0.7593000000000002 0.46440000000000009 0.81695000000000018 0.83860000000000012 0.78670000000000007 0.85355000000000014
decision_type=2 2 2 2 2 2 2 2 2 2 2 2 2 2 2 2 2 2 2 2 2 2 2 2 2 2 2 2 2 2
left_child=1 5 9 6 -5 -1 16 8 -4 12 20 -8 27 25 -15 -16 22 18 19 -18 -9 -13 -2 -17 -25 -11 -23 -3 -10 -30
right_child=3 2 7 4 -6 -7 11 10 28 13 -12 21 -14 14 15 23 17 -19 -20 -21 -22 26 -24 24 -26 -27 -28 -29 29 -31
leaf_value=-0.0097551261742461776 0.0075422264051872552 -0.012442971909704406 -0.00063465093383253068 0 0.0098288753113978736 0 0 0 0.012032378851729262 0 0.0059127362555265054 0 0 -0.0060376444070432984 0.010411371513143246 -0.0050953697510727532 -0.0073159199361901494 0.0011294466357354746 0 0 -0.0085154344242389692 0.0086636643328399515 0 0 0.0084848704878705047 -0.0087379872379464759 0 0 0 0.0066164447201439479
leaf_weight=10.109724862501025 1.0771258622407973 2.6201186478137997 2.4372767657041532 2.2476655505597574 7.5946804992854595 0.55587118491530496 2.6475356519222251 0.58021803945303041 2.4370683208107948 0.60301349684596051 0.56517034396529187 0.4823290817439555 0.49875620752573002 1.1242188587784765 1.031320244073868 0.77713645249605212 4.9219079576432687 1.7578841038048265 0.78047018498182286 1.0672439336776731 1.7396363466978071 3.5974791496992111 0.72166305407881726 0.8592388182878492 0.73497065156698227 1.364152058959007 0.59089866280555714 0.55191932618618 1.3542643487453463 1.6202422715723512
leaf_count=241 23 65 50 51 141 12 54 12 41 15 10 10 11 28 21 18 114 33 16 22 34 66 15 18 14 33 10 13 24 30
internal_value=-0.00026995 -0.00361938 -0.000706092 0.00339427 0.00766801 -0.0088038 0.000698763 0.00276313 0.0049949 -0.00484785 -0.0015974 0.00400503 -0.0092844 -0.00147904 0 0.00307129 -0.00118077 -0.00269392 -0.00441657 -0.00570183 -0.00566201 0.00652248 0.00312342 0 0.00203544 -0.00634646 0.00766805 -0.0111271 0.00840304 0.00350853
internal_weight=59.0512 31.5643 20.8987 27.4869 9.84235 10.6656 17.6445 10.7339 7.84885 10.1648 2.88502 7.31824 3.67079 6.49405 4.52689 3.40267 10.3263 8.52751 6.76962 5.98915 2.31985 4.67071 1.79879 2.37135 1.59421 1.96717 4.18838 3.17204 5.41157 2.97451
internal_count=1245 690 437 555 192 253 363 201 145 236 56 140 89 147 99 71 223 185 152 136 46 86 38 50 32 48 76 78 95 54
is_linear=0
shrinkage=0.05


Tree=26
num_leaves=31
num_cat=0
split_feature=1 4 2 4 5 5 1 4 6 3 1 6 5 4 3 2 4 4 5 5 5 4 5 5 4 3 2 1 5 6
split_gain=0.284368 0.157924 0.105023 0.055246 0.0503421 0.0493372 0.038868 0.0319947 0.0369909 0.0414024 0.0662711 0.0308508 0.0328254 0.0300551 0.029781 0.0527206 0.028805 0.0403873 0.0317223 0.0310439 0.030883 0.0272561 0.0442778 0.0311541 0.0306256 0.0241021 0.0193407 0.0189456 0.0186727 0.0165122
threshold=0.23512550000000002 0.4532000000000001 0.65315900000000016 0.48855000000000004 0.51050000000000006 0.085900000000000018 0.19890550000000004 0.92830000000000013 0.78920000000000012 0.66457650000000013 0.62624750000000018 0.86660000000000015 0.84735000000000016 0.95845000000000014 0.30508900000000005 0.30474850000000003 0.50360000000000016 0.75600000000000012 0.23015000000000005 0.10485000000000001 0.2677500000000001 0.84965000000000013 0.76435000000000008 0.74490000000000001 0.63635000000000008 0.22177000000000005 0.49876600000000004 0.22196300000000005 0.066700000000000023 0.63255000000000006
decision_type=2 2 2 2 2 2 2 2 2 2 2 2 2 2 2 2 2 2 2 2 2 2 2 2 2 2 2 2 2 2
left_child=1 11 5 -4 6 25 16 8 9 10 -7 12 -1 14 15 -6 18 19 -3 -18 28 22 23 26 -24 -2 -16 -8 -19 -22
right_child=2 4 3 -5 13 7 27 -9 -10 -11 -12 -13 -14 -15 21 -17 17 20 -20 -21 29 -23 24 -25 -26 -27 -28 -29 -30 -31
leaf_value=-0.013179267050394482 0 0.011466345763215717 0 0.010041093449138316 -0.013643789802134283 -0.005828170443071665 0.01007076702715844 0.0096104953538060298 0.0048386330798430213 0.0048913067902602364 0.0048487048615999361 0 0 0.0084444696429682789 -7.885604875261908e-05 0 0 0 -0.0024310235676439414 -0.010816220732563327 -0.00091025779393230004 -0.0033384020244922223 0 -0.010178744116763771 0.012277070887298784 -0.01065628897124421 0.005193731471949993 0 -0.0066445178949430935 0.0048229523319772045
leaf_weight=4.9710085839033118 0.57496805675328033 0.45848779752850599 2.0630071461200696 7.0787656456232071 0.88025874644517532 5.4081156402826291 0.48303210735321123 1.3219730220735062 4.1153813786804667 1.9589867033064363 1.4039226695895193 1.1626410335302351 0.59007448703050602 0.99113048613071519 1.0648030899465091 4.3168555125594139 1.1467435471713523 0.52379488572478328 0.89450692385435104 4.1709102280437946 0.99383118376135859 1.0824397616088388 0.64409136399626765 0.51261547580361355 1.664761211723089 1.0800570026040075 2.2265548072755337 0.51391245797276497 2.9812648631632328 1.7747876681387422
leaf_count=130 13 11 47 129 20 120 10 24 78 37 27 27 14 17 21 89 28 11 22 102 22 19 13 10 27 25 42 12 65 33
internal_value=-0.000300812 -0.00334749 0.00364537 0.00796068 -0.00142718 0.000811032 -0.00357091 0.0020494 0.000820678 -0.000534214 -0.00286604 -0.0102835 -0.0118782 0.000444982 0 -0.00309303 -0.00450256 -0.00536457 0 -0.00882622 -0.00155352 0.00180529 0.00355998 0 0.00886792 -0.00648235 0.00206161 0.00327527 -0.00497855 0.00106195
internal_weight=59.0537 34.0485 25.0052 9.14177 27.3248 15.8634 13.9413 14.2084 12.8864 8.77103 6.81204 6.72372 5.56108 13.3835 12.3924 5.19711 12.9443 11.5913 1.35299 5.31765 6.27368 7.19527 6.11283 3.80397 2.30885 1.65503 3.29136 0.996945 3.50506 2.76862
internal_count=1245 745 500 176 574 324 316 286 262 184 147 171 144 258 241 109 294 261 33 130 131 132 113 73 40 38 63 22 76 55
is_linear=0
shrinkage=0.05


Tree=27
num_leaves=31
num_cat=0
split_feature=1 4 2 5 4 2 5 0 3 4 2 2 4 4 3 5 2 3 5 5 0 5 5 0 5 2 2 3 5 3
split_gain=0.245482 0.109355 0.0876621 0.0676064 0.0586128 0.0493984 0.0462646 0.041477 0.0448175 0.0407265 0.0454613 0.0453173 0.0358939 0.0351813 0.0338127 0.0337489 0.0360196 0.0539462 0.0294777 0.0260834 0.0303135 0.0250142 0.0214698 0.020508 0.0196464 0.0252994 0.0226393 0.0182881 0.0172307 0.0143663
threshold=0.23512550000000002 0.4532000000000001 0.65315900000000016 0.31400000000000006 0.50360000000000016 0.76197250000000005 0.097100000000000006 0.57051700000000005 0.5866260000000002 0.67675000000000007 0.49876600000000004 0.50388700000000008 0.93535000000000013 0.41205000000000008 0.58776050000000013 0.87455000000000005 0.41720150000000006 0.50895550000000012 0.85385000000000011 0.1193 0.43277600000000005 0.51050000000000006 0.81075000000000019 0.13445650000000001 0.063300000000000009 0.25683850000000003 0.61904850000000011 0.35696900000000004 0.41370000000000001 0.19518400000000005
decision_type=2 2 2 2 2 2 2 2 2 2 2 2 2 2 2 2 2 2 2 2 2 2 2 2 2 2 2 2 2 2
left_child=1 22 7 4 -3 6 -6 8 12 10 14 15 -2 -4 -5 16 -11 -18 28 -10 -21 -12 23 -1 -9 -26 -27 -23 -13 -15
right_child=2 3 13 9 5 -7 -8 24 19 11 21 18 -14 29 -16 -17 17 -19 -20 20 -22 27 -24 -25 25 26 -28 -29 -30 -31
leaf_value=-0.011347083687840777 -0.0058693679031035064 0.0042354432517716046 0 -0.013089737138077238 0 0 -0.010849178271710435 0 -0.0031692594087934494 0 -0.0053665170200354979 0 0.0031911389382714875 0.00080173015532553353 0 -0.00096739091199406701 0.011023764265002612 0 0.0043668705185211775 0.0089911858255371235 0 0 0 0 0 0.0077423743842763293 0 0.0059919642385630537 -0.0071070665615684042 0.0099017591704836597
leaf_weight=4.9849066231399766 5.1784883700311202 0.78935793414712119 1.180228754878043 1.383833386003974 1.9346238560974596 1.0358113124966619 5.0120257399976254 0.60509728267788787 0.5039126276969913 2.014280077069996 1.3771132752299307 0.62768181413412083 0.53754452243447293 1.8549965433776359 0.80373251065611828 1.0517360381782053 3.6354103125631809 1.7095396369695661 0.57328726723790158 1.8583733327686789 1.2187215536832807 1.4286237396299841 0.83863679692149151 0.84842585772275914 1.0316800028085706 4.4176953546702862 0.50133996829390515 1.7303305678069589 2.2213739231228828 6.1613539420068264
leaf_count=129 119 19 27 34 45 23 116 13 11 40 33 13 10 36 18 19 67 29 10 35 24 32 20 22 20 82 10 32 44 113
internal_value=-0.000314831 -0.00315454 0.00333804 -0.00151503 -0.00511344 -0.00669751 -0.00830516 0.000712625 -0.0010288 0 -0.0028662 0.00195821 -0.00411739 0.00726948 -0.00861325 0.00413796 0.00554108 0.00765507 -0.00194475 0.00252083 0.00509684 0 -0.00901016 -0.0100848 0.00391179 0.00499497 0.00653299 0.002477 -0.00501525 0.00844786
internal_weight=59.0502 34.0007 25.0494 27.3288 8.77182 7.98246 6.94665 15.8529 9.29704 18.5569 6.72363 11.8333 5.71603 9.19658 2.18757 8.41097 7.35923 5.34495 3.42234 3.58101 3.07709 4.53607 6.67197 5.83333 6.55581 5.95072 4.91904 3.15895 2.84906 8.01635
internal_count=1245 745 500 574 203 184 161 324 199 371 149 222 129 176 52 155 136 96 67 70 59 97 171 151 125 112 92 64 57 149
is_linear=0
shrinkage=0.05


Tree=28
num_leaves=31
num_cat=0
split_feature=1 5 1 0 3 2 2 2 5 2 3 5 3 3 6 3 5 3 1 6 6 3 6 1 2 6 6 3 3 6
split_gain=0.260737 0.105253 0.0739734 0.0537005 0.0448979 0.0436158 0.0399732 0.0392187 0.0350275 0.0407289 0.0394762 0.0235941 0.0215264 0.0208479 0.019229 0.017718 0.0150536 0.0143834 0.0245953 0.0271511 0.065389 0.0123421 0.030023 0.0301335 0.0266597 0.0317815 0.0434498 0.0165264 0.0106338 0.0117688
threshold=0.44568900000000006 0.51050000000000006 0.20364200000000002 0.25836450000000005 0.73577950000000014 0.76197250000000005 0.47973500000000008 0.49022350000000009 0.81310000000000004 0.41332100000000005 0.36883600000000005 0.17490000000000003 0.15860150000000003 0.39035900000000007 0.92710000000000015 0.20753950000000002 0.090150000000000022 0.89238750000000011 0.0074450000000000011 0.80685000000000018 0.55480000000000007 0.46353700000000003 0.59300000000000008 0.17824600000000004 0.50203950000000008 0.45870000000000005 0.88775000000000015 0.33477500000000004 0.4825135000000001 0.80790000000000017
decision_type=2 2 2 2 2 2 2 2 2 2 2 2 2 2 2 2 2 2 2 2 2 2 2 2 2 2 2 2 2 2
left_child=1 2 5 13 8 14 12 -5 9 10 -3 -8 -2 -4 17 -10 -14 18 19 20 -1 24 -23 -24 25 -11 27 -27 29 -17
right_child=6 4 3 7 -6 -7 11 -9 15 21 -12 -13 16 -15 -16 28 -18 -19 -20 -21 -22 22 23 -25 -26 26 -28 -29 -30 -31
leaf_value=-0.0094222130990914092 -0.0045997983602532348 -0.01265546803770745 0.013673476785083752 -0.0069610167215367613 0.0049085087380240028 0 0 0 0 -0.0027792263078461272 0 0.0098026445425051043 0 0 0 0.0088091599561116174 0.0047231536830677837 0 -0.013559610174951978 -0.010622060864822872 0 0.00013644523708070735 -0.012039851790163154 0 -0.0021644225077119823 0.0023777310350604954 0 0.016882030817134453 0 0
leaf_weight=2.2859482802450675 0.66367006674408724 1.5819331072270935 0.72591900080442318 2.5828717816621065 4.2861716933548442 2.4642540700733653 1.5348773337900636 3.9877631384879351 2.2669100463390341 0.46342256665229653 1.1068469882011411 6.2685897015035152 0.46142038330435786 0.57128343358635902 0.59822877496481019 1.5241972878575332 3.467475987970829 1.0755269564688212 3.1344772595912209 2.7817231640219688 4.1656553782522678 0.70948885008692775 1.1515556536614893 0.60590606182813633 3.2778985071927309 1.7651929296553142 0.62754724547266949 0.83223986253142346 1.4854687787592409 0.60077913105487812
leaf_count=57 14 38 15 62 78 56 32 91 48 11 23 109 10 12 14 28 65 22 81 66 95 14 22 11 70 35 13 15 27 11
internal_value=-0.000267039 -0.0020615 -0.00433926 0 0.000214567 -0.00623595 0.00604972 -0.00218866 -0.000647888 -0.00238339 -0.00782341 0.00836465 0.000956352 0.00855663 -0.00730575 0.00207508 0.00322681 -0.00769942 -0.00820238 -0.00572223 -0.00271652 -0.00024253 -0.00347776 -0.00755746 0.000228569 0.00367604 0.00616311 0.00933222 0.0043445 0.00658971
internal_weight=59.0552 46.6592 24.3737 7.86784 22.2856 16.5058 12.396 6.57063 17.9994 12.122 2.68878 7.80347 4.59257 1.2972 14.0416 5.87736 3.9289 13.4433 12.3678 9.23333 6.4516 9.43325 2.46695 1.75746 6.9663 3.6884 3.22498 2.59743 3.61045 2.12498
internal_count=1245 1015 571 180 444 391 230 153 366 252 61 141 89 27 335 114 75 321 299 218 152 191 47 33 144 74 63 50 66 39
is_linear=0
shrinkage=0.05


Tree=29
num_leaves=31
num_cat=0
split_feature=0 4 4 5 4 2 2 2 2 4 5 0 5 3 6 2 4 3 4 6 2 6 4 4 2 3 2 0 4 2
split_gain=0.234327 0.120889 0.0668509 0.0560275 0.0509996 0.0499721 0.0447955 0.044461 0.0386626 0.0315508 0.0234842 0.023254 0.0222915 0.0214001 0.0200166 0.018438 0.0361036 0.0631515 0.0298485 0.0193663 0.0484957 0.0310885 0.0235608 0.0296365 0.0195194 0.0192661 0.0150436 0.0156798 0.0147148 0.0146804
threshold=0.33767400000000009 0.4532000000000001 0.5071500000000001 0.32950000000000007 0.50360000000000016 0.76197250000000005 0.49695200000000006 0.15342700000000001 0.89411150000000006 0.95845000000000014 0.77620000000000011 0.62305600000000017 0.032600000000000011 0.64220600000000017 0.75780000000000014 0.49876600000000004 0.67815000000000014 0.58776050000000013 0.53180000000000016 0.56145000000000012 0.50001350000000011 0.88230000000000008 0.89115000000000011 0.55435000000000012 0.62874000000000008 0.4825135000000001 0.8759760000000002 0.14934750000000002 0.95265000000000011 0.8759760000000002
decision_type=2 2 2 2 2 2 2 2 2 2 2 2 2 2 2 2 2 2 2 2 2 2 2 2 2 2 2 2 2 2
left_child=1 7 11 4 -3 12 -4 -1 10 15 -9 14 -6 -14 -2 16 17 18 -5 26 21 22 23 -21 -22 -25 27 -17 -8 -26
right_child=2 3 6 9 5 -7 28 8 -10 -11 -12 -13 13 -15 -16 19 -18 -19 -20 20 24 -23 -24 25 29 -27 -28 -29 -30 -31
leaf_value=0 -0.0073767462916857155 0.0043184409036298122 0.00093666394377322896 0 0 0.00025099138442369903 0.0080014785853642946 -0.012302763612378467 0 0.0075123898151526636 0 0.0022624912009383486 -0.0097406218938306012 0 0 -0.0062191554992990783 0 0 -0.017367811426826599 0 -0.0061503687288439694 0 0 0.015327322976826572 0.0038925418818000811 0 0.0010183988811893771 0 0 -0.0023023473244377685
leaf_weight=0.50293039157986541 1.7183264810591965 0.86793641746044414 6.0862409435212639 0.45977934822440802 0.77904109284281542 1.4231916218996037 9.4169820547103846 5.3115788623690605 0.50751028582453717 1.2915731035172928 1.0940935686230657 1.9420504160225389 5.4504056926816702 1.7954805977642534 1.1626930050551889 2.1878782957792282 3.6998241432011127 1.069945093244314 1.1079714745283125 0.68222071602940459 1.274355463683605 1.0888033434748647 0.62254842370748509 1.6795857287943365 1.869867440313101 0.91135789453983296 0.51610728725790966 0.75731648504734028 0.59100774303078729 1.1929538063704965
leaf_count=12 44 21 119 12 18 31 171 140 12 23 26 41 131 38 26 48 71 22 27 15 25 21 10 30 36 15 11 16 10 23
internal_value=-0.000364313 -0.00277078 0.00377846 -0.00118468 -0.0041928 -0.00553537 0.00536409 -0.00857424 -0.00972825 0.000104859 -0.0108111 -0.000498498 -0.00716741 -0.00802535 -0.00405038 -0.000171856 -0.00254251 -0.00694043 -0.013181 0.000625967 0.00208969 0.00559547 0.00770013 0.00936466 -0.000847798 0.0117245 -0.00186002 -0.00402324 0.00752601 0
internal_weight=59.0616 38.1443 20.9173 30.7281 10.3161 9.44812 16.0942 7.41611 6.91318 20.4121 6.40567 4.82307 8.02493 7.24589 2.88102 19.1205 6.33752 2.6377 1.56775 12.783 9.32169 4.98452 3.89571 3.27316 4.33718 2.59094 3.4613 2.94519 10.008 3.06282
internal_count=1245 834 411 644 239 218 300 190 178 405 166 111 187 169 70 382 132 61 39 250 175 91 70 60 84 45 75 64 181 59
is_linear=0
shrinkage=0.05


Tree=30
num_leaves=31
num_cat=0
split_feature=1 6 2 4 0 5 2 2 6 5 4 4 2 5 5 0 6 2 1 2 6 1 5 0 5 6 5 0 6 1
split_gain=0.316304 0.161235 0.0856209 0.0845768 0.0661485 0.0694107 0.0582893 0.10268 0.0774468 0.0603027 0.0581563 0.0543654 0.0451673 0.0372006 0.0401642 0.0499103 0.0360334 0.0301847 0.0241331 0.0227311 0.0222013 0.0218384 0.0212575 0.0177032 0.0256863 0.0307563 0.0165486 0.0171973 0.0154638 0.0141091
threshold=0.26272700000000004 0.58755000000000013 0.91677150000000018 0.47575000000000006 0.64369950000000009 0.085900000000000018 0.50001350000000011 0.49876600000000004 0.8267500000000001 0.53790000000000016 0.4835000000000001 0.93990000000000007 0.23507100000000003 0.099300000000000013 0.46870000000000006 0.14153000000000002 0.46805000000000002 0.63764200000000015 0.19460400000000003 0.33474850000000006 0.78920000000000012 0.21931300000000001 0.82500000000000007 0.13830600000000001 0.77620000000000011 0.6513500000000001 0.67800000000000005 0.070575000000000013 0.82945000000000013 0.10507100000000001
decision_type=2 2 2 2 2 2 2 2 2 2 2 2 2 2 2 2 2 2 2 2 2 2 2 2 2 2 2 2 2 2
left_child=1 2 11 12 10 -6 7 13 22 -10 20 18 -3 -5 15 -15 -7 -8 -1 -12 -2 -20 -9 24 25 -14 27 -16 -28 -19
right_child=4 3 -4 6 5 16 17 8 9 -11 19 -13 23 14 26 -17 -18 29 21 -21 -22 -23 -24 -25 -26 -27 28 -29 -30 -31
leaf_value=-0.010940201934299384 -0.0063850274233943766 0.0015120672763861091 0.0054003279933042755 0.0084490261698402843 -0.0004063893485438625 0 -0.0071326582825358672 0.011624883826825413 -0.0086657258092361165 0.0070548832083565495 0 0 0 -0.012958269647725121 0.0095787437484537059 0 0.01211282748830019 -0.0023458487953376297 0.0035088602662678779 0.0052774059696266461 0 -0.0068319811476456431 0 0 0 -0.012589055281721623 -0.0054510341734084929 0 0 0.0033725592043864537
leaf_weight=8.4336376860737747 1.7978963833302288 0.72161462157964962 0.65380783379077989 0.63301058486104178 0.64250877499580283 0.51264656335115422 2.0693976394832125 4.6352403871715069 1.0789350606501105 1.1502150781452654 2.3973237052559844 0.55332594364881593 0.5952744968235496 1.5068228319287302 0.72270101681351684 0.77968098409473885 5.9083684794604778 2.3828567862510681 0.54496071860194095 10.391629312187431 1.0850901119410989 0.89955353736877441 0.58707227185368527 1.0719364900141952 0.55591231584548939 2.9206576440483332 1.4999135769903662 0.62098237872123718 0.71846173703670491 1.7998838573694227
leaf_count=205 46 17 13 14 14 10 44 88 23 20 49 11 15 37 14 18 108 50 12 194 25 22 10 27 12 76 27 14 13 35
internal_value=0.00026531 -0.00248767 -0.00752313 -0.000133162 0.00497216 0.00928866 0.00120763 0.00316307 0.00721545 0 0.00266309 -0.00885148 -0.00552841 -0.000774858 -0.00273898 -0.00779575 0.0110169 -0.00234417 -0.009814 0.00427338 -0.00270777 0 0.0104998 -0.00747963 -0.00899602 -0.0105418 0 0.00474405 -0.00195711 0
internal_weight=59.8713 37.1359 11.0853 26.0506 22.7355 7.06352 20.1852 13.933 7.45146 2.22915 15.6719 10.4315 5.8654 6.48157 5.84856 2.2865 6.42102 6.25214 9.87815 12.789 2.88299 1.44451 5.22231 5.14378 4.07184 3.51593 3.56206 1.34368 2.21838 4.18274
internal_count=1263 817 263 554 446 132 407 278 141 43 314 250 147 137 123 55 118 129 239 243 71 34 98 130 103 91 68 28 40 85
is_linear=0
shrinkage=0.05


Tree=31
num_leaves=31
num_cat=0
split_feature=1 3 6 5 2 0 3 5 6 6 3 2 6 6 6 3 6 3 2 6 5 3 2 5 3 6 2 6 6 6
split_gain=0.313133 0.163303 0.0916466 0.0880342 0.0601863 0.059744 0.0734839 0.0685476 0.0469322 0.0398679 0.0379043 0.0410618 0.0315827 0.0524708 0.0308514 0.0263985 0.0540671 0.0329592 0.0328454 0.0435816 0.032489 0.0392129 0.0282783 0.0390797 0.0335109 0.0254979 0.0246405 0.0245463 0.0242984 0.0275732
threshold=0.28132100000000004 0.58435000000000015 0.61325000000000018 0.73135000000000006 0.8365220000000001 0.64369950000000009 0.42159450000000004 0.085900000000000018 0.72505000000000008 0.82025000000000015 0.64962700000000007 0.49876600000000004 0.58755000000000013 0.6392500000000001 0.79790000000000016 0.21881400000000004 0.64365000000000017 0.51365700000000014 0.54373650000000018 0.80790000000000017 0.72395000000000009 0.12487000000000002 0.29715650000000005 0.099300000000000013 0.46560950000000006 0.46805000000000002 0.78393650000000015 0.80175000000000007 0.56840000000000013 0.63255000000000006
decision_type=2 2 2 2 2 2 2 2 2 2 2 2 2 2 2 2 2 2 2 2 2 2 2 2 2 2 2 2 2 2
left_child=1 2 4 9 -1 6 28 -7 -8 10 11 -3 26 -14 -15 16 -4 18 19 22 21 -18 -17 -24 -25 -9 -12 -20 -2 -30
right_child=5 3 15 -5 -6 7 8 25 -10 -11 12 -13 13 14 -16 17 20 -19 27 -21 -22 -23 23 24 -26 -27 -28 -29 29 -31
leaf_value=-0.010070027938646321 0.0036153605504794873 0 0.004942060796260893 0.010046157083954323 0 -0.00035161212009458045 0.0010552033275133378 0 0.011404817551131069 -0.0055993654109153853 -0.0089814990630423166 0.014771369924632384 0.013774913542214322 -0.0040646161489337708 0.0072501217598049707 0 0 -0.0069466233843873395 -0.0077993664258212154 -0.0001245719948472878 0 -0.011290541638462191 0 0.014412774419400993 0 0.011868217632186696 0 0 -0.011486996552561322 0
leaf_weight=8.4363351017236727 2.1455520223826188 0.50867526605725089 0.62953701987862842 2.7130342274904242 1.0328264012932766 0.63953794911503692 3.6617747712880373 0.5101252757012843 3.0203763358294964 2.3186200335621834 1.3349194116890428 0.91402898356318474 0.72205659747123752 1.9013387449085715 0.73829185962676991 0.88120255246758317 0.58021122962236438 1.5421682931482781 1.4325197897851469 3.4170275665819645 1.6384756304323671 3.2830418087542057 0.51147459074854884 1.8955615423619749 0.54004250839352597 5.9500199593603611 0.44814317673444737 1.1152224726974962 0.6603419817984103 4.7448728028684855
leaf_count=208 45 11 13 48 22 14 73 10 53 49 31 19 14 39 14 20 13 32 32 75 35 79 12 38 11 108 10 23 15 97
internal_value=0.000267547 -0.0023332 -0.00452985 0.00233563 -0.00864502 0.00518773 0.00275789 0.00925846 0.00656971 0 0.00189088 0.0088254 0 0.00267696 0 -0.00197773 -0.00464858 -6.77854e-05 0.000569327 0.00269787 -0.00670721 -0.00916945 0.00642896 0.00874561 0.0114213 0.0109629 -0.00536248 -0.00346872 -3.68747e-06 -0.00238804
internal_weight=59.8674 38.5348 26.9356 11.5991 9.46916 21.3326 14.2329 7.09968 6.68215 8.88607 6.56745 1.4227 5.14475 3.36169 2.63963 17.4665 6.13127 11.3352 9.79305 7.24531 5.50173 3.86325 3.82828 2.94708 2.4356 6.46015 1.78306 2.54774 7.55077 5.40521
internal_count=1263 848 613 235 230 415 283 132 126 187 138 30 108 67 53 383 140 243 211 156 127 92 81 61 49 118 41 55 157 112
is_linear=0
shrinkage=0.05


Tree=32
num_leaves=31
num_cat=0
split_feature=1 3 6 5 3 0 5 0 2 5 3 3 1 2 6 3 3 2 2 2 6 5 0 2 6 2 2 1 6 5
split_gain=0.295983 0.122124 0.104639 0.0754691 0.0644019 0.0551093 0.0533928 0.044773 0.0440133 0.0253395 0.0432275 0.0314233 0.03516 0.0286741 0.0239472 0.0213574 0.0499263 0.0254241 0.0378451 0.0457718 0.0410968 0.0369039 0.026538 0.023246 0.0199808 0.0226085 0.0187239 0.017653 0.0142023 0.0134461
threshold=0.26272700000000004 0.58435000000000015 0.61325000000000018 0.77620000000000011 0.50202400000000014 0.12536250000000002 0.66295000000000004 0.63861050000000008 0.8365220000000001 0.23620000000000002 0.63066500000000014 0.85590850000000007 0.18699250000000003 0.49876600000000004 0.8721000000000001 0.34991850000000008 0.51365700000000014 0.42913650000000009 0.51773200000000008 0.70258500000000013 0.77095000000000014 0.49590000000000006 0.047209500000000008 0.84061350000000001 0.43720000000000009 0.32645950000000007 0.72695200000000015 0.79546900000000009 0.89775000000000016 0.82135000000000014
decision_type=2 2 2 2 2 2 2 2 2 2 2 2 2 2 2 2 2 2 2 2 2 2 2 2 2 2 2 2 2 2
left_child=1 2 8 9 6 -5 27 -8 -1 14 -11 12 -12 -13 -3 17 26 22 20 -20 -19 -22 -4 -21 -6 -26 28 -2 29 -17
right_child=4 3 15 5 24 -7 7 -9 -10 10 11 13 -14 -15 -16 16 -18 18 19 23 21 -23 -24 -25 25 -27 -28 -29 -30 -31
leaf_value=-0.010046776741582639 -0.00047897194636574447 0 -0.013150930536701608 0.016900167052671486 0 0 0.00092186572420646011 0.013981776597341801 0 0.010261010505843632 -0.0063106268952178891 0 0.0034668013181437685 0.0096348156227613734 -0.01207513271632412 0.0073023040380573489 -0.0069883659941382299 0.0067298155375918036 -0.011612978523023159 0.0079383331925347005 -0.0085536955333201086 0.0012892302248505598 0 -0.0037512742101314476 0 0.010266559445874054 0 0.0068449949994946 0 0
leaf_weight=8.0735934004187584 9.2210352327674627 2.5059109330177294 1.2075165547430535 1.1420413181185711 0.48289458081126024 0.57619979605078686 2.8549353815615168 1.4988596290349958 0.8865142874419697 1.0836524255573747 2.7997384853661065 0.71693157777190197 0.54946014285087574 1.137304078787565 0.63151140883564938 2.9680070634931321 1.4797191619873045 2.1502493806183338 1.4425681605935099 0.54924997314810742 1.2294096965342762 1.3667408339679239 1.5443389564752577 1.1223550885915754 1.2912743948400018 6.6892562955617905 0.61290958896279324 0.79627627879381258 0.61596643924713124 0.64288320392370213
leaf_count=201 198 56 31 19 10 11 52 25 19 21 60 14 11 20 14 63 31 45 33 11 29 27 38 26 26 120 13 15 13 11
internal_value=0.000210131 -0.00246054 -0.004394 0.00158657 0.00475148 0.0109239 0.00219399 0.00675356 -0.00888349 0 0.00161 0 -0.00320295 0.00470023 -0.00380181 -0.00168646 0 -0.00308321 -0.000839371 -0.00539648 0.00116857 -0.00166178 -0.00748524 0 0.00843395 0.00903129 0.00310637 0 0.00467278 0.00591838
internal_weight=59.8693 37.0348 25.892 11.1428 22.8345 1.71824 14.3711 4.3538 8.96011 9.42451 6.28709 5.20343 3.3492 1.85424 3.13742 16.9319 6.31949 10.6124 7.86057 3.11417 4.7464 2.59615 2.75186 1.67161 8.46343 7.98053 4.83977 10.0173 4.22686 3.61089
internal_count=1263 817 591 226 446 30 290 77 220 196 126 105 71 34 70 371 131 240 171 70 101 56 69 37 156 146 100 213 87 74
is_linear=0
shrinkage=0.05


Tree=33
num_leaves=31
num_cat=0
split_feature=1 4 5 6 1 4 5 2 2 5 2 2 2 2 6 5 4 4 5 4 1 2 5 6 0 6 6 2 1 4
split_gain=0.272801 0.190457 0.0685923 0.0711252 0.0746031 0.0384845 0.0374128 0.0354576 0.0438562 0.0319547 0.0312917 0.0289005 0.027453 0.0255618 0.0249046 0.0245288 0.0372799 0.02993 0.0503542 0.0324767 0.0408106 0.0241454 0.0276911 0.0218998 0.0477915 0.0212932 0.0199513 0.0197088 0.0165584 0.0136979
threshold=0.44568900000000006 0.4532000000000001 0.76750000000000018 0.58755000000000013 0.19460400000000003 0.93990000000000007 0.8297500000000001 0.19954650000000004 0.75898100000000013 0.032600000000000011 0.50388700000000008 0.48182050000000004 0.46297800000000006 0.7685145000000001 0.43515000000000009 0.54900000000000004 0.59895000000000009 0.73850000000000005 0.13635000000000003 0.50360000000000016 0.18141000000000004 0.50001350000000011 0.68265000000000009 0.83795000000000008 0.13253200000000001 0.88775000000000015 0.81745000000000012 0.83223400000000014 0.17322600000000002 0.93700000000000017
decision_type=2 2 2 2 2 2 2 2 2 2 2 2 2 2 2 2 2 2 2 2 2 2 2 2 2 2 2 2 2 2
left_child=1 7 3 4 5 27 10 -1 -9 -2 12 -6 -4 26 -11 17 -17 18 23 -20 25 22 -18 24 -5 -21 -8 -3 -23 -19
right_child=9 2 6 15 11 -7 13 8 -10 14 -12 -13 -14 -15 -16 16 21 29 19 20 -22 28 -24 -25 -26 -27 -28 -29 -30 -31
leaf_value=0 0 -0.01018777544861098 0 0.014996929809128649 -0.0028150361773483339 0 -0.0028511423490470318 -0.010336886363220714 0 0 0 0.0059303287147812285 0.018639245692175125 0.0085094160596363138 0.0079193568678772308 0.0084503005227739951 0.007316609597053496 0.0024659100706798231 0 -0.013800934538514678 0 -0.0083251984756540411 0 0 0 0 0.0047379782668529932 0 0 -0.0019322232760029406
leaf_weight=0.66944700852036376 0.40226773545145889 4.9776470828801411 0.80037677660584394 0.71853190101683295 1.3945775963366034 0.47431556880474079 3.1132764965295792 7.0580922327935678 1.3357513304799793 0.59358313679695029 0.58966614305973042 1.6274405755102632 1.0123762637376783 0.82003770023584355 11.673346940428017 2.103183038532733 1.8311823606491091 6.8834504596889019 0.88598185777664173 2.0905084460973744 1.5085941888391969 0.87542653456330333 1.2652871347963808 0.62229929864406575 0.39526370912790298 0.46747956797480572 0.9583105333149432 0.55410534515976895 1.1282455734908579 1.0431782305240629
leaf_count=16 9 123 15 17 32 10 59 187 33 12 11 34 16 14 210 41 33 138 22 53 33 18 21 15 10 11 16 12 20 22
internal_value=0.000280589 -0.00138312 4.2517e-05 -0.000857676 -0.00462632 -0.00790466 0.00448579 -0.00786321 -0.00878291 0.00683322 0.00978509 0.000332157 0.0128905 0.000737581 0.00739402 0.000487585 0.00296313 -0.00040458 -0.00308827 -0.00598139 -0.00792913 0 0.00326877 0.00231805 0.00729618 -0.0117021 0 -0.00921031 -0.00352973 0.00124731
internal_weight=59.8732 47.204 38.1407 30.8467 9.02809 6.00607 7.29404 9.06329 8.39384 12.6692 2.40242 3.02202 1.81275 4.89162 12.2669 21.8186 7.20332 14.6153 6.68866 4.95256 4.06658 5.10014 3.09647 1.73609 1.1138 2.55799 4.07159 5.53175 2.00367 7.92663
internal_count=1263 1032 796 665 211 145 131 236 220 231 42 66 31 89 222 454 133 321 161 119 97 92 54 42 27 64 75 135 38 160
is_linear=0
shrinkage=0.05


Tree=34
num_leaves=31
num_cat=0
split_feature=0 4 6 0 3 6 5 3 4 6 4 3 0 4 6 0 2 6 6 5 2 0 5 6 5 2 5 5 4 5
split_gain=0.258553 0.156252 0.0807994 0.0781091 0.0575216 0.0575814 0.056819 0.0550497 0.0456687 0.0587933 0.0623723 0.044205 0.0360765 0.028416 0.0260654 0.0241158 0.0215802 0.021497 0.0200441 0.0330082 0.0224368 0.0190069 0.0180451 0.0175513 0.0174922 0.0378918 0.0373834 0.0158262 0.013373 0.0125488
threshold=0.24218950000000003 0.70430000000000004 0.5455000000000001 0.64369950000000009 0.58435000000000015 0.74780000000000013 0.085900000000000018 0.42159450000000004 0.46810000000000007 0.83705000000000007 0.58085000000000009 0.75482900000000008 0.12658550000000002 0.93535000000000013 0.72505000000000008 0.15584000000000001 0.72365950000000012 0.88775000000000015 0.73270000000000002 0.30265000000000003 0.54373650000000018 0.50538850000000013 0.41370000000000001 0.46805000000000002 0.21310000000000004 0.41115850000000004 0.65700000000000014 0.73935000000000006 0.48575000000000007 0.046250000000000006
decision_type=2 2 2 2 2 2 2 2 2 2 2 2 2 2 2 2 2 2 2 2 2 2 2 2 2 2 2 2 2 2
left_child=1 4 13 7 5 15 -5 16 27 10 -10 18 -13 -3 -9 -1 24 -11 19 -4 -21 28 29 -8 25 -2 -26 -7 -18 -6
right_child=3 2 11 6 22 8 23 14 9 17 -12 12 -14 -15 -16 -17 21 -19 -20 20 -22 -23 -24 -25 26 -27 -28 -29 -30 -31
leaf_value=-0.012065542928727288 0.009900051011383075 -0.0079434431337647854 -0.00034481731006896522 0 0 -0.010069517752984482 0 0.00095808064866363641 0.019086412508696558 -0.011735326102655713 0 0.013128928048372871 0 0 0.008012537482360067 0 0 0 -0.00013989650857265548 0.0087068167497306222 0 0 0.0011783435678541596 0.010988511330010517 -0.0072091576044289911 -0.0027167906981042226 0 0 0.0083199017036194086 -0.0063616944048533672
leaf_weight=6.1506829131394642 0.77315016463399455 2.6520673818886276 1.0448619984090308 0.63569982349872489 0.56531840935349409 1.6904768049716952 0.50828448683023442 4.695936242118476 0.64827508106827758 0.51137410849332798 0.75393748469650745 1.655577898025512 0.55676333233714093 0.5109221152961253 4.2397108413279057 1.2524638418108223 0.51658426597714457 1.2764971777796743 5.9584469608962536 2.5187092684209351 0.58879955857992161 1.177290830761194 2.9864245466887951 6.0366349145770073 3.0780417788773775 1.1444831434637306 2.1074150502681732 0.49874216318130482 1.4441336244344709 1.6906650923192499
leaf_count=160 18 60 24 14 14 45 10 96 14 13 17 26 10 11 76 32 13 28 114 43 11 23 64 108 70 28 41 11 28 41
internal_value=0.000308016 -0.00251182 0.000897978 0.00407811 -0.00570602 -0.00754651 0.00873141 0.00204007 -0.0022581 0.000199261 0.00881239 0.00300198 0.00958445 -0.00560775 0.00491022 -0.0106415 -3.97421e-06 -0.00401643 0.000992235 0.00375769 0.00666369 0.00283019 -0.000225216 0.0102425 -0.00197211 0.000130465 -0.00368341 -0.00787536 0.00597032 -0.00417663
internal_weight=59.8684 33.511 15.4861 26.3574 18.0249 12.7824 7.18062 19.1767 5.3793 3.19008 1.40221 12.3232 2.21234 3.16299 8.93565 7.40315 10.2411 1.78787 10.1108 4.15237 3.10751 3.13801 5.24241 6.54492 7.10309 1.91763 5.18546 2.18922 1.96072 2.25598
internal_count=1263 738 299 525 439 320 132 393 128 72 31 228 36 71 172 192 221 41 192 78 54 64 119 118 157 46 111 56 41 55
is_linear=0
shrinkage=0.05


Tree=35
num_leaves=31
num_cat=0
split_feature=1 4 5 4 6 5 5 3 4 3 5 2 2 6 6 6 3 2 6 1 6 3 4 5 5 5 1 4 1 4
split_gain=0.25393 0.193107 0.105563 0.0735878 0.0651584 0.0679692 0.0569002 0.0404869 0.0315117 0.0300062 0.0297355 0.0297753 0.0373351 0.0471048 0.0286484 0.0281686 0.0334348 0.0274192 0.0262177 0.0257757 0.028619 0.0255933 0.0240028 0.0254039 0.0388901 0.022965 0.0213705 0.0204941 0.0177994 0.0176272
threshold=0.10507100000000001 0.77180000000000015 0.45680000000000004 0.47575000000000006 0.60615000000000008 0.56005000000000005 0.84735000000000016 0.35696900000000004 0.93990000000000007 0.21480600000000002 0.80300000000000005 0.58091250000000005 0.50388700000000008 0.85550000000000015 0.93190000000000006 0.89185000000000014 0.47060150000000006 0.44417950000000006 0.63255000000000006 0.52966300000000011 0.78920000000000012 0.17326150000000004 0.74145000000000005 0.43615000000000009 0.70300000000000018 0.66120000000000012 0.20847000000000002 0.61370000000000013 1.0000000180025095e-35 0.56515000000000015
decision_type=2 2 2 2 2 2 2 2 2 2 2 2 2 2 2 2 2 2 2 2 2 2 2 2 2 2 2 2 2 2
left_child=1 2 14 19 8 17 9 21 -3 -7 11 12 13 22 -1 16 -9 -6 28 20 -2 -4 29 -24 -25 -23 -13 -20 -18 -5
right_child=3 4 7 10 5 6 -8 15 -10 -11 -12 26 -14 -15 -16 -17 18 -19 27 -21 -22 25 23 24 -26 -27 -28 -29 -30 -31
leaf_value=-0.011983042072205715 -0.0059221831228386725 -0.0078635465833014478 0 0.00038786340514063042 -0.0089816820631184961 0 0 0.0090933167980640616 0 0.01626525216409393 0.0085120021861972185 0 -0.0040553124631491138 0.010945998253205719 0 -0.0084303523799139704 0.0069882752169567455 0.0016633604690252587 0 0.0025535199185618904 0 0 0 0.011464375895266029 0 -0.012855430242583491 0.006027057887850208 -0.011435752737514508 0 -0.0044961374633824373
leaf_weight=7.8014031127095276 3.7488243840634814 2.0141053795814501 1.7206197269260863 1.1681459173560198 0.63505462184548411 0.6117187328636654 0.79054114967584599 1.1542699486017225 0.60270514339208592 1.8563575781881807 4.180437993258237 1.3948023468255986 2.4444334059953681 1.3520817719399918 0.41506372019648541 0.60767309740185727 1.2328411974012854 3.2435361556708813 0.73545549064874627 1.7773719355463979 1.8003213070333002 1.1950344964861872 2.2603702694177628 1.4897482581436636 0.6504337154328822 1.624492175877094 8.0973021946847421 0.63551101833581924 0.41592651978135098 2.6957250609993935
leaf_count=202 99 45 41 26 15 11 12 23 12 26 69 31 49 26 10 12 24 62 15 36 42 29 48 27 12 40 149 12 10 60
internal_value=-0.000173503 -0.00381227 -0.0069885 0.0026821 0.00140432 0.00424447 0.00945586 -0.0025731 -0.00437272 0.0131274 0.00398999 0.00284672 0.000676564 0.00242331 -0.0113055 0 0.00217004 0 0 -0.00123032 -0.00335111 -0.00593776 0.000317014 0.00327287 0.00706189 -0.008829 0.00504713 -0.00552808 0.0034315 -0.00178565
internal_weight=60.3523 27.2923 17.5383 33.06 9.75402 7.13721 3.25862 9.32182 2.61681 2.46808 25.7335 21.553 12.0609 9.6165 8.21647 4.78168 4.174 3.87859 3.01973 7.32652 5.54915 4.54015 8.26442 4.40055 2.14018 2.81953 9.4921 1.37097 1.64877 3.86387
internal_count=1275 601 418 674 183 126 49 206 57 37 497 428 248 199 212 96 84 77 61 177 141 110 173 87 39 69 180 27 34 86
is_linear=0
shrinkage=0.05


Tree=36
num_leaves=31
num_cat=0
split_feature=1 5 3 6 2 6 1 6 6 6 3 6 6 5 2 6 6 2 2 0 3 0 6 5 5 6 3 1 5 2
split_gain=0.251698 0.127647 0.090807 0.070187 0.0697504 0.0645796 0.0559432 0.0526984 0.0413393 0.0523062 0.0412602 0.0342164 0.0333201 0.0328397 0.0342634 0.0295674 0.0272336 0.0216387 0.0188978 0.0188484 0.0259677 0.0320188 0.0155403 0.0154726 0.013004 0.0125935 0.014925 0.0105277 0.00993194 0.0094527
threshold=0.10507100000000001 0.51050000000000006 0.85590850000000007 0.57450000000000012 0.49876600000000004 0.64090000000000014 0.44568900000000006 0.74780000000000013 0.8902000000000001 0.84700000000000009 0.47601700000000008 0.88535000000000019 0.86270000000000013 0.3110500000000001 0.36034100000000008 0.78670000000000007 0.91865000000000008 0.66474300000000008 0.66474300000000008 0.22519950000000002 0.4148245000000001 0.39275650000000006 0.91025000000000011 0.27945000000000003 0.86685000000000001 0.67410000000000014 0.26490300000000006 0.19189950000000003 0.69485000000000008 0.70111900000000016
decision_type=2 2 2 2 2 2 2 2 2 2 2 2 2 2 2 2 2 2 2 2 2 2 2 2 2 2 2 2 2 2
left_child=1 4 3 18 12 10 11 -7 9 15 -5 17 -1 25 -15 -9 -6 19 -3 27 21 28 -16 -19 -17 29 -27 -2 -21 -8
right_child=6 2 -4 5 16 7 13 8 -10 -11 -12 -13 -14 14 22 24 -18 23 -20 20 -22 -23 -24 -25 -26 26 -28 -29 -30 -31
leaf_value=-0.016715036973016364 0 -0.0094848951555783351 0.012055939656277945 0.013017598881212367 -0.0053348319978095866 -0.0092414427580820545 -0.0038306542913403782 0.0054220434323754485 -0.0061695225573090004 0.01090326840151761 0 0.0055010142015246236 0 0 0.0091859756541118644 -0.0092915218406219753 0.00012540625263429768 0 0 -0.010609967292475944 0 0 0 0.0041371480449072873 0 0 0.0065890729167815314 0.0062925179914981137 0 0
leaf_weight=2.6880677044391663 2.892928563058383 2.7788427975028749 1.2120149061083783 1.3290649913251384 9.930542323738333 1.7058436274528501 1.6049282699823373 0.8264922648668297 1.3423997461795805 1.4074845369905231 0.88291389867663372 2.9433116540312758 0.5938390977680682 1.5453229956328849 6.4682581461966038 0.81727972254157044 0.74690733477473337 1.6771200075745571 0.48397450149059285 2.0560657419264303 3.7672638930380344 1.7535062488168476 0.67944156751036633 3.7627618126571178 0.50557754561305046 0.71210263669490848 1.4642452597618101 0.58676489070057858 0.47556056454777706 0.70375055074691761
leaf_count=72 68 66 19 26 234 35 34 14 26 26 16 59 14 29 107 15 16 38 12 51 82 41 11 74 10 15 29 12 10 14
internal_value=-0.000292494 -0.00391668 -1.6176e-05 -0.00172696 -0.00724851 7.29247e-05 0.00254408 -0.00183106 0 0.00363979 0.00775425 0.000572397 -0.0143423 0.00512046 0.00699087 0 -0.00449133 -1.66715e-05 -0.00793515 -0.00151414 -0.00299066 -0.00560644 0.00843275 0.00222531 -0.00572782 0.000331261 0.00366645 0.000494018 -0.00909909 -0.000758623
internal_weight=60.3446 27.2512 13.2919 12.0799 13.9594 8.81706 33.0933 6.60508 4.89923 3.55683 2.21198 19.9153 3.28191 13.178 8.69302 2.14935 10.6774 16.972 3.26282 11.5321 8.0524 4.28513 7.1477 5.43988 1.32286 4.48503 2.17635 3.47969 2.53163 2.30868
internal_count=1275 601 265 246 336 168 674 126 91 65 42 435 86 239 147 39 250 376 78 264 184 102 118 112 25 92 44 80 61 48
is_linear=0
shrinkage=0.05


Tree=37
num_leaves=31
num_cat=0
split_feature=1 5 1 6 5 2 5 1 6 3 6 5 3 5 3 3 6 2 5 1 3 3 0 6 5 6 6 6 3 5
split_gain=0.220056 0.153715 0.0651859 0.0649966 0.0479629 0.0445784 0.0498367 0.0433505 0.0301243 0.0251944 0.0249051 0.0209805 0.0152467 0.021721 0.0152014 0.0208517 0.0184249 0.0151149 0.0151362 0.0232277 0.0129925 0.0185597 0.0164429 0.0241617 0.0217255 0.011732 0.0219457 0.0112826 0.0111455 0.00858544
threshold=0.10507100000000001 0.7593000000000002 0.011054000000000003 0.59770000000000012 0.31400000000000006 0.42829850000000008 0.84735000000000016 0.44568900000000006 0.89185000000000014 0.58123800000000003 0.44410000000000005 0.33380000000000004 0.33749400000000007 0.66820000000000013 0.14551050000000001 0.85590850000000007 0.48640000000000005 0.66474300000000008 0.7743500000000002 0.12217850000000001 0.48560650000000005 0.53245400000000009 0.4126315000000001 0.69575000000000009 0.68265000000000009 0.5404000000000001 0.61325000000000018 0.92405000000000015 0.24129600000000004 0.27945000000000003
decision_type=2 2 2 2 2 2 2 2 2 2 2 2 2 2 2 2 2 2 2 2 2 2 2 2 2 2 2 2 2 2
left_child=1 2 4 9 25 -5 -7 8 17 -3 -9 -6 13 -12 -13 16 -16 18 19 -2 22 -22 23 24 -21 -1 -27 28 -10 -19
right_child=7 3 -4 5 11 6 -8 10 27 -11 12 14 -14 -15 15 -17 -18 29 -20 20 21 -23 -24 -25 -26 26 -28 -29 -30 -31
leaf_value=-0.013979699830478276 0.0049357088209434248 -0.0077632436910462831 -0.012595766892405019 0 0.0052981953101981782 0.014606591946557916 0 0 0 0 0 0.0012191282463229489 0.0076986811540065321 0.0065894274135862175 0 0.0004176832757543818 -0.0050729433449556542 0 0.0014325300843952369 -0.01070351539169982 0.0076754089696844194 -0.002140945283688881 0 0 0 0 -0.00584201540824268 0 0.0099465624258383602 0.0033484343488770531
leaf_weight=1.3658569455146885 0.44037526659668103 1.2925553936511267 3.4705739170312873 1.3315197601914404 0.64413198456168075 1.9124634340405466 0.99647227302193631 1.0362865291535843 0.43855287879705374 0.45293779671192158 4.1907709501683694 0.79441510140895744 6.1342401951551437 1.846638575196266 1.0624867491424064 1.0581225007772443 6.9373819753527641 1.7238341905176628 2.1316597759723654 2.359222466126083 0.44709158688783679 2.9912211056798697 1.3050495442003009 1.5337516404688356 0.41684039309620846 0.59838934242725361 5.2968627735972404 0.9913259632885455 1.3184649497270582 3.822760283946991
leaf_count=37 10 30 88 25 15 31 17 21 10 9 81 18 106 31 26 18 146 39 43 61 11 65 32 36 8 15 126 21 24 75
internal_value=-0.00019212 -0.00359215 -0.00566703 0.00291673 -0.00396993 0.00667387 0.0100642 0.00245288 0.000668745 -0.0033685 0.00474274 -0.00118496 0.00542833 0.00221904 -0.00216018 -0.0030126 -0.00408317 0 -0.00114114 -0.00224912 -0.00319498 0 -0.00469394 -0.0061543 -0.00889247 -0.00724581 -0.0046445 0.00543908 0.00778237 0.00199699
internal_weight=60.3423 27.2142 21.2282 5.98595 17.7576 4.24046 2.90894 33.1281 19.9202 1.74549 13.2079 10.4965 12.1716 6.03741 9.85241 9.05799 7.99987 17.1718 11.6252 9.49355 9.05318 3.43831 5.61486 4.30981 2.77606 7.26111 5.89525 2.74834 1.75702 5.54659
internal_count=1275 601 489 112 401 73 48 674 435 39 239 223 218 112 208 190 172 380 266 223 213 76 137 105 69 178 141 55 34 114
is_linear=0
shrinkage=0.05


Tree=38
num_leaves=31
num_cat=0
split_feature=1 5 2 6 6 0 6 5 2 5 2 3 5 3 3 3 3 6 2 6 3 3 6 5 5 3 6 6 6 3
split_gain=0.230883 0.136838 0.0820765 0.0774858 0.0687452 0.0503707 0.0487021 0.0456363 0.0436387 0.0407253 0.0373577 0.0284223 0.0235453 0.0225915 0.0213416 0.0501231 0.0180076 0.0171399 0.0168235 0.013441 0.0115031 0.0113032 0.0188138 0.0098737 0.0137225 0.00934806 0.00837966 0.00881083 0.00797796 0.0076319
threshold=0.10507100000000001 0.7593000000000002 0.49876600000000004 0.86270000000000013 0.59770000000000012 0.64369950000000009 0.81585000000000008 0.085900000000000018 0.49876600000000004 0.84735000000000016 0.51773200000000008 0.7604390000000002 0.27945000000000003 0.58123800000000003 0.5429965000000001 0.85590850000000007 0.23109650000000001 0.59105000000000008 0.80921050000000017 0.88775000000000015 0.33979300000000007 0.20371000000000003 0.61620000000000008 0.77620000000000011 0.85650000000000015 0.84288250000000009 0.72505000000000008 0.87155000000000016 0.50765000000000016 0.27154800000000007
decision_type=2 2 2 2 2 2 2 2 2 2 2 2 2 2 2 2 2 2 2 2 2 2 2 2 2 2 2 2 2 2
left_child=1 2 3 -1 13 6 12 -7 -6 -10 14 16 18 -3 21 17 -8 -16 20 -9 -2 26 29 25 -25 -14 -4 -28 -12 -23
right_child=5 4 10 -5 8 7 11 19 9 -11 28 -13 23 -15 15 -17 -18 -19 -20 -21 -22 22 -24 24 -26 -27 27 -29 -30 -31
leaf_value=-0.013997092921297053 -0.0067805241907304111 -0.0081706741721684958 0 0 0 -0.0011757943340680928 0 0.0085509661089555253 0.014556868765055075 0 0 0 -0.00046582588434009769 0 0 0.0010844639657795402 0.0076237391696741741 -0.011140925899520811 0 0 0 0 0.0037343858008840602 0.0062039328254825353 0 0.0043181571892361879 -0.010596540349497538 0 -0.0085536467052625791 -0.0043758523552421338
leaf_weight=4.5776421763002935 2.4328335486352506 1.2867129463702429 1.2282666563987716 0.85683542117476452 1.6345050111413 0.62700740993022819 1.8109239302575577 5.8006290048360825 1.6853415817022326 0.95397210866212834 0.71601017750799556 0.89219204336404789 7.9796459786593896 0.45345539227128018 0.79153763130307275 1.151077054440975 4.5765578076243401 1.8264077939093111 1.3273533806204794 0.66875122115015972 2.4851848874241114 0.39953595772385586 3.9407016038894653 1.7764405608177178 1.7292378172278402 1.0593031160533426 0.42806754633784283 0.52774970233440399 3.6854877043515444 1.0334462560713289
leaf_count=116 61 30 31 19 30 14 39 103 27 16 19 17 171 9 18 22 86 38 28 12 59 10 83 31 33 20 10 11 87 25
internal_value=-0.000298167 -0.00378014 -0.00573863 -0.0114274 0.00227498 0.00240749 0.00113946 0.00629046 0.00618669 0.0100469 -0.00339736 0.0045938 0 -0.00442907 -0.00129171 -0.00432642 0.00591253 -0.00849751 -0.00268167 0.00778207 -0.00418033 0 0.0014769 0.00102294 0.00324277 0 -0.00267293 -0.00594118 -0.00755622 -0.00130821
internal_weight=60.3428 27.1768 21.1628 5.43448 6.01399 33.1661 26.0697 7.09639 4.27382 2.63931 15.7283 7.27967 18.79 1.74017 11.3268 3.76902 6.38748 2.61795 6.24537 6.46938 4.91802 7.55777 5.37368 12.5446 3.50568 9.03895 2.18408 0.955817 4.4015 1.43298
internal_count=1275 601 489 135 112 674 545 129 73 43 354 142 403 39 248 78 125 56 148 115 120 170 118 255 64 191 52 21 106 35
is_linear=0
shrinkage=0.05


Tree=39
num_leaves=31
num_cat=0
split_feature=1 4 6 5 5 4 6 4 1 6 4 4 1 2 2 0 2 6 6 5 2 6 4 5 6 5 6 0 5 6
split_gain=0.240138 0.138163 0.071551 0.0576068 0.0416604 0.0392599 0.0336968 0.0266234 0.0349395 0.0258181 0.0254475 0.0413712 0.0339909 0.0240235 0.0201624 0.019419 0.0186072 0.0174474 0.0168549 0.0169856 0.0161355 0.0116505 0.0177544 0.0112219 0.0193458 0.0208546 0.010849 0.0108468 0.00917299 0.00899283
threshold=0.26272700000000004 0.46810000000000007 0.54835000000000012 0.7593000000000002 0.31690000000000007 0.47575000000000006 0.61740000000000006 0.93990000000000007 0.19460400000000003 0.86660000000000015 0.50360000000000016 0.70325000000000015 0.12002700000000001 0.35563950000000005 0.78393650000000015 0.13445650000000001 0.85203250000000008 0.48640000000000005 0.76130000000000009 0.84265000000000001 0.23839850000000004 0.67095000000000005 0.38820000000000005 0.55330000000000013 0.88890000000000013 0.10485000000000001 0.81585000000000008 0.011439000000000001 0.61540000000000006 0.68710000000000016
decision_type=2 2 2 2 2 2 2 2 2 2 2 2 2 2 2 2 2 2 2 2 2 2 2 2 2 2 2 2 2 2
left_child=1 4 7 10 -1 21 -5 8 16 14 -4 12 23 20 15 17 -3 -6 -8 27 -7 -2 -23 24 25 -12 -14 -20 -25 -22
right_child=5 2 3 6 9 13 18 -9 -10 -11 11 -13 26 -15 -16 -17 -18 -19 19 -21 29 22 -24 28 -26 -27 -28 -29 -30 -31
leaf_value=-0.014237377055869511 -0.0033979243192777692 -0.0095354476888034282 0.00505126629784088 0.013043113494725806 0 0.0043902599112676825 -0.00066741889836235177 0 0 0 0 0 -0.00079037859531381105 0.0055921642298651705 0 0 0 -0.010948342020393555 0.011491917698343769 0 0 0.0071010619296287825 0 0 0 -0.014149534983523405 0.0069339393007763457 0 -0.0041912513324601896 -0.0057038807675077333
leaf_weight=2.9767340403050166 1.8803282473236347 4.399484213441613 1.0465957969427169 1.0694320648908604 0.47456345334649164 1.6876594051718741 1.579289313405752 0.49989173188805569 0.72923911735415448 0.94057969376444805 0.47385974228382455 10.39402077719569 0.77966297790408112 14.50413455814123 0.48027663677930821 1.0121348947286604 0.43672301620244969 2.492501150816679 0.79655520990490936 1.0826458781957624 1.4911529123783114 0.90441295132041011 1.9339736029505727 0.68271914124488819 0.41217241436243046 1.757968124002218 0.45268643647432327 0.91503488644957542 1.2803912945091722 0.77184476330876339
leaf_count=84 47 110 24 17 13 33 27 11 16 21 11 206 18 261 12 27 10 66 13 19 31 20 43 13 10 46 10 15 25 16
internal_value=-0.000309798 -0.00287327 -0.00101748 6.46885e-05 -0.00857393 0.00358128 0.00469412 -0.00581797 -0.00697019 -0.00434082 -0.00112444 -0.00185721 -0.00518643 0.00462353 -0.0060734 -0.00732024 -0.00857068 -0.00933263 0.00128898 0.00410715 0 0 0.00145978 -0.00721071 -0.00994668 -0.0117118 0 0.00709859 -0.000798753 -0.00157782
internal_weight=60.3387 37.1652 28.7884 22.723 8.37679 23.1735 5.44296 6.06534 5.56545 5.40006 17.2801 16.2335 5.83946 18.4548 4.45948 3.9792 4.83621 2.96706 4.37353 2.79424 3.95066 4.71871 2.83839 4.60711 2.644 2.23183 1.23235 1.71159 1.96311 2.263
internal_count=1275 824 601 454 223 451 91 147 136 139 363 339 133 341 118 106 120 79 74 47 80 110 63 105 67 57 28 28 38 47
is_linear=0
shrinkage=0.05


Tree=40
num_leaves=31
num_cat=0
split_feature=1 5 3 2 5 6 6 1 5 3 0 5 5 5 5 6 6 3 1 5 6 6 6 3 3 3 0 3 3 3
split_gain=0.18051 0.0852497 0.0759548 0.0580016 0.039958 0.0344309 0.0472407 0.0453513 0.0354102 0.0384998 0.0308694 0.0303151 0.0267406 0.0264839 0.0464107 0.0252375 0.0191949 0.0294339 0.0329891 0.0258993 0.0188144 0.0338709 0.0397918 0.0269269 0.0256582 0.0217789 0.0174096 0.0155591 0.0153638 0.0163831
threshold=0.44568900000000006 0.57945000000000013 0.79829450000000002 0.92871200000000009 0.78520000000000012 0.59770000000000012 0.62985000000000013 0.19460400000000003 0.89085000000000003 0.32021700000000003 0.37311350000000004 0.81310000000000004 0.64705000000000013 0.44375000000000003 0.22190000000000001 0.67095000000000005 0.84700000000000009 0.47601700000000008 0.12406200000000002 0.72395000000000009 0.47420000000000007 0.58580000000000021 0.6018 0.29831550000000007 0.20371000000000003 0.15121750000000003 0.35156400000000004 0.29633250000000005 0.57405750000000011 0.14047650000000003
decision_type=2 2 2 2 2 2 2 2 2 2 2 2 2 2 2 2 2 2 2 2 2 2 2 2 2 2 2 2 2 2
left_child=1 3 5 10 15 7 11 28 9 12 20 -7 -8 14 -5 -4 17 -11 -19 -18 -1 -22 -23 24 25 -24 -25 -9 29 -3
right_child=-2 2 4 13 -6 6 8 27 -10 16 -12 -13 -14 -15 -16 -17 19 18 -20 -21 21 22 23 26 -26 -27 -28 -29 -30 -31
leaf_value=0 0.0045093003083779091 0 0 0 0 0 0 0.0060440847420574874 0.0060136720869479691 0.0032702847411007737 0 0.0175867536535914 -0.0073544554051238609 0 0.017286042392923209 0.018220345266848618 0 -0.010744750921711357 0 0.0090477067204364301 -0.01054503268054535 0.0037235423349054539 0 -0.0070684502886979436 0.001493624683896209 -0.0082818435360904902 0 -0.00093485277308004281 0 -0.010169627084132812
leaf_weight=2.7246403358876803 12.795665133744476 0.39470807090402349 0.54147700592875414 0.50332497060298809 1.1540221534669397 0.6618768461048592 0.51892588287591745 0.93732883036136661 1.4839940667152394 0.9487024582922462 3.8364678416401139 0.53367039933800697 3.4946590904146433 0.49617210403084744 0.58763812854886055 0.93301842361688614 0.53756476566195477 1.1804508008062837 0.70423714444041241 1.2449302002787588 4.2787880040705231 0.75406196527183311 1.5155910700559609 9.1701636277139151 2.5541305616497993 1.6138114836066959 0.44904423877596933 1.0655407011508939 0.91940467059612263 2.6736216526478529
leaf_count=69 230 9 10 11 19 13 11 18 26 18 92 8 73 11 11 13 10 21 13 21 114 17 36 210 59 41 9 22 19 66
internal_value=-0.000629314 -0.00209705 0.000179366 -0.00385968 0.00812114 -0.00077969 0.000471245 -0.0039311 -0.000205873 -0.00190485 -0.00450372 0.00963231 -0.00556897 0.00371103 0.00866618 0.0133319 0.000271453 -0.00100887 -0.00573842 0.00490815 -0.0051938 -0.00573357 -0.00408462 -0.00481568 -0.000918269 -0.00442036 -0.00657088 8.56422e-05 -0.00712445 -0.00880965
internal_weight=61.2076 48.412 19.9281 28.4838 2.62852 17.2996 11.309 5.9906 10.1135 8.62947 26.8967 1.19555 4.01358 1.58714 1.09096 1.4745 4.61589 2.83339 1.88469 1.78249 23.0602 20.3356 16.0568 15.3027 5.68353 3.1294 9.61921 2.00287 3.98773 3.06833
internal_count=1300 1070 390 680 42 348 214 134 193 167 647 21 84 33 22 23 83 52 34 31 555 486 372 355 136 77 219 40 94 75
is_linear=0
shrinkage=0.05


Tree=41
num_leaves=31
num_cat=0
split_feature=4 1 2 5 1 3 5 5 3 5 4 4 6 6 2 1 1 3 5 6 2 5 5 4 5 1 3 4 1 2
split_gain=0.18849 0.202563 0.0572913 0.0420014 0.0378462 0.0328396 0.0324104 0.0280776 0.0250399 0.024518 0.0271508 0.0298411 0.0212781 0.020361 0.0153179 0.0166474 0.0248194 0.0150917 0.0150647 0.0449839 0.0132598 0.0161142 0.0128846 0.012844 0.0113582 0.0371917 0.0341451 0.00865028 0.00841967 0.00746873
threshold=0.75395000000000012 0.19460400000000003 0.69051050000000014 0.68265000000000009 0.39820000000000005 0.88730500000000012 0.90690000000000015 0.099300000000000013 0.87230300000000016 0.66295000000000004 0.90300000000000014 0.91890000000000016 0.93015000000000014 0.53465000000000007 0.89411150000000006 0.58650100000000005 0.22519500000000001 0.76832350000000005 0.54900000000000004 0.86660000000000015 0.41720150000000006 0.87455000000000005 0.33605000000000002 0.88730000000000009 0.27945000000000003 0.032545000000000011 0.66004800000000008 0.83610000000000018 0.3058840000000001 0.29715650000000005
decision_type=2 2 2 2 2 2 2 2 2 2 2 2 2 2 2 2 2 2 2 2 2 2 2 2 2 2 2 2 2 2
left_child=1 6 4 14 5 9 8 -6 12 10 -2 -12 18 -5 15 16 -3 28 -1 -20 29 23 -7 -22 -4 -26 -27 -9 -15 -11
right_child=2 3 24 13 7 22 -8 27 -10 20 11 -13 -14 17 -16 -17 -18 -19 19 -21 21 -23 -24 -25 25 26 -28 -29 -30 -31
leaf_value=-0.0095137591913021981 -0.0047376521242025894 0.0037024619997825612 0 0 0 0 0 0 0 0 0.011030090126161112 -0.00087746818747945314 0 0.0067512819726775856 0.0042133214564598126 0.0011136736981755928 -0.0036450606858939986 0.013906921904259873 -0.0062751061441543984 0.0013327780799337777 0 0 0.010433834354179678 0.0092984516129982174 0 0.015839803408874177 0 0.0086595405184422998 0 -0.0044013149987863626
leaf_weight=9.5773056913167363 5.6388975456357056 0.60402715206146407 1.5128808245062817 0.88206470012664695 0.51608700677752395 0.62293932586908229 0.71264940872788329 0.94985245540738139 1.2866353131830681 0.8739941045641888 0.49976740032434497 2.0213717333972454 0.90952542796730895 0.78002472966909442 1.1679477505385865 2.6545306928455821 7.9777887146919966 0.87288182228803624 6.4800034593790761 1.3388772159814832 1.088945277035237 0.75676823779940594 0.86915320158004761 1.226708125323057 0.71548642963171039 1.9426935240626337 0.73540310934185971 2.7675018645823002 2.3530113622546196 0.86387757211923599
leaf_count=257 122 14 31 18 11 12 14 16 27 15 10 45 21 15 22 51 184 13 150 26 18 13 12 20 14 32 12 48 42 15
internal_value=-0.000551596 -0.00281508 0.00283973 0.000913831 0.00123337 0 -0.00622467 0.00533215 -0.00665307 -0.000820701 -0.00271607 0 -0.00712451 0.00487594 -0.000274104 -0.00121465 -0.0025153 0.00642492 -0.0075125 -0.00434058 0.00136611 0.00365211 0.00678507 0.00584749 0.00781509 0.00978019 0.0123998 0.00711785 0.00242818 0
internal_weight=61.1996 37.5973 23.6023 17.2923 18.6959 14.4624 20.305 4.23344 19.5923 12.9703 8.16004 2.52114 18.3057 4.88798 12.4043 11.2363 8.58182 4.00592 17.3962 7.81888 4.81029 3.07242 1.49209 2.31565 4.90646 3.39358 2.6781 3.71735 3.13304 1.73787
internal_count=1300 854 446 359 357 282 495 75 481 258 177 55 454 88 271 249 198 70 433 176 81 51 24 38 89 58 44 64 57 30
is_linear=0
shrinkage=0.05


Tree=42
num_leaves=31
num_cat=0
split_feature=1 5 6 2 2 3 3 5 5 3 3 0 6 3 3 3 6 1 3 3 5 6 3 3 6 6 2 6 1 5
split_gain=0.156435 0.0833943 0.0563249 0.0553392 0.0351962 0.0321045 0.0291648 0.0267659 0.0213801 0.0256319 0.0594585 0.0285266 0.020673 0.0200217 0.0208645 0.0183792 0.0169225 0.0377174 0.0194524 0.016683 0.01586 0.0150542 0.0127361 0.0207493 0.0112674 0.00882982 0.00783541 0.00750251 0.00835884 0.0103118
threshold=0.44568900000000006 0.30265000000000003 0.87465000000000015 0.61041800000000013 0.92871200000000009 0.43348150000000008 0.79829450000000002 0.5847500000000001 0.7593000000000002 0.64962700000000007 0.58776050000000013 0.028888500000000001 0.47420000000000007 0.39035900000000007 0.50399400000000016 0.13829500000000003 0.59770000000000012 0.19460400000000003 0.41854950000000007 0.18111400000000002 0.063300000000000009 0.59300000000000008 0.18111400000000002 0.13829500000000003 0.78230000000000011 0.44410000000000005 0.50001350000000011 0.91930000000000012 0.61401600000000012 0.17490000000000003
decision_type=2 2 2 2 2 2 2 2 2 2 2 2 2 2 2 2 2 2 2 2 2 2 2 2 2 2 2 2 2 2
left_child=1 4 3 6 12 -4 8 -7 9 10 15 -12 -1 19 -15 -3 17 -10 -18 -5 -2 -21 23 -22 -25 -17 -8 28 29 -24
right_child=20 2 5 13 -6 7 26 -9 16 -11 11 -13 -14 14 -16 25 18 -19 -20 21 22 -23 27 24 -26 -27 -28 -29 -30 -31
leaf_value=0 0 0 0 0 0.0012891075521487376 0 0.0032428789963072262 0.012059871921981977 -0.0086915863254083368 -0.012039501804615538 0.012260294644518808 0 -0.0063289068235678429 -0.0068619793057439803 0.0016425534631258943 0 -0.00026861229815721837 0.00098718222127978082 0.0055622656571657639 0 0.0077404133049202217 0.0095079399860918679 0 -0.0048582552954385197 0 -0.00590521413238907 0 0 0.0089576521271717714 0.0039403383032369311
leaf_weight=1.589658845216033 0.92767881974577804 0.74412902444602025 2.5258662439882746 1.0821367483586066 0.7599406726658352 1.403809327632189 1.9785012826323503 1.5386407375335691 1.6529904827475541 1.5355254299938668 0.61905539408326038 0.55076194182038307 12.850618485361336 0.88835229352116618 1.9841109551489351 0.71957013756036659 2.20505353063345 0.5962945595383643 1.5828317292034624 1.1180549841374161 0.69689086824655477 1.6763571277260778 0.82051155343651405 1.2683607563376424 0.52504772692918766 8.2539971023797971 0.4854677841067313 0.59291401505470354 3.6382095701992512 4.3786394633352757
leaf_count=42 20 17 51 23 16 28 35 24 39 34 12 12 319 19 38 18 45 13 26 26 12 33 17 25 10 191 9 10 62 74
internal_value=-0.000527902 -0.00190395 -0.000328834 -0.00138478 -0.00498683 0.00404588 -0.00276228 0.00750596 -0.00352836 -0.00476556 -0.00318438 0.00538103 -0.00566758 0.0021339 0 -0.00476907 -0.000131609 -0.0040646 0.000962269 0.00451997 0.00423806 0.00651752 0.00475876 0 -0.00147663 -0.00544732 0.000940832 0.00564838 0.00600994 0.00287356
internal_weight=61.19 48.3417 33.1415 27.6732 15.2002 5.46832 20.9242 2.94245 18.4602 12.423 10.8875 1.16982 14.4403 6.74901 2.87246 9.7177 6.03717 2.24929 3.78789 3.87655 12.8483 2.79441 11.9206 2.4903 1.79341 8.97357 2.46397 9.43027 8.83736 5.19915
internal_count=1300 1070 693 590 377 103 451 52 407 284 250 24 361 139 57 226 123 52 71 82 230 59 210 47 35 209 44 163 153 91
is_linear=0
shrinkage=0.05


Tree=43
num_leaves=31
num_cat=0
split_feature=1 3 5 6 0 6 5 6 5 3 3 5 5 3 2 3 5 3 3 3 0 6 5 3 1 5 6 3 0 5
split_gain=0.171019 0.0664785 0.053086 0.044056 0.0375574 0.0351479 0.05268 0.0460168 0.0476803 0.032292 0.0727918 0.030345 0.0275568 0.0268108 0.019037 0.0295768 0.0183184 0.0417378 0.0350368 0.017463 0.017399 0.0215801 0.0187142 0.0321016 0.0227946 0.0152637 0.01262 0.00935323 0.0086726 0.0146421
threshold=0.15508100000000002 0.79829450000000002 0.51050000000000006 0.74780000000000013 0.54512450000000012 0.76295000000000013 0.72395000000000009 0.92405000000000015 0.10185000000000001 0.5866260000000002 0.63066500000000014 0.26430000000000003 0.81695000000000018 0.15696150000000003 0.45021250000000007 0.4825135000000001 0.55330000000000013 0.32021700000000003 0.2681360000000001 0.31079600000000007 0.47204700000000005 0.78390000000000015 0.1193 0.29380050000000008 0.23297550000000003 0.82820000000000016 0.72800000000000009 0.7604390000000002 0.4126315000000001 0.71635000000000015
decision_type=2 2 2 2 2 2 2 2 2 2 2 2 2 2 2 2 2 2 2 2 2 2 2 2 2 2 2 2 2 2
left_child=1 3 -3 9 20 -5 7 8 -7 14 -11 -12 26 -10 -1 16 18 25 -16 -8 21 28 -23 -24 -25 -18 -6 -26 29 -2
right_child=4 2 -4 5 12 6 19 -9 13 10 11 -13 -14 -15 15 -17 17 -19 -20 -21 -22 22 23 24 27 -27 -28 -29 -30 -31
leaf_value=-0.01144133181971691 -0.0026195666453163488 -0.0017978107505653741 0.0084734636678846682 0.0067365000531185619 0 0 0 0.00076677282721850136 0 0.011130547435422517 0 -0.0093622539590344552 0.010494416192444298 -0.010101377505872965 0 -0.012463149562691159 0 0.0085943902457103327 -0.0096029084222147704 0.0057816590233686696 -0.0025813585319639175 0 0 0 0.01222756903900365 -0.0077877699162826695 0.004344819349233104 0 0.0024721567358239761 0.0012895043214002215
leaf_weight=3.5316292326897445 5.5756860058754736 1.8807293660938733 1.9210760109126566 0.88821400515735049 4.8645933941006643 1.3117117714136819 1.0568249411880972 1.453171696513891 0.63281620293855656 0.77605261653661672 0.59678871929645572 1.6034292317926881 2.0136429965496054 4.5388228632509708 2.3091789651662094 1.3590664155781258 1.8521184716373689 0.93043023720383633 1.9521755725145338 1.7268217615783212 3.0051916446536771 0.69070398062467475 1.3152056131511924 0.69672608561813865 1.8170826658606531 0.99469108507037152 4.6348744072020054 0.63370008021593083 2.4454485308378935 2.1749604605138302
leaf_count=93 135 41 30 19 92 31 22 32 14 15 14 34 32 103 61 31 43 19 48 27 64 15 28 15 33 21 83 11 51 43
internal_value=-0.000518805 -0.00316022 0.00219502 -0.00408653 0.00208512 -0.00115664 -0.00232893 -0.00463941 -0.00660388 -0.00589189 0 -0.00565067 0.00436948 -0.0087792 -0.00698857 -0.00468594 -0.00261973 0 -0.00482776 0.00245705 0.000365399 0.00127894 0.00388327 0.00525514 0.00796952 -0.00309531 0.00245449 0.0101589 0 -0.000883273
internal_weight=61.1836 31.3157 3.80181 27.5139 29.8678 11.6084 10.7202 7.93652 6.48335 15.9056 2.97627 2.20022 11.5131 5.17164 12.9293 9.39766 8.03859 3.77724 4.26135 2.78365 18.3547 15.3495 5.15342 4.46271 3.14751 2.84681 9.49947 2.45078 10.1961 7.75065
internal_count=1300 698 71 627 602 248 229 180 148 379 63 48 207 117 316 223 192 83 109 49 395 331 102 87 59 64 175 44 229 178
is_linear=0
shrinkage=0.05


Tree=44
num_leaves=31
num_cat=0
split_feature=1 4 6 4 1 1 3 6 6 6 6 5 6 6 3 6 4 5 5 2 4 2 2 1 3 5 3 2 6 6
split_gain=0.159864 0.130373 0.0511555 0.0407879 0.0515204 0.0356586 0.0334552 0.0378966 0.0651643 0.0331185 0.0459373 0.0465504 0.0577502 0.0216899 0.0202102 0.0223352 0.0199541 0.0167698 0.0126144 0.0153098 0.0106881 0.0366661 0.0239106 0.0234314 0.0586452 0.022899 0.0104719 0.00764956 0.0169985 0.0276141
threshold=0.23512550000000002 0.75395000000000012 0.93715000000000015 0.83610000000000018 0.62624750000000018 0.17824600000000004 0.87230300000000016 0.59770000000000012 0.64365000000000017 0.74780000000000013 0.76295000000000013 0.70300000000000018 0.93015000000000014 0.62095000000000011 0.68597200000000014 0.45870000000000005 0.74405000000000021 0.67800000000000005 0.099300000000000013 0.33474850000000006 0.90300000000000014 0.70258500000000013 0.84061350000000001 1.0000000180025095e-35 0.34991850000000008 0.78520000000000012 0.23975050000000003 0.30474850000000003 0.80290000000000006 0.67095000000000005
decision_type=2 2 2 2 2 2 2 2 2 2 2 2 2 2 2 2 2 2 2 2 2 2 2 2 2 2 2 2 2 2
left_child=1 5 20 4 13 6 7 -1 -9 -10 -11 12 -12 14 15 -2 -17 -15 -5 -20 21 25 -23 24 -22 27 -25 -3 29 -29
right_child=3 2 -4 18 -6 -7 -8 8 9 10 11 -13 -14 17 -16 16 -18 -19 19 -21 23 22 -24 26 -26 -27 -28 28 -30 -31
leaf_value=-0.010329458461090305 0 0 0.014585003567478201 0 0.0062582813389310821 0 0 0.0031276226939192138 -0.010540665365434859 0.0066097551150030784 -0.0099637373918142758 1.1340927423224548e-05 0.00044448090483123546 0 3.7545275054035451e-06 -0.0086574621729818106 0 0.0041680146380925721 0 0.0077428711291524302 0 0.011077770025394852 0 0.00051892014986704648 0.012052269966432235 0 -0.0042898901885104861 -0.0056959112004775761 -0.010529229387115299 0.0023051096136686984
leaf_weight=6.2083566207438805 1.1449684649705947 0.87485389411448888 0.52826372906565744 0.605699822306632 3.4868076220154753 2.1562925912439814 1.3315382190048684 1.7137466631829728 3.2831539381295425 0.66903766803443421 3.8573472779244184 1.7112386301159856 0.71072978153824795 7.1877263449132425 0.99809866398572911 2.6075594723224644 0.77579406276345242 2.7668175399303436 1.2290850803256033 4.8470628671348095 1.3805647753179084 0.68231566995382287 0.74095140770077705 0.71285780146718059 1.4263314977288244 1.5873383730649946 1.3224534988403318 1.9653289597481491 1.5203965865075586 1.1561128459870813
leaf_count=167 26 20 8 13 63 50 27 39 82 15 97 34 17 151 20 61 15 47 23 84 27 13 15 15 24 26 27 43 30 21
internal_value=-0.00059243 -0.0028246 0.000641306 0.00230517 0.000794025 -0.00527303 -0.00595129 -0.0065256 -0.00406417 -0.00577134 -0.00269083 -0.00455363 -0.00729843 -0.000148063 -0.0028806 -0.004583 -0.00662856 0.000885223 0.00578262 0.00646716 0 -0.00107578 0.00487672 0.0018402 0.00508275 -0.00301353 -0.000318624 -0.00467336 -0.00546834 -0.00120085
internal_weight=61.1888 35.5392 13.8978 25.6496 18.9678 21.6414 19.4851 18.1536 11.9453 10.2315 6.94835 6.27932 4.56808 15.481 5.52642 4.52832 3.38335 9.95454 6.68185 6.07615 13.3695 8.5273 1.42327 4.84221 2.8069 7.10403 2.03531 5.51669 4.64184 3.12144
internal_count=1300 797 269 503 383 528 478 451 284 245 163 148 114 320 122 102 76 198 120 107 261 168 28 93 51 140 42 114 94 64
is_linear=0
shrinkage=0.05


Tree=45
num_leaves=31
num_cat=0
split_feature=1 4 2 5 4 4 5 4 2 1 4 6 4 5 3 6 6 3 5 3 2 5 5 2 6 2 3 5 6 3
split_gain=0.149521 0.12334 0.0522715 0.0444863 0.0446897 0.0415378 0.0409991 0.0299619 0.0294479 0.0271014 0.026195 0.0253608 0.0224478 0.02079 0.0223538 0.0198414 0.0393195 0.0251276 0.0197387 0.0193701 0.0184498 0.0259168 0.0323735 0.0257237 0.0247656 0.0219882 0.0200502 0.0176033 0.0172046 0.0140464
threshold=0.20697100000000004 0.67475000000000007 0.44622750000000005 0.76750000000000018 0.95265000000000011 0.84735000000000016 0.66820000000000013 0.48575000000000007 0.29985800000000007 0.62624750000000018 0.51160000000000017 0.78390000000000015 0.93700000000000017 0.88605000000000012 0.87230300000000016 0.74780000000000013 0.83705000000000007 0.73312300000000008 0.73565000000000014 0.19264950000000003 0.50388700000000008 0.30265000000000003 0.63340000000000007 0.41590300000000008 0.47575000000000006 0.91677150000000018 0.2681360000000001 0.48495000000000005 0.87800000000000011 0.31079600000000007
decision_type=2 2 2 2 2 2 2 2 2 2 2 2 2 2 2 2 2 2 2 2 2 2 2 2 2 2 2 2 2 2
left_child=1 2 28 4 18 29 9 13 -8 -2 -9 -6 -10 14 -4 17 27 -12 20 -11 21 24 23 -23 -3 -22 -26 -17 -1 -5
right_child=6 3 7 5 11 -7 8 10 12 19 15 -13 -14 -15 -16 16 -18 -19 -20 -21 25 22 -24 -25 26 -27 -28 -29 -30 -31
leaf_value=-0.011405616877690558 7.7639285782171914e-05 0.0025358114491266341 -0.0072979973479423465 0 0 0 0 0.0079302263969231231 0.0080817155249934807 0 -0.0074818735545157736 0.012934566888119614 0 0 0 0.013047676734129583 -0.0046193671526015478 0 -0.0098032440479838417 0.0072417737833703928 -0.006732064646641645 0 -0.00012643046540061336 0.0088753227667951792 -0.010958666941931325 0 0 0 0 0.011962590651969668
leaf_weight=3.8841328974813214 15.866922602057462 0.49196909368038211 5.0403543468564731 0.73703926801681463 0.74215528741478809 1.7124570757150648 1.2174343131482581 0.75202414579689492 6.6208503805100918 0.85172595456242506 2.1193288732320075 0.72393829375505447 0.63005041703581799 0.40927285328507412 0.49239375069737423 0.60860138386487983 0.92003782652318467 0.60493297688662995 0.76633728668093759 2.7516037076711655 2.2570145428180699 0.51911782473325763 1.5576499961316583 2.2727174982428551 0.99365174584090743 0.69875651597976673 1.8119364678859708 0.64151427522301674 0.45822146162390698 1.6880978196859358
leaf_count=106 337 12 139 15 15 28 23 17 110 16 54 12 10 9 11 15 21 12 14 50 51 12 27 42 25 14 39 12 10 24
internal_value=0.000167941 -0.00202494 -0.00521282 0.000687358 -0.000427054 0.00525279 0.00292687 -0.00279047 0.00600746 0.00130767 0 0.00689462 0.00721676 -0.00524032 -0.00621961 -0.00154391 0.000202307 -0.00466323 -0.00185904 0.00522549 -0.000731465 0 0.00306082 0.00651097 -0.00260785 -0.00411925 -0.00528686 0.00753357 -0.0103435 0.00935028
internal_weight=60.8422 32.9037 15.9308 16.9728 12.8352 4.13759 27.9386 11.5885 8.46834 19.4703 5.64644 1.46609 7.2509 5.94202 5.53275 4.89442 2.17015 2.72426 11.3692 3.60333 10.6028 7.64704 4.34949 2.79184 3.29756 2.95577 2.80559 1.25012 4.34235 2.42514
internal_count=1282 736 406 330 263 67 546 290 143 403 131 27 120 159 150 114 48 66 236 66 222 157 81 54 76 65 64 27 116 39
is_linear=0
shrinkage=0.05


Tree=46
num_leaves=31
num_cat=0
split_feature=1 5 4 5 2 4 4 3 1 5 4 4 1 3 2 2 5 3 6 3 5 3 6 1 3 4 6 6 6 5
split_gain=0.131206 0.0884089 0.0547681 0.0479238 0.0600908 0.0456571 0.044966 0.0427263 0.0399878 0.028024 0.0258298 0.0379144 0.0252746 0.0252557 0.0221085 0.0202661 0.0249666 0.0197614 0.0188849 0.0133997 0.0153197 0.0216974 0.0128966 0.0116839 0.0116513 0.0384578 0.0299452 0.0191074 0.0104127 0.00884996
threshold=0.45492550000000004 0.31400000000000006 0.95265000000000011 0.77620000000000011 0.38873150000000006 0.63635000000000008 0.75395000000000012 0.19399200000000003 0.32507250000000004 0.87455000000000005 0.72660000000000002 0.48575000000000007 0.13904700000000003 0.89712000000000014 0.7055570000000001 0.37214400000000009 0.45420000000000005 0.42159450000000004 0.86660000000000015 0.52019300000000002 0.43615000000000009 0.18607300000000002 0.49765000000000004 0.023845500000000002 0.21636650000000004 0.82055000000000011 0.59010000000000018 0.83550000000000013 0.88535000000000019 0.7107500000000001
decision_type=2 2 2 2 2 2 2 2 2 2 2 2 2 2 2 2 2 2 2 2 2 2 2 2 2 2 2 2 2 2
left_child=1 6 3 4 8 7 13 -5 18 12 11 17 -7 -1 -13 -2 -17 22 -3 20 -12 -22 -6 -11 -8 -26 -27 -28 -18 -4
right_child=15 2 29 5 10 9 24 -9 -10 23 19 14 -14 -15 -16 16 28 -19 -20 -21 21 -23 -24 -25 25 26 27 -29 -30 -31
leaf_value=-0.0068567275278439907 0 -0.010381819386474776 0.011540890669221458 -0.0090941366657771496 0 0.011967210733003142 -0.004446434982760975 0.0018659615631840595 0 -0.002840762858749863 0 0.005872048066614329 0 0 0 0.0012718943433096116 0.0089977991449524519 0 0 0 0 -0.0078585547937630295 -0.0079135761594968674 0.0039712657835127034 0.0076132218406614856 0.0029151717806719501 -0.0097373087597324593 0 0 0
leaf_weight=9.163348020985719 2.6470757983624926 3.0660043414682217 1.1299902722239483 1.0678179394453748 0.35078602470457765 2.1579059027135377 1.2604439426213492 2.8403374589979649 0.79392885789275158 0.7949221991002563 1.130145777016877 4.6525004431605339 0.8517482392489909 0.52183815836906511 1.8167498111724851 4.4387555792927724 5.0614141151309013 1.9311703313142059 0.43368737772107113 2.4374533295631409 1.0049219988286497 2.6011144667863846 1.3632442969828842 1.2941888161003587 1.5016116164624689 0.92678922787308726 1.1598198190331457 0.7611301727592944 0.86410154402256001 0.81223290413618077
leaf_count=250 51 77 20 27 10 33 31 58 18 15 24 97 15 12 37 86 79 47 9 41 20 50 37 21 30 21 25 15 14 12
internal_value=0.000171874 -0.000955081 0.000382732 0 -0.0014218 0.00288843 -0.00410926 -3.33668e-05 -0.0066459 0.00604729 0 0.00152657 0.00914701 -0.00616887 0.00406589 0.00467126 0.00567294 -0.00163324 -0.00903776 -0.00236754 -0.00391882 -0.00551131 -0.005722 0 0 0.000708128 -0.00137146 -0.00595561 0.00806411 0.00832978
internal_weight=60.8372 47.8258 32.5309 30.5886 21.5817 9.00692 15.295 3.90816 4.29362 5.09877 17.2881 10.1145 3.00965 9.68519 6.46925 13.0113 10.3643 3.6452 3.49969 7.17364 4.73618 3.60604 1.71403 2.08911 5.60979 4.34935 2.84774 1.92095 5.92552 1.94222
internal_count=1282 1052 668 636 467 169 384 85 104 84 363 228 48 262 134 230 179 94 86 135 94 70 47 36 122 91 61 40 93 32
is_linear=0
shrinkage=0.05


Tree=47
num_leaves=31
num_cat=0
split_feature=1 2 4 6 4 5 5 1 6 5 2 5 5 5 5 2 4 5 1 0 2 6 4 6 4 6 4 2 2 6
split_gain=0.114774 0.075441 0.0699764 0.0503676 0.0460488 0.0459581 0.0458828 0.0431364 0.0325921 0.0311963 0.0274735 0.0651169 0.0400827 0.0271496 0.0571522 0.0256944 0.0277781 0.0336018 0.0243939 0.0225119 0.0178603 0.0162582 0.0156026 0.013071 0.012596 0.0119706 0.011196 0.0168874 0.00932736 0.00796573
threshold=0.28624650000000007 0.42913650000000009 0.48575000000000007 0.85550000000000015 0.51160000000000017 0.66820000000000013 0.30265000000000003 0.057800500000000012 0.4431000000000001 0.046250000000000006 0.50388700000000008 0.87455000000000005 0.82500000000000007 0.7593000000000002 0.44375000000000003 0.11949050000000001 0.95845000000000014 0.77620000000000011 0.65779950000000009 0.11226050000000001 0.90491250000000012 0.47575000000000006 0.93700000000000017 0.91025000000000011 0.88730000000000009 0.47010000000000002 0.70325000000000015 0.42268400000000006 0.29985800000000007 0.88230000000000008
decision_type=2 2 2 2 2 2 2 2 2 2 2 2 2 2 2 2 2 2 2 2 2 2 2 2 2 2 2 2 2 2
left_child=1 3 7 15 -4 18 9 25 -8 -6 11 13 19 14 -10 -1 17 -17 24 -12 21 -11 28 -5 29 -3 -20 -28 -7 -2
right_child=5 2 4 23 6 22 8 -9 10 20 12 -13 -14 -15 -16 16 -18 -19 26 -21 -22 -23 -24 -25 -26 -27 27 -29 -30 -31
leaf_value=0 -0.0015451840153344995 0 0.011383209197433585 0.0053435736130337556 0.0023099358924548933 0 -0.003350727887639167 0 0.012061651856011914 0 -0.0053412954569928891 -0.0070004706270771159 0.0095434700439638604 0.01253758494599121 0 -0.010581826165601037 0 0 0 0.00017760937702688369 0 -0.0071174185699138821 0 -0.0007219843253384664 0.0036987423929056872 -0.0081479848450733521 0 0.012327481698394342 0.0082433685331346016 0.0012605797472004902
leaf_weight=0.60917926765978148 8.4623604863882083 0.48375305160880344 1.0365682616829897 1.0325061976909626 1.0439523272216344 0.86929267644882102 1.4242297783493985 2.020037554204464 1.2919859550893287 0.60495941713452328 2.254229459911584 0.55730097368359555 0.87988526374101628 2.09488620236516 4.1402576267719269 5.2855628449469805 0.43883216381072987 1.9079182706773279 1.689766310155391 2.3062306568026543 0.49584833905100811 3.9377493783831596 0.65056543052196492 0.74893851205706585 1.951509978622197 4.0386295802891254 0.53912266343831994 0.90075245127081871 5.4161961525678635 1.7217292562127102
leaf_count=15 181 14 22 20 24 16 32 52 26 15 47 10 14 33 74 140 8 40 33 47 10 94 10 15 38 109 10 14 87 32
internal_value=0.000203284 -0.00135336 0 -0.00506354 0.00130834 0.00313019 0.000523653 -0.00454139 0.0022046 -0.00276771 0.00317688 0.00501929 0 0.00664489 0.0032831 -0.00679693 -0.00762532 -0.00843596 0.00116594 -0.0015336 -0.00481728 -0.00594156 0.00666458 0.000233177 0 -0.00727787 0.00503492 0.00844661 0.0074196 -0.000577007
internal_weight=60.8347 38.6334 28.6105 10.0229 22.0681 22.2013 21.0315 6.54242 14.949 6.08251 13.5248 8.08443 5.44035 7.52713 5.43224 8.24149 7.63231 7.19348 15.2652 4.56046 5.03856 4.54271 6.93605 1.78144 12.1356 4.52238 3.12964 1.43988 6.28549 10.1841
internal_count=1282 861 623 238 448 421 426 175 283 143 251 143 108 133 100 203 188 180 308 94 119 109 113 35 251 123 57 24 103 213
is_linear=0
shrinkage=0.05


Tree=48
num_leaves=31
num_cat=0
split_feature=1 4 3 2 2 2 0 5 4 5 4 5 0 5 0 4 4 4 3 3 5 5 3 2 0 3 4 5 4 2
split_gain=0.126499 0.108456 0.0474355 0.0326541 0.0334487 0.0310543 0.0284223 0.0281085 0.0297614 0.0222266 0.0220328 0.0249057 0.021416 0.0170996 0.0190102 0.0162963 0.0226252 0.0204516 0.0162385 0.0143927 0.0140697 0.0137036 0.0171219 0.0133601 0.0149433 0.0141408 0.0133298 0.011747 0.0112813 0.0102894
threshold=0.20697100000000004 0.67475000000000007 0.29068750000000004 0.44910700000000009 0.26772850000000004 0.61148500000000017 0.64369950000000009 0.2677500000000001 0.95265000000000011 0.085900000000000018 0.84965000000000013 0.76750000000000018 0.0072485000000000006 0.62955000000000017 0.25836450000000005 0.48575000000000007 0.51160000000000017 0.39995000000000008 0.16568000000000002 0.2532545000000001 0.19660000000000002 0.54900000000000004 0.22177000000000005 0.29985800000000007 0.48926050000000004 0.82210850000000002 0.4532000000000001 0.73565000000000014 0.96200000000000008 0.50388700000000008
decision_type=2 2 2 2 2 2 2 2 2 2 2 2 2 2 2 2 2 2 2 2 2 2 2 2 2 2 2 2 2 2
left_child=1 2 5 4 -4 -1 13 19 10 -8 11 27 -13 14 20 17 -17 -5 -11 -3 -2 -12 -23 -15 25 -25 -19 29 -10 -9
right_child=6 7 3 15 -6 -7 9 8 28 18 21 12 -14 23 -16 16 -18 26 -20 -21 -22 22 -24 24 -26 -27 -28 -29 -30 -31
leaf_value=-0.010448176487282813 0 -0.0066698088428040567 0 0 -0.011301143363301612 0 0 0.0030530760461774291 0.014811983168501106 0 0 0 0.011611782303778998 0 -0.00040368407020261056 0.010833843316066417 0 -0.010099940260726305 0.0074105800365152673 0 0.0085952378716581488 0 -0.0080300054457224726 0.0069331786733612304 0 0 0 -0.0058419815959426039 0 0
leaf_weight=4.6792415846139184 0.45908796414733533 1.1941219456493879 1.1496091764420255 1.8862507473677399 1.4888475835323332 1.2066729012876747 0.50352036952972223 3.4995054528117162 0.61046373471617599 1.3247048966586588 1.362917233258486 1.4016869403421881 1.11737385392189 1.0588129125535477 11.360901702195404 0.52157507836818728 3.2726465687155724 0.96659151650965192 6.1907472237944603 2.93940195068717 0.99412848055362701 0.91279386729002032 1.2825437411665914 3.8276253826916218 1.6802155785262582 0.61249132454395283 0.6219167448580265 0.5311070643365382 1.0057801194489 1.1723722256720064
leaf_count=131 10 31 28 50 39 33 11 67 9 24 27 23 17 21 251 11 72 27 106 64 20 16 23 67 26 10 15 10 17 26
internal_value=0.000252453 -0.00175968 -0.00478016 -0.00194 -0.00660033 -0.00861329 0.0027859 0.000761134 0.00212352 0.00554134 0.000685052 0.00248592 0.00649846 0.00140983 0 0 0.00205169 -0.00260981 0.00632718 -0.00225821 0.00542178 -0.00181749 -0.00449334 0.00337037 0.00432001 0.00581357 -0.00668584 0 0.00862488 0.00128084
internal_weight=60.8357 32.8234 15.7934 9.90744 2.63846 5.88591 28.0122 17.0301 12.8965 8.01897 11.2803 7.72205 2.51906 19.9933 12.8141 7.26898 3.79422 3.47476 7.51545 4.13352 1.45322 3.55825 2.19534 7.17915 6.12033 4.44012 1.58851 5.20298 1.61624 4.67188
internal_count=1282 736 406 242 67 164 546 330 235 141 209 143 40 405 281 175 83 92 130 95 30 66 39 124 103 77 42 103 26 93
is_linear=0
shrinkage=0.05


Tree=49
num_leaves=31
num_cat=0
split_feature=1 2 4 6 3 6 5 4 5 3 2 4 5 4 4 4 6 6 6 3 6 5 5 2 5 4 6 6 6 4
split_gain=0.121366 0.0633504 0.0601067 0.0447947 0.0380607 0.0361507 0.044923 0.0358591 0.033675 0.0301457 0.0279633 0.0190238 0.0279434 0.0164345 0.046495 0.0158323 0.0134929 0.0130687 0.0122249 0.0280134 0.0206972 0.0134695 0.0304164 0.0302261 0.0198164 0.0184383 0.0151973 0.0118169 0.016065 0.010031
threshold=0.28624650000000007 0.43675200000000008 0.48575000000000007 0.85550000000000015 0.58435000000000015 0.42890000000000006 0.7593000000000002 0.47575000000000006 0.87455000000000005 0.79829450000000002 0.11949050000000001 0.95845000000000014 0.77620000000000011 0.53755000000000008 0.75930000000000009 0.51160000000000017 0.89495000000000013 0.87465000000000015 0.47575000000000006 0.22177000000000005 0.53790000000000016 0.63340000000000007 0.31400000000000006 0.50388700000000008 0.046250000000000006 0.66555000000000009 0.81745000000000012 0.85355000000000014 0.65760000000000007 0.41535000000000005
decision_type=2 2 2 2 2 2 2 2 2 2 2 2 2 2 2 2 2 2 2 2 2 2 2 2 2 2 2 2 2 2
left_child=1 3 4 9 29 -4 15 -2 17 10 -1 12 -12 -9 -15 -7 -5 -8 19 -17 -20 22 24 25 -22 -24 -26 28 -23 -3
right_child=7 2 5 16 -6 6 8 13 -10 -11 11 -13 -14 14 -16 18 -18 -19 20 -21 21 27 23 -25 26 -27 -28 -29 -30 -31
leaf_value=0 0 -0.0018311294774823368 -0.0058611628298175173 0.0060681002907907455 0 0.0063870538305267066 0.010705958719286909 0.010017156796011827 0 0 -0.011043827003807283 0 -0.00015861943132958929 0 0.0056176114334176791 0 -0.00034610513555874954 0 -0.0070005407565176805 0.010175502694686662 0.0029665100749549957 0 0 0 0 0.009225493266203328 -0.0076330559712711535 0 -0.0080656334378920221 -0.010505430482282481
leaf_weight=0.61109750531613638 4.4773189052939442 2.6642190590500858 1.3447912707924867 0.81300240010023006 1.7589208912104366 0.88363077305257576 2.4636048935353752 1.8817650936543966 1.3114908970892427 0.78859931789338578 4.9176078848540783 0.41707389056682576 1.7809245660901067 7.2960232608020297 8.5971714146435243 0.42452046275138744 0.97464120760560036 0.76834476739168156 1.0765263382345427 0.81441999971866608 0.82571218907832911 0.8343139924108981 0.6935021057724956 2.1818664073944092 2.5221407990902667 2.2011171095073223 1.4092640634626148 0.67218991369009007 1.3862367831170557 2.045353876426816
leaf_count=15 103 76 31 15 43 19 38 33 23 17 133 8 38 134 151 11 20 12 28 19 18 15 15 46 58 39 32 12 25 55
internal_value=0.000178006 -0.00142903 -2.07957e-05 -0.00477671 -0.00437646 0.00105672 0.00178059 0.00318219 0.00617356 -0.00636775 -0.00736633 -0.00827931 -0.00893015 0.00420453 0.00314535 0.00018459 8.9133e-05 0.00885332 0 0.00429038 -0.000652307 0 0.000820791 0.00378568 -0.00132653 0.00707156 -0.00351968 -0.00300261 -0.00493538 -0.00677805
internal_weight=60.8374 38.5851 28.2822 10.3029 6.46849 21.8137 20.4689 22.2523 4.54344 8.5153 7.7267 7.11561 6.69853 17.775 15.8932 15.9254 1.78764 3.23195 15.0418 1.23894 13.8029 12.7263 9.8336 5.07649 4.75712 2.89462 3.9314 2.89274 2.22055 4.70957
internal_count=1282 861 615 246 174 441 410 421 73 211 194 179 171 318 285 337 35 50 318 30 288 260 208 100 108 54 90 52 40 131
is_linear=0
shrinkage=0.05


Tree=50
num_leaves=31
num_cat=0
split_feature=1 6 6 6 2 3 5 1 1 3 5 2 3 5 2 2 3 5 3 3 3 2 2 5 2 0 6 3 1 0
split_gain=0.109022 0.058656 0.081144 0.0487086 0.0443313 0.0344247 0.0365576 0.0303387 0.025778 0.0212678 0.020237 0.0200867 0.0174525 0.0256142 0.0170731 0.0168579 0.0282867 0.0312404 0.017963 0.0534907 0.0292864 0.0255824 0.0130374 0.0130111 0.0115722 0.0109464 0.010152 0.00995693 0.0112551 0.00803465
threshold=0.23839350000000001 0.59770000000000012 0.63635000000000008 0.67095000000000005 0.76197250000000005 0.49136650000000004 0.11640000000000002 0.79546900000000009 0.13230350000000002 0.23975050000000003 0.67800000000000005 0.62874000000000008 0.20371000000000003 0.29655000000000004 0.31833250000000007 0.50001350000000011 0.29633250000000005 0.65175000000000016 0.41854950000000007 0.5429965000000001 0.91673750000000009 0.29985800000000007 0.69051050000000014 0.68265000000000009 0.26498950000000004 0.80523000000000011 0.83705000000000007 0.88003450000000016 0.18464700000000003 0.62468500000000005
decision_type=2 2 2 2 2 2 2 2 2 2 2 2 2 2 2 2 2 2 2 2 2 2 2 2 2 2 2 2 2 2
left_child=1 4 8 10 27 7 -7 11 9 -3 -4 14 13 -5 -2 16 17 26 -18 -20 21 -21 -17 -16 -8 29 -14 28 -1 -26
right_child=5 2 3 12 -6 6 24 -9 -10 -11 -12 -13 15 -15 23 22 18 -19 19 20 -22 -23 -24 -25 25 -27 -28 -29 -30 -31
leaf_value=-0.0072543447834089022 0.00057747216025418578 0 -0.011735078060532526 -0.0093519989263988936 0.00010585092047466936 -0.0010012919768434103 0 0.00899761270849808 0 0.012835518567070223 0 0.0019458511663311209 0.013049052690195049 0 -0.0046517767125814988 -0.0050887958722489503 -0.003543225841098722 0 0.0086594261159651954 0 0.00497731830423114 -0.0065769181293222519 0 0 0.0042008141203749901 0 0 0 0 0.01231541831472063
leaf_weight=8.3039983399212307 1.8986403737217186 0.70102947577834474 1.5095046777278214 1.1524721551686554 1.7051565516740073 0.88334530219435592 1.0586895532906035 0.88921711966395456 0.45232295617461193 1.5474448185414074 1.2169628776609895 6.6980638019740582 1.0648144315928214 2.8212765511125326 4.4760468769818544 1.8658491950482119 2.3351797759532911 0.77622617036104191 1.8521578721702097 0.59775811433792148 0.91298463940620411 2.529816085472703 2.400270976126194 1.5325355008244512 5.0163006223738194 0.57830408588051785 0.58223698846995819 0.50123270601034242 0.93463874235749322 1.8593628071248529
leaf_count=216 41 15 37 32 39 19 21 16 11 29 21 125 23 62 100 40 52 16 35 13 15 53 49 26 90 10 13 11 23 30
internal_value=-9.00333e-05 -0.00193443 -0.000314484 -0.0015395 -0.00491087 0.00235711 0.00482061 0.000521264 0.0074104 0.00964011 -0.00777941 0 -0.000339419 -0.00334222 -0.00174839 0.000144463 0.00149858 0.00613142 0 0.00154664 -0.00063662 -0.003928 -0.00204805 -0.00329928 0.00600989 0.006709 0.00994999 -0.00628943 -0.00665925 0.00725709
internal_weight=60.6538 35.7633 24.3183 21.6175 11.445 24.8905 9.396 15.4945 2.7008 2.24847 2.72647 14.6053 18.891 3.97375 7.90722 14.9173 10.6512 2.42328 8.2279 5.89272 4.04056 3.12757 4.26612 6.00858 8.51266 7.45397 1.64705 9.73987 9.23864 6.87566
internal_count=1283 805 516 461 289 478 170 308 55 44 58 292 403 94 167 309 220 52 168 116 81 66 89 126 151 130 36 250 239 120
is_linear=0
shrinkage=0.05


Tree=51
num_leaves=31
num_cat=0
split_feature=4 0 5 5 3 2 2 6 2 5 5 5 4 4 2 5 6 5 3 6 6 3 3 5 6 6 3 5 6 5
split_gain=0.0883918 0.0939724 0.0515091 0.0360452 0.0391195 0.0306732 0.0289428 0.0314013 0.0233532 0.0231309 0.0208824 0.0188128 0.0181587 0.0192657 0.026443 0.0154053 0.0181356 0.0180767 0.0133354 0.0132981 0.0129 0.0112327 0.031927 0.0227751 0.0100806 0.0138115 0.0128484 0.011679 0.00934802 0.0213764
threshold=0.63635000000000008 0.15214800000000003 0.24745000000000003 0.099300000000000013 0.68597200000000014 0.36613800000000007 0.23097000000000004 0.43245000000000006 0.70258500000000013 0.51905000000000012 0.81695000000000018 0.51050000000000006 0.89495000000000013 0.70430000000000004 0.34500750000000008 0.86685000000000001 0.88105000000000011 0.45680000000000004 0.23455700000000004 0.63635000000000008 0.51375000000000015 0.62664650000000011 0.74666700000000008 0.36240000000000006 0.59930000000000005 0.67715000000000003 0.54697450000000014 0.68265000000000009 0.91775000000000018 0.23015000000000005
decision_type=2 2 2 2 2 2 2 2 2 2 2 2 2 2 2 2 2 2 2 2 2 2 2 2 2 2 2 2 2 2
left_child=1 5 8 -3 -5 10 -4 -8 12 -6 -1 20 13 -2 -15 16 21 -18 -10 -20 -7 23 -23 -9 27 -26 -27 -13 29 -22
right_child=2 3 6 4 9 11 7 15 18 -11 -12 24 -14 14 -16 -17 17 -19 19 -21 28 22 -24 -25 25 26 -28 -29 -30 -31
leaf_value=-0.0138712927627519 0 -0.0066886892419081526 -0.0014978177910444784 0 0 0 -0.0020370752248843496 0 0 0.010414529657591074 0 0 0 0 -0.0087575118013784228 0 0.0060766047809129317 -0.0013872425083321428 0 0.0085880326397094735 -0.00063494965491741879 -0.0027317091246802316 0.0053001796381988431 0.0067489068669491937 0.0062273491837495469 0.0011155063970641054 -0.0058099446386658885 -0.0071394421940884486 0 -0.011020983004341831
leaf_weight=1.9188345689326554 1.2651676777750234 1.3851549979299296 2.0814560987055328 9.7703958190977556 0.88602837733924333 0.95326844416558554 1.3224344141781355 1.5102299805730677 0.54158284887671504 1.5565403215587137 0.50752759724855412 0.60980016738176324 2.0344355963170528 0.78240037709474597 2.8874227907508612 2.391150999814271 0.99060100317001287 2.4572343267500401 0.60677933692932107 0.90713014826178551 2.1533840224146843 1.6039708666503418 2.4011581018567085 10.634294228628276 0.82822675816714797 1.2948418036103251 0.80016052350401867 0.93844879604876041 0.42786839231848706 2.1962233278900385
leaf_count=56 31 35 42 215 19 28 29 33 12 26 12 16 44 18 63 39 19 42 13 17 59 29 40 188 17 28 17 25 11 60
internal_value=-0.000120654 -0.00237681 0.00145563 0.000165959 0.00139748 -0.00548742 0.00268037 0.00327182 -0.00143395 0.00692258 -0.0115366 -0.0034654 -0.0031343 -0.00477593 -0.00657577 0.00382524 0.00428532 0 0.00188962 0.0050424 -0.00541153 0.00500506 0.000877399 0.00593969 0 0.00069676 0 -0.00379466 -0.00645137 -0.00713263
internal_weight=60.6442 26.2267 34.4174 13.5981 12.213 12.6286 25.3925 23.3111 9.02492 2.44257 2.42636 10.2022 6.96943 4.93499 3.66982 21.9886 19.5975 3.44784 2.05549 1.51391 5.73074 16.1497 4.00513 12.1445 4.47148 2.92323 2.095 1.54825 4.77748 4.34961
internal_count=1283 624 659 295 260 329 461 419 198 45 68 261 156 112 81 390 351 61 42 30 158 290 69 221 103 62 45 41 130 119
is_linear=0
shrinkage=0.05


Tree=52
num_leaves=31
num_cat=0
split_feature=1 4 5 5 4 3 6 6 4 3 3 4 5 3 2 6 3 5 5 6 3 2 2 2 4 4 1 6 2 3
split_gain=0.0938271 0.0777924 0.0297543 0.0259612 0.0403666 0.0239588 0.0274741 0.0353407 0.032256 0.0234303 0.0352752 0.0404168 0.0229182 0.0228047 0.027475 0.0221403 0.0213003 0.0234348 0.0206446 0.0173864 0.0162854 0.0156169 0.0145658 0.014087 0.0134074 0.012962 0.0222871 0.0109899 0.0225229 0.0226439
threshold=0.23839350000000001 0.67675000000000007 0.17490000000000003 0.31400000000000006 0.9305000000000001 0.85590850000000007 0.74780000000000013 0.83550000000000013 0.47925000000000001 0.18607300000000002 0.52925900000000015 0.5839000000000002 0.88605000000000012 0.74666700000000008 0.57757150000000013 0.58225000000000005 0.60170900000000016 0.030400000000000003 0.78770000000000018 0.47575000000000006 0.43600600000000006 0.96708400000000017 0.53600950000000014 0.76197250000000005 0.43795000000000006 0.62245000000000006 0.59585500000000013 0.59770000000000012 0.84061350000000001 0.34695100000000006
decision_type=2 2 2 2 2 2 2 2 2 2 2 2 2 2 2 2 2 2 2 2 2 2 2 2 2 2 2 2 2 2
left_child=1 5 25 16 27 6 12 8 20 -10 11 -11 23 14 -4 -15 17 -3 -6 -19 -8 24 -9 -1 -16 26 -2 -5 29 -29
right_child=2 3 13 4 18 -7 7 22 9 10 -12 -13 -14 15 21 -17 -18 19 -20 -21 -22 -23 -24 -25 -26 -27 -28 28 -30 -31
leaf_value=-0.0080123352417729079 -0.0076620840008190657 0 0 -0.0020764478647087125 0.010309354736927097 0 -0.0087791616102070608 -0.0073754319026815927 0 0.022648728266974449 0 0 0 0 0 0.010335554196997429 0.00011281701427843567 0 0 -0.0079172451069839441 0 0 0 0 0.0054024684132029524 0.00048583291562121075 0 0.006045031978257575 -0.0048124724493225565 0
leaf_weight=7.9034459590911865 1.4009056873619585 0.50789668783545794 7.9241371080279412 2.9113996624946576 1.7163030989468091 1.9521027989685524 0.59922412037849371 2.2636568974703555 0.48860955610871348 0.52596613764762856 0.65876877307891835 0.60074073262512684 0.41778240725398141 0.82895746827125494 0.97450462356209389 2.1849197149276733 1.9262862429022787 0.46180178597569499 0.60911889746785153 2.791282569989562 0.37912432104349136 0.85510971397161561 0.90196643583476532 0.81296371482312668 7.0391039308160543 3.0098277814686298 0.7066063992679118 2.9104007109999657 0.65132685750722874 3.7210428565740585
leaf_count=219 36 11 157 64 30 41 17 58 11 11 15 13 10 16 22 35 39 12 9 68 10 15 21 22 120 62 15 52 13 59
internal_value=-2.68785e-05 -0.00174809 0.00223659 0.00029252 0.00179176 -0.00414422 -0.00481074 -0.00121616 0.00131884 0.00555626 0.00836297 0.0133936 -0.00675445 0.00316047 0.00199328 0.00778526 -0.00211777 -0.00452857 0.00763621 -0.0064099 -0.00349582 0.00389129 -0.00531241 -0.00736772 0.0046422 -0.000372962 -0.00383088 0 0.00140099 0.00281648
internal_weight=60.6353 35.7112 24.9241 18.2069 12.5196 17.5044 15.5522 6.41806 3.25243 2.27409 1.78548 1.12671 9.13419 19.8067 16.7929 3.01388 5.68727 3.76098 2.32542 3.25308 0.978348 8.86872 3.16562 8.71641 8.01361 5.11734 2.10751 10.1942 7.28277 6.63144
internal_count=1283 805 478 357 227 448 407 156 77 50 39 24 251 365 314 51 130 91 39 80 27 157 79 241 142 113 51 188 124 111
is_linear=0
shrinkage=0.05


Tree=53
num_leaves=31
num_cat=0
split_feature=1 4 2 6 2 3 2 1 2 0 6 3 4 3 3 3 6 2 1 4 0 4 2 3 4 6 6 6 6 4
split_gain=0.095743 0.0760663 0.0331253 0.0309534 0.0252666 0.0360793 0.0237613 0.0300849 0.0236563 0.0213241 0.0198668 0.0160128 0.016346 0.0489749 0.0158759 0.0149177 0.0190667 0.0140914 0.0177566 0.0132222 0.0133331 0.0118447 0.0106716 0.00926909 0.00841341 0.00796047 0.0267192 0.0123117 0.0100642 0.014724
threshold=0.23839350000000001 0.63635000000000008 0.23839850000000004 0.74780000000000013 0.57757150000000013 0.76384500000000011 0.70258500000000013 0.032545000000000011 0.50388700000000008 0.13296000000000005 0.51785000000000014 0.18607300000000002 0.4532000000000001 0.29831550000000007 0.85590850000000007 0.54697450000000014 0.74780000000000013 0.96708400000000017 0.6694635000000001 0.74145000000000005 0.82330600000000009 0.9567500000000001 0.19954650000000004 0.43348150000000008 0.43795000000000006 0.74390000000000012 0.67095000000000005 0.6392500000000001 0.8581000000000002 0.82055000000000011
decision_type=2 2 2 2 2 2 2 2 2 2 2 2 2 2 2 2 2 2 2 2 2 2 2 2 2 2 2 2 2 2
left_child=1 3 15 14 5 19 8 -8 10 -9 -4 -5 23 -14 -1 16 -3 18 24 20 22 25 -2 -13 -6 26 27 -12 29 -27
right_child=4 2 6 11 17 -7 7 9 -10 -11 21 12 13 -15 -16 -17 -18 -19 -20 -21 -22 -23 -24 -25 -26 28 -28 -29 -30 -31
leaf_value=-0.0071565536965813407 0 -0.012300439225959076 -0.0025970889761299585 -0.0058988937150446993 0 0.0062937431292950947 0 0.014763547517023638 -0.0047054665931490873 0 0.001583163492667519 -0.00579307536466826 0.013054385058876386 0 0 0 0 0 0.010306842979980748 0.00075207737937586468 0 0.0078530779817019853 -0.0043719459115990423 0 0.0033478314710455302 0 0.0074138870796280109 -0.0052303397802206698 0.0015772899326153514 -0.0070435941666330427
leaf_weight=8.0276600923389161 0.65797369927168059 0.90814519301057151 2.1168137583881643 1.1524780839681614 1.2131586279720021 2.1171139627695075 1.5255012921988957 0.83211953938007344 2.1441903766244641 1.1075593717396257 1.9644010402262178 1.0433739684522154 0.76906680688262019 2.0660474002361298 0.95304740965366441 0.59200568869709957 0.53185997903347015 0.97663706913590509 1.7475060187280185 4.6044248268008232 0.58727725222706784 0.98237505555152971 4.7943409439176321 1.2722719833254812 8.254770562052725 1.6020391378551724 1.6051761396229265 0.83597322925925244 2.6400856599211693 1.0116971358656881
leaf_count=225 15 22 51 29 30 37 32 14 47 23 40 30 18 44 21 10 11 17 29 84 11 16 107 31 148 31 28 15 47 20
internal_value=-3.4526e-05 -0.00177373 0 -0.00443614 0.00225016 0.000244337 0.00090845 0.0045757 0 0.00857151 0.000857323 -0.000744615 0 0.00295713 -0.00643973 -0.00562975 -0.00825196 0.00392378 0.00445401 -0.000540905 -0.00233722 0.00202772 -0.00347042 -0.00250833 0.00275473 0.000848541 0.00244472 0 0 -0.00259992
internal_weight=60.6371 35.6839 20.3999 15.2839 24.9532 12.7611 18.3679 3.46518 14.9028 1.93968 12.7586 6.30324 5.15076 2.83511 8.98071 2.03201 1.44001 12.1921 11.2154 10.644 6.03959 10.6417 5.45231 2.31565 9.46793 9.65937 4.40555 2.80037 5.25382 2.61374
internal_count=1283 805 407 398 478 254 364 69 295 37 248 152 123 62 246 43 33 224 207 217 133 197 122 61 178 181 83 55 98 51
is_linear=0
shrinkage=0.05


Tree=54
num_leaves=31
num_cat=0
split_feature=1 4 5 2 1 2 5 5 4 5 2 5 2 6 3 6 3 6 3 4 6 5 2 4 1 4 6 2 2 4
split_gain=0.0743256 0.0889212 0.0322523 0.0303865 0.036193 0.0247349 0.021976 0.0219523 0.0211453 0.0202786 0.0325281 0.0304008 0.0314759 0.0326752 0.0403405 0.0235264 0.0195224 0.0165826 0.0240016 0.0149314 0.0148814 0.0130492 0.0158989 0.012542 0.0132286 0.0113654 0.0113036 0.0107868 0.00995434 0.00881761
threshold=0.23512550000000002 0.63635000000000008 0.35685000000000006 0.70258500000000013 0.032545000000000011 0.36034100000000008 0.41370000000000001 0.90690000000000015 0.8670500000000001 0.31400000000000006 0.50388700000000008 0.87455000000000005 0.22662150000000003 0.47420000000000007 0.50895550000000012 0.88230000000000008 0.85590850000000007 0.50070000000000003 0.2681360000000001 0.43795000000000006 0.58755000000000013 0.073900000000000007 0.51773200000000008 0.85625000000000007 0.59585500000000013 0.8781000000000001 0.90845000000000009 0.31833250000000007 0.90491250000000012 0.69750000000000012
decision_type=2 2 2 2 2 2 2 2 2 2 2 2 2 2 2 2 2 2 2 2 2 2 2 2 2 2 2 2 2 2
left_child=1 7 23 9 6 -4 -5 16 20 21 11 12 -11 -14 15 -15 -1 -7 -19 -20 -6 -3 29 24 26 -21 27 -2 -29 -23
right_child=2 3 5 4 8 17 -8 -9 -10 10 -12 -13 13 14 -16 -17 -18 18 19 25 -22 22 -24 -25 -26 -27 -28 28 -30 -31
leaf_value=-0.0056851867585450922 0 0 0 0.0048958527614437995 0 0 -0.006200701922988586 0 0 -0.0022153252597985457 -0.005524170290163128 -0.0032742157731764756 -0.00067760684600045792 0.010553697603737013 0 0 0 0 0 0.0088714903309000531 0.017789085517578542 0 0 0.0028205425501431113 0.00043743369988001862 1.4616485580316384e-05 0 -0.005737323476086016 0 -0.0066084108381002206
leaf_weight=12.998536737635726 0.59299879707396197 1.0404304377734721 2.8004187736660269 0.68828517943620615 0.59225316345691659 2.1724144928157321 0.83749046921730042 0.44483787938952524 0.61283111944794644 0.96047270298003962 1.4700150284916151 1.3909089751541603 0.77764102816581715 3.5845393557101488 2.5203783102333546 0.79969146475195874 1.4276357702910907 3.4014467447996122 1.052998950704932 4.9502542167901993 0.70792210474610329 0.63819216936826739 0.40517009794712056 1.9794681705534456 1.8786537386476991 1.6775501519441602 0.55074280127882946 3.7769328057765961 0.68635437265038479 3.2151924874633551
leaf_count=351 14 24 57 14 13 42 18 9 11 20 31 24 18 62 40 14 31 59 22 77 12 17 10 39 38 26 12 90 13 75
internal_value=-0.00010749 -0.00167433 0.00185123 0.000256758 0.00460732 0.00322893 0 -0.00462093 0.00907005 -0.000359795 0.000466087 0.00188297 0.0033128 0.00466603 0.00598276 0.00885446 -0.00507789 0.00415243 0.00492948 0.00652951 0.0124911 -0.00305424 -0.00436348 0 -0.00139735 0.00740647 -0.00288511 -0.0038332 -0.00474473 -0.00557183
internal_weight=60.6327 35.1124 25.5202 20.2414 3.43878 16.0551 1.52578 14.871 1.91301 16.8026 11.5036 10.0336 8.64272 7.68225 6.90461 4.38423 14.4262 13.2547 11.0823 7.6808 1.30018 5.29899 4.25855 9.46515 7.48568 6.6278 5.60703 5.05629 4.46329 3.85338
internal_count=1283 794 489 403 68 283 32 391 36 335 209 178 154 134 116 76 382 226 184 125 25 126 102 206 167 103 129 117 103 92
is_linear=0
shrinkage=0.05


Tree=55
num_leaves=31
num_cat=0
split_feature=1 2 4 4 0 5 3 1 2 2 0 3 2 4 4 4 0 5 2 5 3 3 5 3 4 0 3 4 1 5
split_gain=0.134042 0.0685764 0.0579068 0.0298081 0.0238578 0.0230495 0.0188098 0.0187595 0.0184397 0.0392389 0.022038 0.017956 0.022495 0.0226237 0.0272889 0.0195364 0.0177062 0.0147053 0.0140822 0.0139009 0.0196093 0.0172696 0.0119975 0.021935 0.0108291 0.0106144 0.0102867 0.00961674 0.0114448 0.00828616
threshold=0.11226050000000001 0.44195450000000008 0.47575000000000006 0.77180000000000015 0.64369950000000009 0.085900000000000018 0.50202400000000014 0.6016395000000001 0.75361650000000002 0.50388700000000008 0.48470100000000005 0.74236750000000018 0.51773200000000008 0.72480000000000011 0.67280000000000018 0.55720000000000003 0.25836450000000005 0.7611500000000001 0.25683850000000003 0.23015000000000005 0.40592750000000005 0.50053000000000003 0.048850000000000011 0.30367200000000005 0.57160000000000011 0.35156400000000004 0.58123800000000003 0.91800000000000015 0.47308600000000006 0.84735000000000016
decision_type=2 2 2 2 2 2 2 2 2 2 2 2 2 2 2 2 2 2 2 2 2 2 2 2 2 2 2 2 2 2
left_child=1 -1 7 11 8 -6 29 16 9 18 17 12 13 14 19 -13 -2 -10 -4 22 24 -22 -3 -24 -21 -11 -14 28 -20 -5
right_child=2 3 4 6 5 -7 -8 -9 10 25 -12 15 26 -15 -16 -17 -18 -19 27 20 21 -23 23 -25 -26 -27 -28 -29 -30 -31
leaf_value=-0.0071677227093491711 0 -0.0022174213313610261 0 0 0 0.0076604146740506009 0.0042572562596201909 0.0014807722511001034 0.0086766330867860727 -0.0040261977827668631 0 -0.0015927323701355103 -0.0087762209227813786 -0.0083346815596723658 0.0064327595209038718 0.0068072416654272163 -0.0050913352942331923 0 0.0059793908814872055 -0.0078378187233119311 0.0072537288507337665 -0.0028818072968364019 0.010147405792817326 0 0 0 0 0 0 -0.0054203300375784613
leaf_weight=6.5657910816371468 1.6022975668311108 0.43147210963070559 2.0818214341998154 4.3572312239557496 0.43966792523860831 5.0945354662835598 2.9973369389772415 1.646484453231096 2.7957126423716541 2.7485269960016003 1.9943629465997217 1.3725950848311179 2.4874708168208604 0.87476200610399235 1.1779790408909319 0.87338469922542561 3.8420859463512897 0.70664387568831433 4.7812652513384819 1.9541196376085284 0.56639731302857377 0.87658257037401199 0.69846768863499142 0.58451684936881065 0.69781925715506066 3.7133939675986767 0.46838705614209164 0.71090878918766964 1.0644650124013422 0.60508523508906353
leaf_count=161 44 12 44 88 10 83 47 32 51 60 33 33 68 18 23 17 99 12 99 51 12 21 19 17 16 71 11 13 20 10
internal_value=0 -0.00261411 0.00209239 -0.000928085 0.00324258 0.00662384 0.00106331 -0.0014371 0.00206488 0.000734629 0.00474749 -0.00252009 -0.00343058 -0.00118362 0 0 -0.00323213 0.00709301 0.00314916 -0.00161112 -0.00345557 0 0 0.00444951 -0.00600136 -0.00173001 -0.00753664 0.00427873 0.00495379 0
internal_weight=60.8116 27.5894 33.2222 21.0236 26.1313 5.5342 7.95965 7.09087 20.5971 15.1004 5.49672 13.064 10.818 7.86212 6.98735 2.24598 5.44438 3.50236 8.63846 5.80938 4.09492 1.44298 1.71446 1.28298 2.65194 6.46192 2.95586 6.55664 5.84573 4.96232
internal_count=1295 624 671 463 496 93 145 175 403 307 96 318 268 189 171 50 143 63 176 148 100 33 48 36 67 131 79 132 119 98
is_linear=0
shrinkage=0.05


Tree=56
num_leaves=31
num_cat=0
split_feature=1 2 0 3 5 3 6 3 5 6 5 5 2 2 2 3 3 2 5 5 1 6 5 6 6 3 5 5 3 2
split_gain=0.150732 0.0674183 0.0399991 0.0390168 0.029295 0.0275016 0.0241765 0.0175486 0.0312869 0.0152282 0.0140329 0.0139176 0.0177799 0.013711 0.0140948 0.013368 0.0225907 0.0166817 0.0127102 0.0115838 0.0114907 0.0108962 0.0106652 0.0103787 0.0103576 0.00911022 0.0122528 0.00876367 0.014736 0.00845131
threshold=0.11226050000000001 0.40233900000000006 0.64369950000000009 0.4148245000000001 0.085900000000000018 0.61843550000000014 0.8791000000000001 0.59125400000000006 0.44375000000000003 0.8581000000000002 0.44375000000000003 0.22035000000000002 0.4671300000000001 0.87457550000000006 0.9521280000000002 0.25172600000000006 0.18821700000000002 0.32114700000000002 0.26430000000000003 0.20765000000000003 0.21609950000000003 0.62505000000000011 0.70610000000000006 0.58385000000000009 0.46805000000000002 0.77350200000000013 0.76435000000000008 0.60820000000000018 0.68127850000000012 0.25683850000000003
decision_type=2 2 2 2 2 2 2 2 2 2 2 2 2 2 2 2 2 2 2 2 2 2 2 2 2 2 2 2 2 2
left_child=1 3 6 -1 -4 11 13 8 -8 10 -5 19 -13 15 18 16 -2 29 -15 -3 -18 23 -14 -7 -6 26 -19 28 -23 -17
right_child=2 5 4 9 24 21 7 -9 -10 -11 -12 12 22 14 -16 17 20 25 -20 -21 -22 27 -24 -25 -26 -27 -28 -29 -30 -31
leaf_value=-0.011901142846861487 -0.0002595884807174584 -0.00086960972684192728 0 -0.0094075077545935307 0 0 0.011844529587656256 0 0 0.0026243378351574692 0 0 -0.0052412408272326082 0 0 0 0.010935373759657224 -0.004523017684774905 0.0077031606779823167 0.0070363509476215518 0 0 -0.00034959190435623682 0.0089682244123547219 0.0070739729966274763 0 0 0.0022982632404525984 -0.0052464274937076491 0.0048657509700727741
leaf_weight=3.1049234960228231 3.3476959224790432 3.1573594566434688 0.56574791297316451 0.69551008008420501 0.63201084733009327 1.2729747518897045 1.3545747771859162 1.3746584691107271 1.5651880502700803 0.51030331850051869 1.2673740349709985 0.99034883454441924 7.4282182324677688 0.60633527860045422 1.0092011317610738 1.6563817225396626 0.68425792828202281 5.7372764311730844 1.5761967822909353 0.43516862392425526 1.8844435214996336 0.65165392123162824 4.1563791055232286 0.64238400384783734 6.4187875539064407 2.239360086619854 1.7163415402173994 1.5155390389263628 1.7243687100708482 0.88232778571546067
leaf_count=86 78 85 13 18 12 28 28 25 29 9 26 20 175 12 19 36 15 133 28 11 41 14 79 11 109 44 30 22 40 19
internal_value=-6.70888e-05 -0.00287452 0.00211095 -0.00793867 0.00542468 -0.00133236 0.000914812 0.00431914 0.00645563 -0.00075175 -0.00413791 -0.00249688 -0.00327819 0 0.00313979 -0.000316388 0.00121026 -0.0014641 0.00544561 0 0.00493738 0.00105078 -0.00393212 0.004093 0.00648052 -0.00259625 -0.00342841 0 -0.00232425 0.000898211
internal_weight=60.8033 27.5525 33.2508 5.57811 7.61655 21.9744 25.6342 4.29442 2.91976 2.47319 1.96288 16.1675 12.5749 21.3398 3.19173 18.1481 5.9164 12.2317 2.18253 3.59253 2.5687 5.80692 11.5846 1.91536 7.0508 9.69298 7.45362 3.89156 2.37602 2.53871
internal_count=1295 624 671 139 134 485 537 82 57 53 44 370 274 455 59 396 134 262 40 96 56 115 254 39 121 207 163 76 54 55
is_linear=0
shrinkage=0.05


Tree=57
num_leaves=31
num_cat=0
split_feature=1 4 4 1 3 0 1 3 2 4 2 2 5 5 1 3 5 2 2 5 5 5 5 5 3 3 5 2 3 0
split_gain=0.121747 0.0610696 0.0584906 0.0181375 0.018014 0.0216748 0.0172717 0.0122057 0.0165948 0.0162536 0.0139567 0.0121571 0.0128792 0.0332438 0.0113177 0.0109085 0.0149772 0.0107465 0.0104118 0.0101338 0.00951787 0.00926748 0.00901888 0.0181143 0.00840071 0.0226384 0.0178145 0.0101784 0.0178371 0.00793504
threshold=0.11226050000000001 0.78195000000000003 0.47575000000000006 0.6016395000000001 0.29068750000000004 0.0065570000000000012 0.44568900000000006 0.33477500000000004 0.91677150000000018 0.5676500000000001 0.40695600000000004 0.40695600000000004 0.84735000000000016 0.72860000000000014 0.40611000000000003 0.18821700000000002 0.50745000000000007 0.94007250000000009 0.59790450000000017 0.86015000000000008 0.70300000000000018 0.53515000000000013 0.44375000000000003 0.31400000000000006 0.46353700000000003 0.42159450000000004 0.74790000000000012 0.30319700000000005 0.6199395000000002 0.25836450000000005
decision_type=2 2 2 2 2 2 2 2 2 2 2 2 2 2 2 2 2 2 2 2 2 2 2 2 2 2 2 2 2 2
left_child=1 4 3 17 -1 24 7 14 9 21 -11 -3 13 22 15 -4 -17 29 -18 -7 -12 -9 23 -13 25 26 -6 -26 -29 -2
right_child=2 11 6 -5 5 19 -8 8 -10 10 20 12 -14 -15 -16 16 18 -19 -20 -21 -22 -23 -24 -25 27 -27 -28 28 -30 -31
leaf_value=-0.0068274089367492095 0 -0.0028659368646550996 0 0.0010169553183675508 0.00018746525049094227 -0.0080202727725352269 0.0048672706276206767 0 0.0072201151577836083 0 -0.0053453273234384223 0 -0.0022214075281801271 0.0084723395638664854 0 0.0089283997983103918 -0.00034951875326525285 0 0.0052387088920658907 0 0 0.0057800486617234021 -0.0017559644056871103 0.0073789410071405373 0 0.0082180491813412127 -0.0080928515896055413 -0.0074825252140655165 0 -0.0055158172877130072
leaf_weight=6.7865356206893983 1.4507829081267107 1.6211037226021279 2.7025785651057985 1.6527781523764131 2.0923797246068707 2.0092414692044254 10.83706698194146 0.51949490234255591 0.64875806868076313 1.6903535015881059 3.0329274795949459 2.4057160727679716 0.67055754363536824 1.6838387958705423 0.5670226179063319 1.8698666132986548 1.2539723366498949 0.45588871464133252 0.84243107214570034 0.38720393553376187 1.2776003479957578 0.96043098345398903 2.2566293329000473 1.012358773499727 0.60236691683530796 0.7536566238850354 0.57886508852243412 1.5369888395071027 3.1213248185813427 3.5167860314249992
leaf_count=183 40 35 61 32 51 53 182 13 11 34 65 55 11 23 11 41 26 11 14 8 22 16 41 17 13 16 11 37 70 92
internal_value=-2.80148e-05 -0.00256286 0.00191969 -0.00166119 -0.00431007 -0.00227406 0.00307948 0.00147194 0 -0.000568993 -0.00224794 0.000170548 0.00142641 0.00245452 0.00295419 0.00369302 0.00542306 -0.00338621 0 -0.00664828 -0.00386017 0.00278556 0 0.00208411 -0.000436112 0.000548223 -2.99358e-05 -0.00200794 -0.00314483 -0.00421895
internal_weight=60.7975 27.5188 33.2787 7.07624 17.8686 11.082 26.2025 15.3654 8.12957 7.48081 6.00088 9.6502 8.0291 7.35854 7.23587 6.66885 3.96627 5.42346 2.0964 2.39645 4.31053 1.47993 5.6747 3.41807 8.68558 3.4249 2.67124 5.26068 4.65831 4.96757
internal_count=1295 624 671 175 442 259 496 314 161 150 121 182 147 136 153 142 81 143 40 61 87 29 113 72 198 78 62 120 107 132
is_linear=0
shrinkage=0.05


Tree=58
num_leaves=31
num_cat=0
split_feature=1 2 4 6 0 5 2 6 6 6 6 6 5 6 6 5 4 4 4 1 0 4 1 4 5 5 5 6 4 5
split_gain=0.110795 0.0606424 0.04904 0.0279726 0.0221175 0.0200935 0.0194678 0.0180177 0.0266339 0.0254399 0.0170414 0.0161052 0.0145442 0.0259579 0.0184285 0.0142361 0.0174104 0.0115981 0.0126085 0.0129409 0.0113238 0.0110816 0.0104223 0.00870454 0.00802309 0.017327 0.0167866 0.00865287 0.00764123 0.00757822
threshold=0.11226050000000001 0.44195450000000008 0.47575000000000006 0.8581000000000002 0.64369950000000009 0.085900000000000018 0.51773200000000008 0.5031500000000001 0.64365000000000017 0.58385000000000009 0.91930000000000012 0.70260000000000011 0.31400000000000006 0.8267500000000001 0.81450000000000011 0.87455000000000005 0.90620000000000012 0.56515000000000015 0.6382500000000001 0.29068850000000007 0.72102350000000015 0.66155000000000008 0.19890550000000004 0.41535000000000005 0.50065000000000015 0.36240000000000006 0.66120000000000012 0.61325000000000018 0.96200000000000008 0.26150000000000001
decision_type=2 2 2 2 2 2 2 2 2 2 2 2 2 2 2 2 2 2 2 2 2 2 2 2 2 2 2 2 2 2
left_child=1 3 11 28 10 -6 7 -3 9 -9 17 20 13 -10 -14 16 29 22 19 -19 23 -16 -4 -2 25 -20 -26 -28 -1 -8
right_child=2 6 4 -5 5 -7 15 8 12 -11 -12 -13 14 -15 21 -17 -18 18 24 -21 -22 -23 -24 -25 26 -27 27 -29 -30 -31
leaf_value=-0.0089515392225834305 -0.0072995728148482278 -0.0039400139585352217 0 0 0 0.0071049484584693734 0 0 0 0.0082849217402750589 0.0080122581964674165 0 -0.00065649467317962324 -0.0084420045502079342 0 0 0 -0.0075321024901722992 0 0 0 0.0062823133688027005 0.005172786992286597 0 -0.0040263198276129439 0.0065131469478635906 0.0039446854560558431 0 0 -0.0066684815899962814
leaf_weight=4.7244681268930462 1.8422989789396522 2.1647170465439585 0.5453543383628231 1.3564772419631479 0.43875320628285308 5.1525583676993847 1.363831603899597 1.587840981781482 2.0397509317845093 1.9405044559389351 1.2356612533330906 3.4543942958116531 3.08688685297966 1.2611034419387577 1.0998020842671397 0.43064820766448964 0.6581326201558112 0.77138479240238966 5.5236685667186958 1.4776475466787813 0.50909331813454617 1.8425346948206422 2.8281913623213768 1.248783230781555 1.9276603460311887 1.7485328093171117 1.8747265227138994 2.720292966812849 0.42070203274488438 3.5103175900876522
leaf_count=125 54 56 14 28 10 83 36 39 47 36 21 77 56 33 25 8 13 19 117 27 10 30 53 34 39 35 33 45 8 84
internal_value=0 -0.00240644 0.00187348 -0.00671358 0.00293326 0.0061451 -0.000809419 0 0.00087351 0.00459054 0.00179739 -0.00135619 -3.57096e-05 -0.00307262 0.000834167 -0.00321029 -0.00417288 0.00110669 0.000193384 -0.00269678 -0.0037997 0.00401171 0.00388014 -0.00506088 0.00104044 0.00218197 0 0.00139187 -0.00837024 -0.00533547
internal_weight=60.7867 27.4877 33.299 6.50165 26.2444 5.59131 20.9861 15.0231 12.8584 3.52835 20.6531 7.05457 9.33008 3.30085 6.02922 5.96293 5.53228 19.4175 16.0439 2.24903 3.60018 2.94234 3.37355 3.09108 13.7949 7.2722 6.52268 4.59502 5.14517 4.87415
internal_count=1295 624 671 161 496 93 463 322 266 75 403 175 191 80 111 141 133 382 315 46 98 55 67 88 269 152 117 78 133 120
is_linear=0
shrinkage=0.05


Tree=59
num_leaves=31
num_cat=0
split_feature=1 4 4 1 3 2 5 2 5 5 5 5 2 3 2 1 6 4 1 4 2 2 2 5 2 5 6 4 2 2
split_gain=0.124672 0.0520921 0.0494888 0.018436 0.0159921 0.0155811 0.0237826 0.0214794 0.0146491 0.0134011 0.013095 0.0161061 0.0154521 0.0112834 0.0112729 0.0112127 0.00832842 0.010263 0.00824069 0.01085 0.00822317 0.0080692 0.00762627 0.00877655 0.00552384 0.00500344 0.00479322 0.00408808 0.00345086 0.0356331
threshold=0.11226050000000001 0.47575000000000006 0.78195000000000003 0.6016395000000001 0.50202400000000014 0.89411150000000006 0.54900000000000004 0.50388700000000008 0.66120000000000012 0.90690000000000015 0.70835000000000015 0.84735000000000016 0.70258500000000013 0.27154800000000007 0.94007250000000009 0.70378400000000008 0.70515000000000005 0.44410000000000005 0.45825500000000002 0.85320000000000007 0.75361650000000002 0.49876600000000004 0.59790450000000017 0.87455000000000005 0.16179800000000003 0.36915000000000003 0.49765000000000004 0.69215000000000015 0.51773200000000008 0.44195450000000008
decision_type=2 2 2 2 2 2 2 2 2 2 2 2 2 2 2 2 2 2 2 2 2 2 2 2 2 2 2 2 2 2
left_child=2 3 9 14 10 7 -7 15 18 28 12 -12 13 -4 16 24 17 -2 19 20 -9 -6 -10 -24 -3 -23 -20 -28 29 -1
right_child=1 5 4 -5 21 6 -8 8 22 -11 11 -13 -14 -15 -16 -17 -18 -19 26 -21 -22 25 23 -25 -26 -27 27 -29 -30 -31
leaf_value=-0.0072410141140060716 -0.0077694862487909305 0 0 0.0014810076554789041 0 0.010977830520079458 0 -0.0050295891639879423 0 0 0.0049075495674153671 -0.0025171766360294035 0 -0.0087732181834810023 0 0 0 0 0 0 0 0 0.0055097670222431219 0 0.0046928063194313259 0.005877604067453533 0 0.0047719749044342384 -0.007562839873834608 -0.00081945642494859648
leaf_weight=4.1684398613870224 2.067463086917996 0.94059291854501381 2.0288279987871634 1.6489153057336805 0.9079878814518455 1.7906071506440633 1.4771623015403745 2.6857321429997669 1.1135155409574506 0.90345894545316596 1.3886747658252718 0.61542338132858265 0.67690007388591755 1.3179005999118087 0.45525114238262165 1.0718556605279435 2.163921732455492 0.70165142603218544 0.50885184854269061 1.5265220031142233 0.90647656098008145 1.0068878196179869 2.3806042149662976 0.68936576321721066 9.3871538098901492 1.7231195196509359 0.90431721508502938 0.9042985811829567 3.5641603879630557 9.151171401143074
leaf_count=112 61 19 48 32 15 31 23 60 19 17 22 10 14 30 11 20 51 20 10 33 18 19 36 11 185 24 16 15 95 218
internal_value=-1.91446e-05 0.0019496 -0.00258882 -0.00139676 0 0.00303683 0.00707101 0.00221977 0.00021204 -0.00415214 -0.00125686 0.000239959 -0.00320266 -0.00484553 -0.00319938 0.00381182 -0.00409406 -0.00605474 -0.000615138 -0.00208959 -0.00367671 0.00284711 0.00282967 0.00410294 0.0043257 0.00422316 0.000525018 0.0025744 -0.00448665 -0.00324069
internal_weight=60.7772 33.3243 27.453 7.0372 9.66572 26.2871 3.26777 23.0193 11.6197 17.7872 6.02773 2.0041 4.02363 3.34673 5.38829 11.3996 4.93304 2.76911 7.4362 5.11873 3.59221 3.638 4.18349 3.06997 10.3277 2.73001 2.31747 1.80862 16.8838 13.3196
internal_count=1295 671 624 175 182 496 54 442 218 442 124 32 92 78 143 224 132 81 152 111 78 58 66 47 204 43 41 31 425 330
is_linear=0
shrinkage=0.05


Tree=60
num_leaves=31
num_cat=0
split_feature=0 5 3 0 0 2 6 0 5 0 4 4 5 4 5 4 4 2 2 4 2 2 6 3 0 5 5 2 6 6
split_gain=0.0712754 0.0758101 0.055848 0.0448531 0.0431859 0.0356485 0.0334756 0.0279459 0.0291255 0.0284301 0.0239693 0.0230678 0.0219473 0.0217134 0.0181043 0.0166793 0.0140601 0.0130084 0.0184397 0.0125835 0.0125635 0.010806 0.0105537 0.010312 0.0087494 0.0086372 0.0102915 0.00838688 0.00810652 0.00761021
threshold=0.39429950000000008 0.54560000000000008 0.31079600000000007 0.049473500000000011 0.036597000000000011 0.7055570000000001 0.59770000000000012 0.10634300000000001 0.046250000000000006 0.25836450000000005 0.95845000000000014 0.50000000000000011 0.16890000000000002 0.41885000000000006 0.66120000000000012 0.33030000000000009 0.67280000000000018 0.57757150000000013 0.50388700000000008 0.8670500000000001 0.29165500000000005 0.41115850000000004 0.90150000000000008 0.13433050000000005 0.61465000000000014 0.19270000000000001 0.1193 0.4671300000000001 0.47575000000000006 0.76295000000000013
decision_type=2 2 2 2 2 2 2 2 2 2 2 2 2 2 2 2 2 2 2 2 2 2 2 2 2 2 2 2 2 2
left_child=1 7 3 10 5 6 -4 8 11 12 23 -1 29 15 -5 -10 -15 18 19 27 -14 -16 28 -3 -19 26 -11 -2 -18 -9
right_child=17 2 4 14 -6 -7 -8 9 13 25 -12 -13 20 16 21 -17 22 24 -20 -21 -22 -23 -24 -25 -26 -27 -28 -29 -30 -31
leaf_value=-0.0032819326912022283 0 0 0 -0.00066087580249780931 0 0 0.0098605434325362961 -0.0046901117250833374 -0.0065866215771394803 -0.0038309865405173195 0 0.007586113504278698 0 -0.0091470941733793384 0 0.0032228904038598388 0 0.0016831621358299191 -0.0021024244922936692 0.0060629054566754296 0.0062816561258266165 0.0068069458823366569 0 -0.0073800196496108987 0.0070766374328623191 -0.0053659435379973036 0.0040610023880197407 0.0040273491782665104 -0.0044801118477583741 0
leaf_weight=0.48083323054015881 4.6215137243270892 0.61282820254564452 1.2581096664071063 0.83129511587321792 5.2013279441744089 0.57495035789906968 4.4191601611673832 0.79371313937008181 0.54123353213071723 0.84515744820237182 0.54791091382503498 0.79338094592094421 0.53576844930648837 4.0619126725941879 0.86082769557833705 1.2362138815224168 0.7106281742453574 5.3843512553721649 2.1009140200912952 1.9673085846006868 2.6222066022455692 1.7491251435130832 0.51663696393370617 3.5731874275952578 3.7235571034252644 2.3622196484357119 0.61897258646786213 1.2097163721919058 5.2978511955589056 0.39027603343129158
leaf_count=14 96 14 27 20 99 11 69 22 17 21 8 18 13 112 20 36 17 99 39 34 63 33 11 83 62 57 14 22 115 9
internal_value=0.000319687 -0.000749229 0.00133265 -0.00139192 0.00370534 0.00647826 0.0078467 -0.00284891 -0.00424583 0 -0.00486384 0 0.00221395 -0.00507067 0.00197474 0 -0.00592177 0.00290331 0.000918616 0.00238182 0.00483007 0.00465268 -0.00305153 -0.0063767 0.00448408 -0.00354356 0 0.000215641 -0.00379719 -0.000702476
internal_weight=60.4431 41.4357 19.6287 8.17517 11.4535 6.25222 5.67727 21.807 13.6387 8.16831 4.73393 1.27421 4.34196 12.3645 3.44125 1.77745 10.587 19.0074 9.89945 7.79854 3.15798 2.60995 6.52512 4.18602 9.10791 3.82635 1.46413 5.83123 6.00848 1.18399
internal_count=1275 923 384 178 206 107 96 539 340 199 105 32 107 308 73 53 255 352 191 152 76 53 143 97 161 92 35 118 132 31
is_linear=0
shrinkage=0.05


Tree=61
num_leaves=31
num_cat=0
split_feature=0 5 3 2 1 0 1 2 6 6 5 6 5 2 2 5 3 1 1 2 6 6 6 1 3 2 1 6 0 0
split_gain=0.0643356 0.0711983 0.0372348 0.0340363 0.0293908 0.0270307 0.0254926 0.0244692 0.0192964 0.0288988 0.0334734 0.0208675 0.0159309 0.0158338 0.0156079 0.0141287 0.0147685 0.0128578 0.0125482 0.0185613 0.0121892 0.0167254 0.0110429 0.010421 0.0168155 0.00980971 0.0122952 0.00713035 0.0123668 0.00683829
threshold=0.39429950000000008 0.54560000000000008 0.29182950000000002 0.30474850000000003 0.10781200000000002 0.25836450000000005 0.09753400000000001 0.57757150000000013 0.66835000000000011 0.75565000000000004 0.073900000000000007 0.93190000000000006 0.18250000000000002 0.50388700000000008 0.29165500000000005 0.43615000000000009 0.62214750000000019 0.13347650000000003 0.33226450000000002 0.69268050000000014 0.59770000000000012 0.89185000000000014 0.59105000000000008 0.23776650000000002 0.52925900000000015 0.21369300000000002 0.67188150000000013 0.45075000000000004 0.60995500000000014 0.64204600000000012
decision_type=2 2 2 2 2 2 2 2 2 2 2 2 2 2 2 2 2 2 2 2 2 2 2 2 2 2 2 2 2 2
left_child=1 4 3 -3 8 12 20 13 -1 15 -11 -12 -6 25 -14 16 -10 -5 19 -7 -4 -22 -16 24 -8 -2 29 -9 -29 -27
right_child=7 2 6 17 5 18 23 27 9 10 11 -13 14 -15 22 -17 -18 -19 -20 -21 21 -23 -24 -25 -26 26 -28 28 -30 -31
leaf_value=-0.0065689830947928442 0 -0.0075262591316898365 0 -0.00052241108776026072 0 -0.0074629451939527032 0 0 0.0071599598531011084 0.0014405246435107435 -0.0070347556817636466 0 0 -0.0024664624366761514 0 0 0 0.0041322748816000647 0 0 0.0073250941120730651 0 0.0085659048946329294 0.0030259008841084551 -0.0053246325899044631 0.00093827625021956787 0 0.001829204074353601 0.0081581957402844848 0.007829791738294992
leaf_weight=6.0333158187568205 1.0777859967201964 1.5149114876985574 1.7184752877801637 4.4145727138966322 1.0296484790742391 2.0130742974579343 1.070890571922064 0.95957083068787952 1.469438821077347 0.88764422200620163 4.2743111215531826 0.44907363317906845 0.50798701867461238 2.0944386571645737 0.69830564782023463 0.43429689295589913 0.43733192235231388 1.7104516737163065 0.66892316564917553 1.1294655818492172 4.709063533693552 0.99359863251447667 1.7278230171650646 1.8492975886911152 1.6721463240683077 3.6775005832314491 1.5598233789205549 4.6506287604570371 3.5165510438382626 1.4876301698386667
leaf_count=161 23 38 39 97 26 53 21 19 36 20 108 10 12 39 18 9 9 33 14 25 75 17 38 32 32 74 28 84 58 27
internal_value=0.000335598 -0.000674918 0.00133722 -0.00090846 -0.00271874 0 0.00317383 0.00278892 -0.00408512 -0.00152146 -0.00380472 -0.00583648 0.002609 0.000454316 0.00471629 0.0018344 0.00465774 1.97302e-05 -0.00319447 -0.00468876 0.00496966 0.00610437 0.00649329 0 -0.00169878 0.0018923 0.00278202 0.00474632 0.0052248 0.00398379
internal_weight=60.438 41.414 19.6534 7.63994 21.7606 7.77523 12.0135 19.0239 13.9854 7.9521 5.61103 4.72338 3.96376 9.89718 2.93412 2.34107 1.90677 6.12502 3.81146 3.14254 7.42114 5.70266 2.42613 4.59233 2.74304 7.80274 6.72495 9.12675 8.16718 5.16513
internal_count=1275 923 384 168 539 186 216 352 353 192 138 118 94 191 68 54 45 130 92 78 131 92 56 85 53 152 129 161 142 101
is_linear=0
shrinkage=0.05


Tree=62
num_leaves=31
num_cat=0
split_feature=1 5 2 3 2 0 5 2 4 2 5 1 3 5 3 3 5 3 4 1 3 3 5 5 2 3 5 4 3 3
split_gain=0.0760335 0.0548931 0.0252984 0.02222 0.0272282 0.0214525 0.029232 0.0265977 0.0204472 0.0155786 0.0145333 0.0134393 0.017646 0.0132555 0.010769 0.0106358 0.0135279 0.0123174 0.0105982 0.00957939 0.0126343 0.00927786 0.00847946 0.00808495 0.0104968 0.00776863 0.0144569 0.0202802 0.0109835 0.0073245
threshold=0.24367150000000001 0.38080000000000008 0.57757150000000013 0.31079600000000007 0.29985800000000007 0.036597000000000011 0.54900000000000004 0.7055570000000001 0.74145000000000005 0.91677150000000018 0.097100000000000006 0.19189950000000003 0.27154800000000007 0.86015000000000008 0.22317300000000004 0.6339680000000002 0.063300000000000009 0.78614600000000012 0.5464500000000001 0.59585500000000013 0.76832350000000005 0.15696150000000003 0.032600000000000011 0.098150000000000015 0.52349050000000019 0.57888200000000012 0.81310000000000004 0.45965000000000006 0.49136650000000004 0.25499750000000004
decision_type=2 2 2 2 2 2 2 2 2 2 2 2 2 2 2 2 2 2 2 2 2 2 2 2 2 2 2 2 2 2
left_child=1 9 8 4 -3 6 -5 13 19 10 15 12 14 18 -6 16 22 -17 -8 20 21 -2 -1 -10 29 28 27 -27 -7 -25
right_child=2 3 -4 5 11 25 7 -9 23 -11 -12 -13 -14 -15 -16 17 -18 -19 -20 -21 -22 -23 -24 24 -26 26 -28 -29 -30 -31
leaf_value=0 0 -0.0068098018126104588 0.0043188835026893042 0 -0.00093960512539534085 0 0 0 0 0 -0.0051337445373426721 0.0055899213078757816 -0.0072831427697033942 0 0.003886886964432245 0.008002508814891238 0 0 0.0085974229267320942 0.00081148390886333929 0 -0.0044434431872628173 -0.010896313086244454 0 0 0 0 -0.0088077067353278925 0.0062215610627960301 0.0061748432863895607
leaf_weight=0.95157941058277884 0.5104224011302011 1.7141855917871014 11.609051883220671 1.9004548881202916 4.7630870621651411 1.4353412557393306 1.0061874296516178 0.57676487416028965 0.45323023200035084 0.46567983925342638 9.3543255068361741 0.84501665644347657 0.80837655998766411 0.86424409970641125 1.3978348188102243 0.51696090400218941 0.65529033914208401 0.48451643250882626 3.8747819550335407 2.0870318561792374 0.81600095331668843 3.9886331334710121 0.51392723806202412 1.7435450479388235 0.74632613360881794 0.69283309765160117 0.79077560082077969 1.2428044993430374 0.66351975500583638 2.9617399051785469
leaf_count=24 12 44 211 44 108 33 22 11 9 10 241 17 18 15 30 12 18 12 59 40 14 93 14 32 13 17 13 25 13 51
internal_value=0.000351962 -0.00103463 0.0025247 0.000254498 -0.00129148 0.00176502 0.00337131 0.00510968 0.000565959 -0.00365143 -0.0041138 0 -0.000758675 0.00632937 0 0 -0.00283689 0.00281311 0.00732563 -0.00067695 -0.00218895 -0.00353688 -0.00574628 0.00294201 0.00360595 0 -0.00247591 -0.00512506 0.000976178 0.00452587
internal_weight=60.4345 35.5185 24.916 22.5762 9.5285 13.0477 8.22243 6.32198 13.3069 12.9423 12.4766 7.81432 6.9693 5.74521 6.16092 3.12227 2.1208 1.00148 4.88097 7.40209 5.31506 4.49906 1.46551 5.90484 5.45161 4.82527 2.72641 1.93564 2.09886 4.70528
internal_count=1275 800 475 469 217 252 151 107 264 331 321 173 156 96 138 80 56 24 81 159 119 105 38 105 96 101 55 42 46 83
is_linear=0
shrinkage=0.05


Tree=63
num_leaves=31
num_cat=0
split_feature=1 5 3 1 1 2 2 5 6 6 0 2 6 6 2 0 3 0 6 3 1 6 3 0 6 6 3 6 3 6
split_gain=0.0690552 0.0359884 0.0409087 0.0357729 0.0265513 0.0265516 0.0237248 0.0213066 0.0288419 0.0195725 0.0164238 0.0163127 0.039399 0.0152028 0.0153057 0.0174887 0.0150211 0.0133695 0.0128095 0.0127873 0.0128212 0.0117999 0.0104135 0.0099376 0.0257943 0.0202183 0.0174233 0.0228384 0.00972879 0.00865326
threshold=0.26272700000000004 0.54030000000000011 0.31079600000000007 0.09753400000000001 0.10781200000000002 0.91677150000000018 0.57757150000000013 0.071900000000000006 0.58580000000000021 0.8267500000000001 0.049473500000000011 0.7055570000000001 0.59770000000000012 0.88105000000000011 0.44195450000000008 0.75063250000000015 0.13433050000000005 0.25836450000000005 0.91930000000000012 0.23109650000000001 0.32507250000000004 0.93190000000000006 0.89238750000000011 0.0065570000000000012 0.77795000000000014 0.73880000000000001 0.25079700000000005 0.56470000000000009 0.55771300000000013 0.57940000000000014
decision_type=2 2 2 2 2 2 2 2 2 2 2 2 2 2 2 2 2 2 2 2 2 2 2 2 2 2 2 2 2 2
left_child=1 4 10 11 7 17 13 8 -1 -10 16 12 -4 14 19 29 -3 -6 -15 -2 -21 22 23 24 25 26 -9 -28 -5 -16
right_child=6 2 3 28 5 -7 -8 21 9 -11 -12 -13 -14 18 15 -17 -18 -19 -20 20 -22 -23 -24 -25 -26 -27 27 -29 -30 -31
leaf_value=-0.0080925406352382271 -0.00035013061254084886 0 0 3.5704305436451348e-05 0 0.010385878113533684 0.0042509327037656783 0 0.0089075822160296896 0 0 0 0.0077665918542700928 0.0066011069216564055 0 2.2055774942763637e-05 -0.0051389899738969423 -0.0051807564267835086 0 0 0.0043340329154042253 0 0 -0.010068064209255869 -0.0074225279134584356 0.0048233871139931033 0 -0.008246713792840232 -0.0037315933309627542 -0.006321319213177615
leaf_weight=0.46654982306063431 2.0978450775146502 0.72658749669790523 1.5073703546076993 1.2894245535135271 3.5861597452312699 0.49575505405664433 11.046127773821352 1.7772662304341738 0.95782359875738599 0.48109789565205574 2.4854786526411772 0.79539534635841835 4.9304177798330784 1.5841187760233872 1.1581834405660631 0.64845211803913105 4.0237049385905266 1.2241589147597549 0.52130069211125363 0.67510162293910969 3.7990406583994627 0.44764775969088155 0.70204784348607141 2.0417039133608332 2.9041035231202841 0.84349858574569214 1.4209599960595372 1.8202172871679065 1.7153240814805029 2.2557007092982531
leaf_count=14 46 16 34 25 87 9 198 48 23 11 55 16 76 28 23 11 90 33 10 16 73 10 15 58 74 19 37 43 33 44
internal_value=0.000314478 -0.000950092 0.000458885 0.00270568 -0.00248966 0 0.00246773 -0.00364798 0 0.0047691 -0.00203207 0.00473131 0.0055988 0.000511102 0 -0.00262939 -0.00383545 -0.00065662 0.00433062 0.00119245 0.00300068 -0.00445293 -0.00480979 -0.00519709 -0.00339787 -0.000474285 -0.00241841 -0.00469006 -0.000555421 -0.00454225
internal_weight=60.4286 36.6427 17.4737 10.2379 19.169 5.30607 23.7859 13.8629 1.90547 1.43892 7.23577 7.23318 6.43779 12.7397 10.6343 4.06234 4.75029 4.81032 2.10542 6.57199 4.47414 11.9574 11.5098 10.8077 8.76605 5.86194 5.01844 3.24118 3.00475 3.41388
internal_count=1275 826 345 184 481 129 449 352 48 34 161 126 110 251 213 78 106 120 38 135 89 304 294 279 221 147 128 80 58 67
is_linear=0
shrinkage=0.05


Tree=64
num_leaves=31
num_cat=0
split_feature=0 5 6 0 1 4 5 6 3 6 6 6 5 0 6 6 3 3 0 5 3 3 4 3 4 5 6 5 4 3
split_gain=0.0595376 0.0351315 0.0227249 0.0188172 0.0176714 0.0204259 0.0329926 0.0270913 0.0172172 0.0158026 0.0136813 0.0129577 0.0116236 0.024505 0.0181762 0.011357 0.0176632 0.0178352 0.0414303 0.0215388 0.0305042 0.0165907 0.0247467 0.0145975 0.0163338 0.0362385 0.0319089 0.01446 0.0106195 0.0102135
threshold=0.23495650000000004 0.31400000000000006 0.93190000000000006 0.64369950000000009 0.111111 0.82405000000000006 0.12870000000000001 0.58580000000000021 0.47601700000000008 0.46805000000000002 0.91025000000000011 0.81745000000000012 0.1193 0.45899550000000006 0.55125000000000013 0.45590000000000003 0.63066500000000014 0.31079600000000007 0.036597000000000011 0.54900000000000004 0.46353700000000003 0.7793095000000001 0.56515000000000015 0.27154800000000007 0.69390000000000007 0.87455000000000005 0.80435000000000012 0.7743500000000002 0.48575000000000007 0.62664650000000011
decision_type=2 2 2 2 2 2 2 2 2 2 2 2 2 2 2 2 2 2 2 2 2 2 2 2 2 2 2 2 2 2
left_child=1 4 10 8 5 6 7 -1 28 -5 15 -9 -10 14 -14 29 17 23 19 -19 -21 22 -18 24 -17 26 -26 -24 -2 -3
right_child=3 2 -4 9 -6 -7 -8 11 12 -11 -12 -13 13 -15 -16 16 21 18 -20 20 -22 -23 27 -25 25 -27 -28 -29 -30 -31
leaf_value=-0.0089998087105453671 -0.0031570956184975296 -0.0053397683987415328 0.0073376511014995524 0 0 0 -0.0089543524200865893 0.005240706899625339 0 0.0053612573319272707 -0.0054202738400620188 0 0 0 0.0076256705963898526 -0.00061886804462808157 0 0 -0.00074151899934042761 0.012488168892466588 0 0 -0.012957106001086967 -0.0051097086273528851 0.0098245885430197182 -0.0034961555731990567 0 0 0.0005044442960208535 0
leaf_weight=0.68794379383325432 2.305879579856998 1.6479631252586942 0.93073374219238658 0.82953402772545715 1.7525489944964636 1.8767765928059814 3.6177536658942699 1.2217479851096871 0.81139642558991809 6.5266458205878735 1.1089934855699528 0.8773722331970929 0.92924742773175228 2.8702973127365112 3.3095256872475147 3.0938132777810115 0.87373523414134924 1.3441523723304269 1.8144684098660944 1.894827311858535 1.261561796069145 2.2954017538577318 0.81641768477857091 1.1153643876314161 2.0465413145720968 0.51782017573714245 0.92309321090579022 0.53062395378947258 9.9944485370069724 0.59767860919237126
leaf_count=22 61 45 16 16 44 43 101 31 18 111 23 22 20 52 58 83 21 30 39 32 21 39 17 27 37 10 17 8 198 13
internal_value=0.000341928 -0.000993763 0 0.00211139 -0.00344635 -0.00443077 -0.00575727 0 0.000978634 0.00449964 -0.000244706 0.00133301 0.00279162 0.00356387 0.00593493 0 0.000468363 0.00154955 0.00349749 0.00627232 0.00849218 -0.00176381 -0.00490509 0 0.000844202 0.00351695 0.00644275 -0.00901894 0 -0.00321905
internal_weight=60.4243 32.8473 22.8132 27.577 10.0341 8.28159 6.40482 2.78706 20.2208 7.35618 21.8825 2.09912 7.92047 7.10907 4.23877 20.7735 18.5278 14.0116 6.31501 4.50054 3.15639 4.51618 2.22078 7.69663 6.58127 3.48745 2.96963 1.34704 12.3003 2.24564
internal_count=1275 741 478 534 263 219 176 75 407 127 462 53 148 130 78 439 381 296 122 83 53 85 46 174 147 64 54 25 259 58
is_linear=0
shrinkage=0.05


Tree=65
num_leaves=31
num_cat=0
split_feature=1 3 5 4 3 3 3 4 4 5 4 1 3 3 4 1 3 4 1 5 5 1 1 3 4 2 2 3 3 3
split_gain=0.0651298 0.0322913 0.0320519 0.0314389 0.0240152 0.0541839 0.0232424 0.0198216 0.0186338 0.0180434 0.0144725 0.0142512 0.0131746 0.0189211 0.0101497 0.0096254 0.00915524 0.014454 0.00908022 0.011262 0.0364497 0.00872404 0.00865661 0.00824603 0.0108233 0.0105047 0.00796226 0.00696863 0.00657197 0.0181252
threshold=0.10507100000000001 0.49136650000000004 0.38080000000000008 0.73850000000000005 0.5866260000000002 0.63066500000000014 0.13543150000000001 0.64205000000000012 0.78195000000000003 0.1193 0.40435000000000004 0.71511550000000013 0.15008850000000004 0.26490300000000006 0.91190000000000004 0.13230350000000002 0.17326150000000004 0.39790000000000009 0.23170000000000004 0.65955000000000019 0.27945000000000003 0.77576650000000014 0.0074450000000000011 0.85590850000000007 0.78905000000000014 0.57509200000000005 0.42089850000000006 0.26081350000000009 0.45486050000000006 0.31079600000000007
decision_type=2 2 2 2 2 2 2 2 2 2 2 2 2 2 2 2 2 2 2 2 2 2 2 2 2 2 2 2 2 2
left_child=2 6 3 -1 8 -6 26 15 16 -3 -11 18 -9 14 -14 -8 -4 -18 19 20 -12 -17 27 25 -25 -7 -2 -5 29 -10
right_child=1 9 4 22 5 23 7 12 28 10 11 -13 13 -15 -16 21 17 -19 -20 -21 -22 -23 -24 24 -26 -27 -28 -29 -30 -31
leaf_value=-0.0061187713566111402 0 0 0 0 0.01409180693820522 -0.0041826509941995903 0 -0.0033303516778910879 0 0 0 0 0.005028400233456575 0 0 -0.0034238311429472495 0 -0.0053010304293010652 0.0062163951220970048 -0.00097871936498559499 0.010934255418081002 0 -0.0046678352477316247 0.0060010249921489322 0 0 0.007622597063914981 0.002808817967408412 -0.0016948497780912867 0.0073517572649893313
leaf_weight=6.4001103378832358 0.60695112496614712 1.1721716821193684 1.8629972971975819 1.2325236983597281 0.74177635088562865 1.826734494417906 0.53285595029592681 0.82715192809700866 2.5293579250574116 1.0071427151560772 0.60624014586209918 0.67282020300626832 4.0010821409523469 4.8238051030784845 1.0579566955566404 7.4184213280677795 0.96221598051488388 4.6674509700387716 7.6213904730975628 1.1162493750452993 0.88835960626602173 0.54467510059475888 0.84413941390812386 1.0170514807105062 0.66300102695822705 0.52590249478816975 1.2248931191861627 2.2438294216990471 0.8630254492163657 0.99188083037734021
leaf_count=184 14 26 46 29 14 36 15 18 46 26 14 11 76 93 18 169 26 106 128 20 17 11 21 19 8 11 23 45 15 16
internal_value=0 0.00151097 -0.00175583 -0.00390215 -6.04403e-05 0.00255013 4.49281e-05 -0.000235724 -0.00153988 0.0034707 0.00412025 0.00467095 0.000879656 0.00176271 0.00389631 -0.00221732 -0.0031418 -0.00413221 0.00516592 0.000138819 0.00411808 -0.00286807 0 0 0.00271999 -0.00174235 0.00543551 0.000546973 9.18074e-05 0.00194516
internal_weight=61.4942 34.1222 27.372 10.7206 16.6514 4.77447 21.0378 19.2059 11.8769 13.0844 11.9122 10.9051 10.71 9.88284 5.05904 8.49595 7.49266 5.62967 10.2322 2.61085 1.4946 7.9631 4.32049 4.03269 1.68005 2.35264 1.83184 3.47635 4.38426 3.52124
internal_count=1301 679 622 279 343 88 437 400 255 242 216 190 205 187 94 195 178 132 179 51 31 180 95 74 27 47 37 74 77 62
is_linear=0
shrinkage=0.05


Tree=66
num_leaves=31
num_cat=0
split_feature=1 3 4 3 6 3 1 1 4 6 4 6 4 3 6 4 4 1 1 1 3 4 4 6 0 4 3 6 6 6
split_gain=0.0662522 0.0316994 0.0279799 0.0329765 0.0368538 0.0345845 0.025235 0.0233861 0.0217319 0.0213692 0.0395599 0.0307967 0.0204373 0.0174648 0.0267146 0.0235948 0.0172856 0.0138499 0.0125787 0.0124058 0.0160053 0.0148862 0.01448 0.0121619 0.0111918 0.0105861 0.00858688 0.00988264 0.0146155 0.00857487
threshold=0.10507100000000001 0.49136650000000004 0.78195000000000003 0.5866260000000002 0.63255000000000006 0.82648450000000018 0.79546900000000009 0.037679500000000005 0.40435000000000004 0.74780000000000013 0.37435000000000007 0.77795000000000014 0.55435000000000012 0.13543150000000001 0.67715000000000003 0.64205000000000012 0.85625000000000007 0.23170000000000004 0.71511550000000013 0.61624750000000017 0.14551050000000001 0.91190000000000004 0.63135000000000008 0.63635000000000008 0.13445650000000001 0.88730000000000009 0.47060150000000006 0.55480000000000007 0.80685000000000018 0.62235000000000007
decision_type=2 2 2 2 2 2 2 2 2 2 2 2 2 2 2 2 2 2 2 2 2 2 2 2 2 2 2 2 2 2
left_child=2 6 3 9 5 -5 13 16 -3 10 -1 -11 -6 23 15 -15 26 24 -19 20 -16 22 -22 -2 -10 -18 27 -4 -29 -27
right_child=1 8 7 4 12 -7 -8 -9 17 11 -12 -13 -14 14 19 -17 25 18 -20 -21 21 -23 -24 -25 -26 29 -28 28 -30 -31
leaf_value=0 0.0076428034031336941 0 0 0.010644744449461681 -0.0072447463753857232 0 0.0074877154229014619 -0.0065554681755090874 0.0050613422088513884 0.0070652561311966046 -0.0077583629290032576 -0.0029317529202832946 0 -0.0058999366746867871 -0.0022083703943737549 0 -0.0049763628704710423 0.0058188599167191338 0 -0.0026018829345875487 0 0 0.0066326823499150396 0 -0.00084752921233143214 0.0043125592875613043 0 0.011474164594700839 0 0
leaf_weight=0.92208367213607356 0.99885179102421406 1.0833531226962794 0.66217767074703848 1.2142571192234748 1.438871677964926 1.0462111141532657 1.0324855782091606 0.88142178207635957 0.93210525065660421 0.6591312140226363 6.2049968540668488 4.7720052376389503 1.6790047530084846 3.6188976578414458 0.62832900881767084 5.7984138019382954 0.95054742321372021 8.3911603931337559 0.67194388806819993 1.0072915889322756 3.3015083987265825 0.78740212321281422 3.0734852813184261 0.77480117790400982 2.0436893384903669 1.0768090933561327 1.8450930975377557 0.98035391792654969 0.62012306600809097 2.3970274440944195
leaf_count=29 20 28 16 27 35 24 18 21 16 15 167 115 35 93 14 115 19 143 11 17 72 14 58 16 44 20 28 16 12 43
internal_value=6.21459e-05 0.00160555 -0.00168131 -0.00285994 0 0.00514393 0.000140847 4.53523e-05 0.00355499 -0.00426232 -0.0062312 -0.000708726 -0.00303683 -2.51299e-05 -0.000734941 -0.00272101 0.00137453 0.00427101 0.00528624 0.000835693 0.00194115 0.00301904 0.00399632 0.00424617 0 0 0.00376112 0.00585485 0.00788398 0.000354574
internal_weight=61.4938 34.1437 27.3501 17.9366 5.37834 2.26047 21.0215 9.41355 13.1223 12.5582 7.12708 5.43114 3.11788 19.989 18.2153 9.41731 8.53213 12.0389 9.0631 8.79802 7.79072 7.1624 6.37499 1.77365 2.97579 4.42438 4.10775 2.26265 1.60048 3.47384
internal_count=1301 679 622 447 121 51 437 175 242 326 196 130 70 419 383 208 154 214 154 175 158 144 130 36 60 82 72 44 28 63
is_linear=0
shrinkage=0.05


Tree=67
num_leaves=31
num_cat=0
split_feature=1 5 3 3 5 4 3 1 4 6 3 3 6 4 3 3 3 2 6 6 6 6 4 4 6 5 4 4 2 3
split_gain=0.0713722 0.0323284 0.0245865 0.0219215 0.0173182 0.017264 0.0210336 0.0171647 0.0170131 0.022177 0.0182541 0.0249673 0.0207387 0.0152638 0.0136053 0.0577366 0.0310458 0.0271865 0.0136605 0.0496826 0.0199036 0.0259663 0.0142082 0.0201309 0.0138856 0.0128717 0.0127292 0.0115986 0.0113868 0.0108572
threshold=0.10507100000000001 0.36915000000000003 0.49136650000000004 0.13543150000000001 0.1193 0.47085000000000005 0.18607300000000002 0.22196300000000005 0.64205000000000012 0.86545000000000016 0.15008850000000004 0.26490300000000006 0.81270000000000009 0.82635000000000014 0.5866260000000002 0.63066500000000014 0.46353700000000003 0.49225850000000004 0.59300000000000008 0.62985000000000013 0.74780000000000013 0.90150000000000008 0.84735000000000016 0.51615000000000011 0.70515000000000005 0.5726500000000001 0.3796500000000001 0.70325000000000015 0.42089850000000006 0.91673750000000009
decision_type=2 2 2 2 2 2 2 2 2 2 2 2 2 2 2 2 2 2 2 2 2 2 2 2 2 2 2 2 2 2
left_child=1 5 3 28 -4 -1 13 -6 9 26 -10 12 27 -7 16 -16 18 -18 25 -20 24 22 23 -22 -21 -3 -5 -12 -2 -17
right_child=2 14 4 8 7 6 -8 -9 10 -11 11 -13 -14 -15 15 29 17 -19 19 20 21 -23 -24 -25 -26 -27 -28 -29 -30 -31
leaf_value=-0.0087971011149176517 0 0 0 0 0 -0.010909040779827059 0 0.0050508588410607671 -0.0041660744197961229 0.0013861140042970765 0 0 0 0 0.013039493039025974 -0.0022905066926116224 0 -0.010716594610519072 0.011267203266187025 0 0 -0.0039954483435053782 0 0.0087698887155747227 -0.01039674597487112 -0.004872191027101856 -0.0043723882204054661 0.0074087997559549972 0.0079830144020371138 0.0029658964270017907
leaf_weight=2.1993158608675021 0.60840880125761287 1.0499787591397782 1.1736270822584618 0.84300559014082121 2.7748686838895074 0.93650362640619256 6.5090497564524412 9.2070149276405555 0.82335807383060355 1.7587733864784239 0.64882972463965272 4.8220480307936668 1.1501897014677522 0.51315103098750114 0.83104439079761405 3.0673558078706264 0.76947386562824194 1.3450694214552639 0.95419276878237713 1.3410795312374828 0.63264749199152115 0.72150253877043713 0.6695583090186118 1.7904139738529918 0.60984237678349007 2.2888635732233524 5.8385175913572311 3.2806763760745525 1.2357379607856271 1.09656211361289
leaf_count=69 14 29 26 23 56 28 157 160 18 36 12 93 22 12 15 62 15 26 15 30 17 14 12 33 13 60 136 60 23 15
internal_value=3.58813e-05 -0.00178001 0.00163513 0.000296333 0.00337765 -0.00403954 -0.00201154 0.00401251 0 -0.00186914 0.00108296 0.00205664 0.00449644 -0.0074145 -0.000137845 0.00165543 -0.00128861 -0.00665206 0 0.00118793 0 0.00140662 0.0043187 0.00613832 -0.00452612 -0.0026707 -0.00347112 0.00623345 0.00539839 0
internal_weight=61.4907 27.3256 34.1651 21.0095 13.1555 10.158 7.9587 11.9819 19.1654 8.4403 10.7251 9.90174 5.0797 1.44965 17.1676 4.99496 12.1726 2.11454 10.0581 6.71924 5.76504 3.81412 3.09262 2.42306 1.95092 3.33884 6.68152 3.92951 1.84415 4.16392
internal_count=1301 622 679 437 242 266 197 216 400 195 205 187 94 40 356 92 264 41 223 134 119 76 62 50 43 89 159 72 37 77
is_linear=0
shrinkage=0.05


Tree=68
num_leaves=31
num_cat=0
split_feature=0 4 3 3 3 5 4 6 6 0 4 4 5 6 3 3 6 6 2 3 4 3 4 0 0 6 6 5 5 3
split_gain=0.0487727 0.040885 0.0469994 0.0205568 0.0225082 0.0200474 0.0176758 0.0172834 0.0207019 0.0238859 0.0231236 0.0172537 0.0170547 0.0220707 0.0306221 0.0167071 0.0212686 0.0157362 0.0154109 0.0148874 0.0145498 0.0138298 0.0175274 0.012979 0.0309236 0.0128232 0.0126212 0.0120907 0.011393 0.0111326
threshold=0.13830600000000001 0.78195000000000003 0.36300250000000006 0.49136650000000004 0.13543150000000001 0.1193 0.86545000000000016 0.91635000000000011 0.62985000000000013 0.036597000000000011 0.82405000000000006 0.64205000000000012 0.25190000000000007 0.63635000000000008 0.5866260000000002 0.5429965000000001 0.80435000000000012 0.47875000000000006 0.41332100000000005 0.15008850000000004 0.83270000000000011 0.35469750000000005 0.90995000000000015 0.28991650000000008 0.7907280000000001 0.87800000000000011 0.63635000000000008 0.44140000000000007 0.49590000000000006 0.46353700000000003
decision_type=2 2 2 2 2 2 2 2 2 2 2 2 2 2 2 2 2 2 2 2 2 2 2 2 2 2 2 2 2 2
left_child=1 2 18 4 26 -5 17 8 9 10 -3 25 15 14 -14 -4 -17 -7 -1 -13 -10 22 23 -21 -25 -6 -2 -15 -20 -29
right_child=3 7 12 5 11 6 -8 -9 20 -11 -12 19 13 27 -16 16 -18 -19 28 21 -22 -23 -24 24 -26 -27 -28 29 -30 -31
leaf_value=-0.010912933417422855 0.0088354816978171141 0 0 -3.6255981041156627e-05 -0.0030833923145252608 0 0 0.0074883949093224756 0 -0.00021973010604691012 0.0079216863658761738 -0.0035409908642287306 0 0.0020798632214865994 0.0081804778437621125 -0.0098798459733228997 0 0.0058451479640661231 -0.0052447714021988815 0.0095345614468803769 -0.0037777639493122607 0 0 0 0.011570231169306801 0 0 0 0 -0.0046285062272676328
leaf_weight=1.9205870777368597 1.0336747504770816 0.70093997381627238 1.0674130637198671 1.1656223107129324 6.7759578842669743 0.93676159903406908 2.5974983088672152 0.79533942230045873 2.0021320637315512 0.99091206863522518 2.3203811012208462 0.81939257308840652 1.2547214999794962 0.83453776687383641 1.8967212233692405 1.2683663517236712 0.87725509144365776 7.3063164837658405 3.2541014030575752 1.424574188888071 3.6637150142341852 2.2126440443098545 1.6489630974829195 3.5369499698281288 0.53617596998810757 1.2490642592310903 0.73099118284881104 0.92551023326814208 3.2217296790331602 2.5229161847382784
leaf_count=58 20 15 29 26 159 21 43 13 33 21 44 18 30 22 40 34 22 131 94 29 66 43 30 67 8 26 15 17 78 49
internal_value=3.67342e-05 -0.00134067 -0.00278466 0.00146438 0.000196862 0.00314044 0.00393623 0.000813571 0 0.00289293 0.00549002 -7.39805e-05 -7.24849e-05 0.000734462 0.00418938 -0.00341462 -0.00598344 0.00506105 -0.00559413 0.000982429 -0.00173415 0.00194027 0.00311211 0.0045129 0.00137204 -0.00202488 0.00552636 -0.000704501 -0.00311437 -0.00282703
internal_weight=61.4919 29.5173 19.0439 31.9746 19.9684 12.0062 10.8406 10.4734 9.67808 4.01223 3.02132 18.2037 10.6474 7.43441 3.15144 3.21303 2.14562 8.24308 8.39642 10.1787 5.66585 9.35931 7.14666 5.4977 4.07313 8.02502 1.76467 4.28296 6.47583 3.44843
internal_count=1301 665 473 636 415 221 195 192 179 80 59 380 243 158 70 85 56 152 230 195 99 177 134 104 75 185 35 88 172 66
is_linear=0
shrinkage=0.05


Tree=69
num_leaves=31
num_cat=0
split_feature=1 5 4 5 1 0 3 3 3 5 4 4 3 3 3 2 2 2 3 4 3 5 2 3 4 4 4 2 5 1
split_gain=0.0526545 0.025793 0.0282667 0.0197674 0.0134375 0.0194857 0.0176752 0.0249726 0.0106517 0.0104486 0.00898121 0.0139312 0.0203332 0.0275071 0.0168783 0.0133709 0.0125492 0.00817119 0.0114544 0.00796938 0.0126587 0.0116702 0.0111412 0.0100382 0.00750684 0.00743442 0.00697381 0.00833133 0.00696302 0.00755598
threshold=0.10507100000000001 0.31400000000000006 0.73850000000000005 0.026400000000000003 0.39400950000000007 0.25836450000000005 0.64962700000000007 0.14551050000000001 0.88003450000000016 0.10185000000000001 0.9305000000000001 0.62035000000000007 0.43106800000000006 0.63066500000000014 0.17501250000000004 0.70258500000000013 0.61148500000000017 0.31017600000000006 0.49598800000000004 0.77180000000000015 0.41182200000000008 0.36645000000000005 0.61148500000000017 0.69818750000000007 0.57160000000000011 0.37435000000000007 0.8781000000000001 0.42268400000000006 0.85650000000000015 0.23170000000000004
decision_type=2 2 2 2 2 2 2 2 2 2 2 2 2 2 2 2 2 2 2 2 2 2 2 2 2 2 2 2 2 2
left_child=1 2 -1 -2 5 6 7 -5 10 -4 11 12 16 -14 -13 -16 24 -6 -19 21 22 -7 -21 -22 25 -3 27 -20 29 -9
right_child=3 8 9 4 17 19 -8 28 -10 -11 -12 14 13 -15 15 -17 -18 18 26 20 23 -23 -24 -25 -26 -27 -28 -29 -30 -31
leaf_value=-0.0058772190423850047 -0.0039098790731084843 0 0.0038952307836775378 0 0 -0.0049715740020611051 0 0.007004203279109087 0.0032811188083490686 -0.0019022163236389199 0.0017824302671165405 0 0.0089617933448079504 0 -0.0046656187258511863 0 0.00031889617444973422 0.0014753312921683306 0 -0.0045259704941045245 0.0073361797228134844 0 0 0 0 -0.0062979104797856776 0 0.0083557401600763866 0 0
leaf_weight=5.4974241759628075 0.99059262871742149 0.74003543332219868 1.0252393614500763 0.74412900954485195 2.2539631761610499 2.0269587412476522 2.2461094297468662 3.8187509942799807 1.571019910275935 2.4006577339023352 1.5078731290996064 1.2725264094769935 1.2411191146820786 1.3051622826606033 6.1749836206436157 1.3100257664918897 0.63758268393576134 8.601013742387293 0.59297838434576933 1.3056230787187821 0.9409186430275438 4.0589984618127346 0.89732954651117314 0.73288713023066521 0.67963514663279045 1.9306215755641458 1.0421053059399126 2.8241329863667488 0.52621454931795586 0.59312037751078595
leaf_count=161 24 23 23 19 44 54 45 86 25 55 26 25 27 30 115 25 17 155 10 30 15 84 16 14 17 53 16 44 10 13
internal_value=8.61706e-05 -0.00145951 -0.00368722 0.00146633 0.0017881 0.000489466 0.00247887 0.00402167 -9.26156e-05 0 -0.000721526 -0.00130326 0 0.00383613 -0.00262364 -0.003688 -0.00170551 0.00296785 0.00344513 -0.000605718 0.000235107 -0.00194475 -0.000639 0.00417551 -0.003538 -0.00472879 0.00603215 0.00721977 0.00556369 0.00619863
internal_weight=61.4897 27.2939 8.92332 34.1958 33.2052 17.891 7.92832 5.68221 18.3706 3.4259 16.7996 15.2917 6.53416 2.54628 8.75754 7.48501 3.98787 15.3142 13.0602 9.96272 3.87676 6.08596 2.20295 1.67381 3.35029 2.67066 4.45922 3.41711 4.93809 4.41187
internal_count=1301 622 239 679 655 386 173 128 383 78 358 332 167 57 165 140 110 269 225 213 75 138 46 29 93 76 70 54 109 99
is_linear=0
shrinkage=0.05


Tree=70
num_leaves=31
num_cat=0
split_feature=1 5 4 5 4 2 6 4 6 5 5 5 6 4 2 2 5 5 5 2 4 5 4 6 6 6 2 2 6 1
split_gain=0.121925 0.02693 0.0227562 0.0219657 0.0166658 0.015434 0.0130535 0.012559 0.0118708 0.0161377 0.0379515 0.0159418 0.0240257 0.0107167 0.00982828 0.00792812 0.00745557 0.00949418 0.0191539 0.0147578 0.00995728 0.0094858 0.00684371 0.00629508 0.0115597 0.00962898 0.00552006 0.00472837 0.010667 0.00439208
threshold=0.20697100000000004 0.31400000000000006 0.82405000000000006 0.1193 0.95265000000000011 0.33307100000000006 0.74780000000000013 0.34710000000000002 0.77795000000000014 0.72395000000000009 0.60820000000000018 0.81075000000000019 0.91025000000000011 0.65695000000000003 0.76197250000000005 0.69051050000000014 0.91580000000000006 0.70835000000000015 0.60470000000000013 0.30319700000000005 0.50000000000000011 0.44375000000000003 0.95265000000000011 0.92260000000000009 0.78670000000000007 0.60455000000000003 0.49876600000000004 0.18003350000000004 0.69100000000000017 0.32765000000000005
decision_type=2 2 2 2 2 2 2 2 2 2 2 2 2 2 2 2 2 2 2 2 2 2 2 2 2 2 2 2 2 2
left_child=1 2 7 13 6 27 16 -1 -8 10 -10 12 -11 -2 -9 -15 17 18 20 -19 -3 -22 23 24 25 -7 -6 28 -5 -29
right_child=3 4 -4 5 26 22 8 14 9 11 -12 -13 -14 15 -16 -17 -18 19 -20 -21 21 -23 -24 -25 -26 -27 -28 29 -30 -31
leaf_value=0 -0.003832988788550689 0 0 0 0 0.0035737697100275338 0.0050295543087724159 -0.006907627562754772 0 0.0091789686210346465 -0.0094341808588541062 0 0 0 0 0.0051298727090310636 0 0 0.0024395618408255262 -0.006077911063804186 0 -0.0061356618182308101 0 0 0.0066197501261029273 0 0.0055892083222002049 -0.003525899226863301 0.0071701265222387693 0
leaf_weight=0.65782245807349493 1.595069052651527 1.5817759763449464 2.3631363324820995 0.49087121896445995 0.687538731843232 7.4783566091209739 0.99161774665117075 6.1204952914267778 3.11176279745996 1.1433899514377119 1.3880818150937555 1.6213997080922125 0.59565758332610119 1.7187735978513958 0.86665276624262322 0.72493013739585865 0.51113172248005945 0.83381619863212098 1.8952005766332147 3.8310030698776245 1.223472807556391 2.2135222442448139 0.77729125693440337 0.96721268445253272 5.7926949113607398 4.710789741948247 0.92976663261651993 0.85789829865098033 0.63058975338935852 2.5246050022542477
leaf_count=21 41 46 53 11 12 142 18 173 70 19 30 30 10 37 24 14 9 18 43 79 28 52 13 16 97 89 13 21 12 51
internal_value=1.07134e-05 -0.00198814 -0.00426599 0.00248862 -0.000742565 0.00307869 -0.00130418 -0.00557646 0 -0.000509063 -0.00285777 0.00118279 0.00492987 0 -0.00619786 0.000861579 -0.00236921 -0.00273034 -0.000594335 -0.00476796 -0.00274208 -0.00423314 0.00368479 0.00387684 0.00408707 0.00243252 0.00327054 0 0.00298624 -0.000516311
internal_weight=60.8363 32.5672 10.0081 28.2691 22.5591 24.2303 20.9418 7.64497 8.85191 7.86029 4.49984 3.36045 1.73905 4.03877 6.98715 2.4437 12.0899 11.5788 6.91397 4.66482 5.01877 3.437 19.7263 18.9491 17.9818 12.1891 1.61731 4.50396 1.12146 3.3825
internal_count=1292 748 271 544 477 452 452 218 177 159 100 59 29 92 197 51 275 266 169 97 126 80 357 344 328 231 25 95 23 72
is_linear=0
shrinkage=0.05


Tree=71
num_leaves=31
num_cat=0
split_feature=0 4 3 5 3 2 4 2 0 5 0 3 6 4 3 3 3 3 0 3 5 5 6 4 3 4 6 2 4 5
split_gain=0.107982 0.0217989 0.0185732 0.0119204 0.0199698 0.015495 0.020929 0.012852 0.027238 0.011823 0.0179746 0.0298962 0.0168855 0.0167058 0.0310068 0.039801 0.0264993 0.0195392 0.0148276 0.0342462 0.0128593 0.0266253 0.00993045 0.00977622 0.0090315 0.0116956 0.0073377 0.00635404 0.00580528 0.00556648
threshold=0.33767400000000009 0.47575000000000006 0.62214750000000019 0.22190000000000001 0.82648450000000018 0.49876600000000004 0.79515000000000013 0.25155650000000007 0.15759350000000003 0.094300000000000009 0.047209500000000008 0.25172600000000006 0.8267500000000001 0.77180000000000015 0.40592750000000005 0.49598800000000004 0.57405750000000011 0.43348150000000008 0.23233450000000003 0.14551050000000001 0.26150000000000001 0.49175000000000008 0.83795000000000008 0.80215000000000003 0.73577950000000014 0.55435000000000012 0.76130000000000009 0.5266455000000001 0.39585000000000009 0.066700000000000023
decision_type=2 2 2 2 2 2 2 2 2 2 2 2 2 2 2 2 2 2 2 2 2 2 2 2 2 2 2 2 2 2
left_child=2 26 9 4 29 7 24 -5 -9 23 13 18 20 14 -11 17 -17 -16 19 -12 -13 -22 -21 -1 -7 -26 27 -2 -28 -4
right_child=1 -3 3 5 -6 6 -8 8 -10 10 11 12 -14 -15 15 16 -18 -19 -20 22 21 -23 -24 -25 25 -27 28 -29 -30 -31
leaf_value=-0.0081092888614628239 -0.0047275659910682045 0.0036105295599037101 0.0050587370821541244 0.0017599029390421694 -0.0086619133902834083 0 0 -0.0085199060430793169 0 -0.0056857009301733456 0 0 0 0 0 -0.0097630738076691214 0 0.010824361326564544 0 0.010536834638589596 -0.012463821431060632 -0.00014820570065841431 0 0 0 0.010577340374568782 0.006068418170392823 0 0 -0.00099250908925447635
leaf_weight=1.7698916401714115 1.0657392032444506 17.95844741165638 0.41086810454726019 0.83651701360940967 0.80530444160103787 1.1568286065012219 1.6385342888534067 1.2491661459207537 0.7935241051018237 7.0372432973235899 0.67006475478410576 1.0494961850345133 1.3176903594285247 6.0606698654592028 0.75266076624393485 1.055978827178478 0.58199160173535336 0.79115409217774868 1.3966321088373659 1.6411891337484124 0.99307435005903277 2.3996079601347446 0.43360712192952622 0.54924470931291569 1.0268459822982552 1.2770967744290826 0.516103085130453 1.6096770521253345 1.2322087027132509 0.75542262941598892
leaf_count=52 29 314 10 15 19 26 26 26 15 191 17 29 27 115 16 24 13 16 33 39 29 51 10 12 23 21 11 38 27 18
internal_value=3.06029e-06 0.0028367 -0.0015198 0 -0.00294765 0.00120867 0.00309889 -0.000452415 -0.00373177 -0.00217644 -0.00159081 0 -0.00222214 -0.00260843 -0.00385322 0 -0.00502798 0.00581402 0.00328622 0.00539732 -0.00395779 -0.00543832 0.00880191 -0.00638178 0.00535875 0.00720607 0 -0.00191415 0.00210311 0
internal_weight=60.8325 22.3822 38.4503 9.95011 1.9716 7.97851 5.09931 2.87921 2.04269 28.5002 26.1811 9.90136 5.75987 16.2797 10.219 3.18179 1.63797 1.54381 4.14149 2.74486 4.44218 3.39268 2.0748 2.31914 3.46077 2.30394 4.42373 2.67542 1.74831 1.16629
internal_count=1292 419 873 199 47 152 96 56 41 674 610 235 136 375 260 69 37 32 99 66 109 80 49 64 70 44 105 67 38 28
is_linear=0
shrinkage=0.05


Tree=72
num_leaves=31
num_cat=0
split_feature=0 5 3 0 6 6 3 4 3 4 5 4 5 5 3 4 0 5 3 6 2 0 5 2 6 6 0 2 4 0
split_gain=0.11376 0.0278625 0.0221044 0.0243026 0.0216743 0.0733026 0.0207208 0.0164175 0.0164116 0.0160768 0.0124457 0.0116047 0.0116941 0.0126714 0.0110511 0.0122606 0.0218938 0.0194978 0.00964966 0.0126869 0.00805456 0.00688766 0.0241062 0.0225259 0.0144854 0.0065744 0.00727854 0.00621577 0.00615288 0.0050996
threshold=0.33767400000000009 0.11640000000000002 0.73577950000000014 0.18927250000000004 0.79790000000000016 0.8267500000000001 0.15197200000000002 0.41535000000000005 0.12964800000000001 0.47575000000000006 0.23205000000000001 0.95845000000000014 0.93070000000000008 0.16890000000000002 0.96063700000000007 0.5464500000000001 0.11705150000000002 0.59455000000000002 0.36883600000000005 0.48095000000000004 0.49695200000000006 0.25836450000000005 0.52350000000000008 0.79915300000000011 0.72505000000000008 0.7420500000000001 0.72102350000000015 0.51570700000000003 0.39585000000000009 0.36411800000000005
decision_type=2 2 2 2 2 2 2 2 2 2 2 2 2 2 2 2 2 2 2 2 2 2 2 2 2 2 2 2 2 2
left_child=1 4 3 7 20 -6 -5 10 -9 25 -3 12 13 -10 15 -4 17 -17 19 -12 -1 22 -8 24 -23 26 -2 -21 -27 -11
right_child=9 2 14 6 5 -7 21 8 11 29 18 -13 -14 -15 -16 16 -18 -19 -20 27 -22 23 -24 -25 -26 28 -28 -29 -30 -31
leaf_value=-0.014638023494028304 -0.0034858068701595227 0.007727119852650257 0 0.0075365488136813798 0.014483313243056961 -0.0077927784583226526 0.007223598206135007 0.00012293608775764246 0 0 0 0 0 -0.00434510862888496 -0.00057892974340024907 0 0 0.011032042540102871 0.0008042609688196095 -0.0081462860056518618 -0.0021597196824300314 -0.0094412263227864369 -0.00087470457584793977 0.00059808413626825203 0 0.0063169876770433099 0 0 0 0.0038227348368223991
leaf_weight=0.82727419584989492 1.8298385255038767 0.42040430568159282 1.3438100721687067 0.88183058425784011 0.44271361827850331 1.0430352184921501 1.119608882814646 0.94331884570420044 1.1301189493388033 1.1649815402925039 0.31438189186155829 1.2505711242556561 0.68461562693118949 15.659855574369429 0.94025069847702969 1.1527241878211505 1.3446274213492868 1.3322636261582372 1.1587002556771038 0.96398836374282815 1.8304558731615541 1.0817449968308213 0.88552164658904065 0.68948214873671521 0.63184298202395428 0.56572655960917462 0.69818018749356259 0.35381182096898556 1.320523342117667 16.822259301319718
leaf_count=26 50 13 31 20 10 27 25 20 31 22 10 21 11 355 17 24 24 17 30 29 47 28 21 12 13 12 14 11 29 292
internal_value=3.61412e-05 -0.00152952 -0.000876523 -0.00155971 -0.00560621 0 0.000857737 -0.00233754 -0.00290309 0.0029389 0 -0.00332097 -0.00366939 -0.00396751 0.00144116 0.00276047 0.00424572 0.00696971 -0.000120265 -0.00367167 -0.00824689 0 0.00140035 -0.00228691 -0.00617367 0 -0.00141378 -0.00623226 0.00237283 0.003601
internal_weight=60.8285 38.427 34.2835 28.1698 4.14348 1.48575 5.29003 22.8798 19.6685 22.4015 3.21129 18.7252 17.4746 16.79 6.11368 5.17343 3.82962 2.48499 2.79088 1.63218 2.65773 4.4082 2.00513 2.40307 1.71359 4.41427 2.52802 1.3178 1.88625 17.9872
internal_count=1292 873 763 650 110 37 119 531 438 419 93 418 397 386 113 96 65 41 80 50 73 99 46 53 41 105 64 40 41 314
is_linear=0
shrinkage=0.05


Tree=73
num_leaves=31
num_cat=0
split_feature=0 5 6 6 3 0 4 0 5 2 6 0 3 5 6 5 5 4 4 4 3 6 5 2 2 3 4 3 4 6
split_gain=0.106522 0.0188442 0.0244161 0.0437187 0.0155353 0.0145984 0.01311 0.0119714 0.025449 0.014118 0.0130153 0.0123651 0.00959582 0.00842576 0.01436 0.00726128 0.0108828 0.00947482 0.0149051 0.0109293 0.00902503 0.00721524 0.00622049 0.0109257 0.00903428 0.00760576 0.0344843 0.00609722 0.00536322 0.00501807
threshold=0.33767400000000009 0.11640000000000002 0.79790000000000016 0.8267500000000001 0.73577950000000014 0.15584000000000001 0.47575000000000006 0.25836450000000005 0.52350000000000008 0.79915300000000011 0.72505000000000008 0.20796900000000004 0.2532545000000001 0.51050000000000006 0.78390000000000015 0.69045000000000012 0.13635000000000003 0.77180000000000015 0.41535000000000005 0.92830000000000013 0.55182650000000011 0.6392500000000001 0.86015000000000008 0.56532500000000008 0.54622250000000017 0.36883600000000005 0.73410000000000009 0.21636650000000004 0.3796500000000001 0.76130000000000009
decision_type=2 2 2 2 2 2 2 2 2 2 2 2 2 2 2 2 2 2 2 2 2 2 2 2 2 2 2 2 2 2
left_child=1 2 -1 -4 5 15 29 8 11 10 12 -7 -9 21 -15 16 -3 18 28 20 27 -6 24 -24 25 -17 -27 -19 -18 -2
right_child=6 4 3 -5 13 7 -8 9 -10 -11 -12 -13 -14 14 -16 22 17 19 -20 -21 -22 -23 23 -25 -26 26 -28 -29 -30 -31
leaf_value=-0.0077229759034923469 -0.00095090645935127561 0 0.011794408583916184 -0.0053823083279914835 0.00077254094567495485 0 0.0034545659871678411 0 0 0.00017948186377021564 0 0.0094642962226762148 -0.01041768420738789 0 0.0067126589804167901 0 -0.00215144436657472 0 -0.0053266346789350751 -0.0045892235511909261 -0.0018524322127385481 -0.0033891463797990056 -0.0046817365180997651 0 -0.003149231358670194 0.012031107459717113 0 0.0045281765815923204 0.0029866964204306443 0.0023321874501383752
leaf_weight=2.645220559090375 2.656743103638294 0.45604599826038494 0.44897174090147007 1.0367316137999294 0.94512668624520246 0.58896979503333513 18.020815405994654 0.47462464496493406 1.6061898376792667 0.72418152540922154 0.72788648679852475 1.21990754827857 0.80328791961073875 2.4858606941998009 1.283252168446779 2.8904822897166005 1.3381181918084601 0.96789233945310105 7.0727033577859402 1.1875418890267608 0.70586365088820446 1.4160946849733589 1.8615125548094513 0.50390734151005734 0.827702086418867 0.71946578472852696 1.1886172033846376 1.6190280653536318 0.65685583651065815 1.748185997828841
leaf_count=73 67 13 10 27 22 18 314 12 37 13 15 26 21 41 20 61 40 23 187 26 14 30 37 9 17 12 17 32 20 38
internal_value=4.5535e-05 -0.00146782 -0.00492675 0 -0.000892301 -0.00146776 0.002854 0 0.00259621 -0.00148441 -0.00443954 0.00676325 -0.00733044 0.00092794 0.00261358 -0.00209886 -0.00285988 -0.00323198 -0.00425843 -1.53134e-05 0.000247194 0 -0.000128516 -0.00252185 3.09976e-05 0.00165335 0.00401712 0.00272858 0 0
internal_weight=60.8278 38.402 4.13092 1.4857 34.2711 28.1408 22.4257 6.14505 3.41507 2.72998 2.0058 1.80888 1.27791 6.13033 3.76911 21.9957 14.004 13.548 9.06768 4.48033 3.29278 2.36122 7.99169 2.36542 5.62627 4.79857 1.90808 2.58692 1.99497 4.40493
internal_count=1292 873 110 37 763 650 419 142 81 61 48 44 33 113 61 508 355 342 247 95 69 52 153 46 107 90 29 55 60 105
is_linear=0
shrinkage=0.05


Tree=74
num_leaves=31
num_cat=0
split_feature=1 5 4 1 0 0 6 4 2 6 2 5 6 2 6 6 2 6 0 2 4 6 6 4 4 4 4 5 5 5
split_gain=0.0923137 0.0270082 0.0292423 0.0217277 0.0194928 0.0164915 0.016345 0.0179365 0.0163072 0.016302 0.0158786 0.0265827 0.0181235 0.0139093 0.0140546 0.0135371 0.0276966 0.0121138 0.0116744 0.00981762 0.00931053 0.00855619 0.00787889 0.0108055 0.00737826 0.0219129 0.00549781 0.00996772 0.0284801 0.00609327
threshold=0.20697100000000004 0.55460000000000009 0.8670500000000001 0.62624750000000018 0.072639000000000023 0.1229485 0.75565000000000004 0.90490000000000015 0.37528000000000006 0.46805000000000002 0.50388700000000008 0.1193 0.90460000000000007 0.16595700000000002 0.55825000000000014 0.80685000000000018 0.56769250000000004 0.83795000000000008 0.14364350000000001 0.75361650000000002 0.40495000000000009 0.93190000000000006 0.50600000000000012 0.67815000000000014 0.95265000000000011 0.84660000000000013 0.5464500000000001 0.7743500000000002 0.81075000000000019 0.64705000000000013
decision_type=2 2 2 2 2 2 2 2 2 2 2 2 2 2 2 2 2 2 2 2 2 2 2 2 2 2 2 2 2 2
left_child=1 2 4 6 21 -6 7 8 13 -5 11 -8 -13 -2 -15 -4 -17 -11 -7 -12 -10 -1 23 -22 25 26 29 -28 -29 -3
right_child=3 24 15 9 5 18 10 -9 20 17 19 12 -14 14 -16 16 -18 -19 -20 -21 22 -23 -24 -25 -26 -27 27 28 -30 -31
leaf_value=-0.0053679137871889453 0 0 -0.00057432116529601682 0 0.0053081566411164113 -0.0076349048120434391 0 0.0044830216587129074 -0.0035021252956925924 0.0083272651379017321 -0.00077276500179464225 0.0097702073745375272 0 0 -0.0084834222059049762 0.012782280435558332 0 0 0 0.0030783816066305529 0.0065968443474748771 0 0 0 0.0033669468559735672 -0.0049712200122440792 0 0.0116615236392291 0 -0.0023147391599784724
leaf_weight=10.242032757028937 0.58469828218222319 0.89282718300819208 2.1857884302735324 0.71995530277490516 0.79647298902273123 0.67464243434369597 0.70330734178423737 1.9796755537390698 1.0137659199535836 3.2496037371456623 2.724417582154274 2.3038599975407128 0.58838367648422707 0.77442236058414016 1.4801238141953943 0.52630638703703858 0.49996794760227203 1.4195119179785249 1.454485824331641 2.3132732659578323 1.1944160126149639 0.58369652181863863 5.6387025453150272 1.6596676930785177 1.2655775919556607 2.2366820164024821 4.6567376926541328 0.68251889944076571 2.3932626247406006 3.386803399771452
leaf_count=277 13 22 48 14 23 20 15 36 28 54 53 40 11 20 34 10 10 23 42 39 24 14 108 32 17 40 90 11 39 85
internal_value=9.36167e-05 -0.00163654 -0.00301172 0.00225039 -0.00405607 0 0.00126933 0 -0.000494642 0.00541973 0.00298883 0.00564349 0.00784504 -0.00386069 -0.0057771 0 0.00542023 0.00650795 -0.00267654 4.79525e-05 1.99148e-05 -0.00503163 0.00105808 0.00315028 0 -0.000454574 7.72438e-06 0.00114653 0.00332997 -0.000887439
internal_weight=60.8256 32.4778 16.9634 28.3478 13.7513 2.9256 22.9587 14.3255 12.3458 5.38907 8.63324 3.59555 2.89224 2.83924 2.25455 3.21206 1.02627 4.66912 2.12913 5.03769 9.50655 10.8257 8.49279 2.85408 15.5144 14.2488 12.0121 7.73252 3.07578 4.27963
internal_count=1292 748 444 544 376 85 453 295 259 91 158 66 51 67 54 68 20 77 62 92 192 291 164 56 304 287 247 140 50 107
is_linear=0
shrinkage=0.05


Tree=75
num_leaves=31
num_cat=0
split_feature=2 1 5 3 3 4 4 5 1 5 6 2 6 6 4 4 3 6 3 2 2 2 1 4 4 6 4 2 5 1
split_gain=0.049248 0.0392647 0.0291971 0.0228112 0.0390161 0.0203552 0.015319 0.0139667 0.0119751 0.0192378 0.0164451 0.0125776 0.00895809 0.0344811 0.0123962 0.0205516 0.0122752 0.00839907 0.0082326 0.00783807 0.00778762 0.0171088 0.0137125 0.013748 0.0244551 0.0190793 0.0185648 0.0133865 0.0118831 0.0112752
threshold=0.91677150000000018 0.28624650000000007 0.38080000000000008 0.20599450000000002 0.5429965000000001 0.82055000000000011 0.69750000000000012 0.40470000000000006 0.60781700000000016 0.77620000000000011 0.88105000000000011 0.50001350000000011 0.64950000000000008 0.47420000000000007 0.68770000000000009 0.48575000000000007 0.26978300000000005 0.80290000000000006 0.12714100000000003 0.65670450000000014 0.58784250000000016 0.54059750000000018 0.21268250000000002 0.78195000000000003 0.72660000000000002 0.57450000000000012 0.70325000000000015 0.81467350000000016 0.72395000000000009 0.15234450000000002
decision_type=2 2 2 2 2 2 2 2 2 2 2 2 2 2 2 2 2 2 2 2 2 2 2 2 2 2 2 2 2 2
left_child=1 2 3 18 12 8 -2 -4 10 -10 17 -12 13 -5 15 -14 -15 -3 -1 -13 21 22 23 24 26 -25 29 -22 -24 -9
right_child=6 5 7 4 -6 -7 -8 20 9 -11 11 19 14 16 -16 -17 -18 -19 -20 -21 27 -23 28 25 -26 -27 -28 -29 -30 -31
leaf_value=0 0 0 0.0056811027692263314 0.0085323326158021195 -0.0048518747517921181 0.0044776856973724518 0.0082006805397270444 -0.0015648331635493029 0 0.0090124400693230126 0 0.0095222699814141425 0 0 0 0.0096352509583901898 -0.0072835552012020721 -0.0051769998821350471 -0.0088242295315239649 0 0.0036612270245588345 -0.007104528738629462 -0.0080340076397763301 -0.00073579811952748228 -0.0068705124237297315 0.0039141937311558146 0.0076550310025725659 -0.00022493661005208262 0 0.0044267009928394552
leaf_weight=0.4294112473726267 1.8920923992991436 6.6556561235338467 0.96160520054400223 0.42773116752505158 4.5253012143075466 5.5518265813589087 2.4548550508916378 7.2309666424989789 3.3147294409573069 0.88639831542968739 0.81559770181775038 0.69573898985981919 0.97431875579059202 0.46188252046704281 1.6145890709012745 1.0694747101515529 1.3793272469192741 1.4340323079377411 2.070036593824625 0.54086963087320328 2.9997923150658599 0.97884784638881583 0.89547539874911197 1.264295209199189 1.3230402618646611 4.8156418837606907 0.66137137264013279 1.347451653331518 0.74766616709530354 0.51404354535043228
leaf_count=12 39 139 21 13 107 95 39 172 61 13 16 11 29 14 36 27 41 28 61 10 61 23 21 27 23 70 13 28 15 14
internal_value=0.000412778 0 -0.000954617 -0.00285679 -0.00119845 0.00179791 0.0054795 0 0.000390632 0.00272867 -0.000106861 0.0031321 0.000795474 -5.44617e-05 0.00264039 0.0051651 -0.00496175 -0.00156726 -0.00755555 0.00627068 -0.000169003 -0.000803504 -0.00012678 3.3608e-05 -0.000783591 0.00214192 0 0.00135443 -0.00445173 -0.000478464
internal_weight=60.9341 56.5871 36.6923 12.9521 10.4526 19.8948 4.34695 23.7402 14.343 4.20113 10.1419 2.05221 5.92732 2.26894 3.65838 2.04379 1.84121 8.08969 2.49945 1.23661 22.7786 18.4313 17.4525 15.8094 9.72942 6.07994 8.40638 4.34724 1.64314 7.74501
internal_count=1279 1201 828 340 267 373 78 488 278 74 204 37 160 68 92 56 55 167 73 21 467 378 355 319 222 97 199 89 36 186
is_linear=0
shrinkage=0.05


Tree=76
num_leaves=31
num_cat=0
split_feature=2 0 4 4 2 2 3 4 3 4 5 5 6 3 5 3 5 6 6 3 3 3 3 5 5 6 3 2 3 3
split_gain=0.0436867 0.0330524 0.037151 0.0194856 0.0157572 0.0141533 0.0305286 0.0149851 0.0174145 0.0208283 0.0169708 0.0197329 0.0334079 0.0167614 0.0176139 0.0191759 0.0169474 0.0159081 0.030002 0.024442 0.0422744 0.0202212 0.0183731 0.0207195 0.0152413 0.012773 0.0126606 0.0270834 0.0293621 0.0174217
threshold=0.91677150000000018 0.54512450000000012 0.45485000000000003 0.69750000000000012 0.28070500000000004 0.23097000000000004 0.62664650000000011 0.66555000000000009 0.20881450000000004 0.57160000000000011 0.76750000000000018 0.87455000000000005 0.65760000000000007 0.29633250000000005 0.36645000000000005 0.42866300000000007 0.66120000000000012 0.65995000000000015 0.70705000000000007 0.34991850000000008 0.61449250000000011 0.17501250000000004 0.24879650000000003 0.41370000000000001 0.8297500000000001 0.58580000000000021 0.21881400000000004 0.44910700000000009 0.33477500000000004 0.5260585000000001
decision_type=2 2 2 2 2 2 2 2 2 2 2 2 2 2 2 2 2 2 2 2 2 2 2 2 2 2 2 2 2 2
left_child=1 2 4 -2 -1 6 -4 8 9 -7 17 12 -12 16 -15 -16 -10 22 -19 21 -21 -20 -9 -24 -17 -3 -6 -28 -29 -30
right_child=3 25 5 -5 26 7 -8 10 13 -11 11 -13 -14 14 15 24 -18 18 19 20 -22 -23 23 -25 -26 -27 27 28 29 -31
leaf_value=0 0 0 -0.0058332728363764321 0.0083507194732041472 0 -0.0061044336789618826 0.0021692556051200731 0 0.010517429719086042 0.0020388938906346181 0.011574459914498408 0 0 -0.0013825073462127055 0 0.006095511372214331 0 0.0067762291323334419 0 0.0055056104269903677 -0.0027821367764148015 -0.0065397094937604859 0 -0.0077145096573049583 0 0.0037355737971528935 -0.012763577085117279 -0.010276727948999637 0.0037165802443021936 -0.0030432699745749831
leaf_weight=0.96657124161720087 1.8906798437237728 3.1795395910739881 2.6828763075172897 2.4707729853689671 1.9231184534728525 1.1788724437355989 0.86445496976375569 2.5288365241140189 1.4372365996241554 0.99647788144648064 1.1160182990133756 1.8453238643705843 1.531333018094301 2.0755912121385336 1.1361774783581493 3.533871840685606 0.71948095597326744 1.4470343030989159 1.1299330163747057 2.8527576774358749 2.4225430190563202 2.5254581049084663 2.0098163317888975 2.4183036275207996 0.62202695012092579 7.7642283774912357 1.2367451693862674 0.76773248799145211 1.6129624657332899 2.0479420274496078
leaf_count=26 39 58 64 39 60 33 14 57 38 24 16 31 21 55 25 64 17 29 23 52 45 51 47 50 11 131 38 23 45 53
internal_value=0.000606259 0.000138836 -0.000359629 0.00540957 -0.00335207 0.000203548 -0.00250625 0.000645548 0.00208866 -0.000251034 0 0.00255817 0.00537551 0.00313961 0.00110377 0.00301374 0.00752167 -0.000842376 0 -0.000662988 0.000788546 -0.00405442 -0.00271822 -0.00465393 0.00477197 0.00265434 -0.00421576 -0.00540285 -0.00200675 0
internal_weight=60.9347 56.5733 45.6295 4.36145 8.55507 37.0744 3.54733 33.5271 11.6997 2.17535 21.8274 4.49268 2.64735 9.52439 7.36767 5.29208 2.15672 17.3347 10.3777 8.93069 5.2753 3.65539 6.95696 4.42812 4.1559 10.9438 7.5885 5.66538 4.42864 3.6609
internal_count=1279 1201 1012 78 245 767 78 689 267 57 422 68 37 210 155 100 55 354 200 171 97 74 154 97 75 189 219 159 121 98
is_linear=0
shrinkage=0.05


Tree=77
num_leaves=31
num_cat=0
split_feature=1 5 5 2 3 6 2 2 5 3 4 6 6 6 6 3 3 3 5 5 6 4 3 2 6 6 6 4 3 3
split_gain=0.048014 0.0307363 0.0250896 0.023343 0.0229607 0.0236199 0.0194088 0.0175502 0.0172371 0.0176727 0.0333703 0.0164577 0.015651 0.0223005 0.0351554 0.0154781 0.0133602 0.0212696 0.0210372 0.0239275 0.0228167 0.0193852 0.02842 0.0132942 0.0129896 0.012926 0.0108423 0.0122879 0.0100561 0.00961277
threshold=0.28624650000000007 0.38080000000000008 0.66820000000000013 0.59209450000000008 0.4148245000000001 0.62730000000000008 0.51773200000000008 0.91677150000000018 0.86685000000000001 0.18910100000000002 0.61370000000000013 0.74860000000000015 0.92405000000000015 0.8721000000000001 0.79790000000000016 0.91673750000000009 0.64220600000000017 0.36516500000000002 0.64115000000000011 0.76750000000000018 0.59010000000000018 0.72280000000000011 0.46560950000000006 0.49876600000000004 0.47420000000000007 0.83550000000000013 0.91025000000000011 0.84965000000000013 0.29182950000000002 0.21329700000000004
decision_type=2 2 2 2 2 2 2 2 2 2 2 2 2 2 2 2 2 2 2 2 2 2 2 2 2 2 2 2 2 2
left_child=1 7 4 6 -2 -6 8 12 9 10 -3 -8 13 14 24 16 17 18 20 -20 -11 22 -19 -22 -1 -16 27 29 -26 -5
right_child=2 3 -4 26 5 -7 11 -9 -10 15 -12 -13 -14 -15 25 -17 -18 21 19 -21 23 -23 -24 -25 28 -27 -28 -29 -30 -31
leaf_value=0 -0.00054728307906266329 0 0.0048812642323575956 0 0 0.0050106661567973368 -0.0088608293399025182 0.0018166749500993255 -0.0040134474897530774 -0.0040846852799083988 0.0084655856541568722 0 0 -0.0097567562442511038 0.0049475914810055421 0.005044474404611721 -0.0037304782116012493 0.012909465202803403 -0.0090771574685926532 0 0 0 0 0.0098376719245483329 0 0 0 0 -0.0065212725278874619 0.0068612030176272865
leaf_weight=1.0247500352561418 8.3295196667313594 1.2627226635813813 7.3129248339682809 1.1224261000752438 2.1777246072888365 4.784550603479147 1.0557443071156729 0.69612396694719869 1.9162293374538411 0.70195211283862402 1.8287116847932336 0.60212501138448704 0.84011400863528329 1.7298395857214917 1.5471236407756808 1.2441932596266259 2.6226962618529788 0.81996464170515571 1.4994084239006045 0.88289258815348137 0.47812795639038064 2.1121321767568588 1.3865989092737434 0.69455629214644432 2.5475764535367489 1.0140409152954815 0.73251279443502415 0.83570609614253033 4.2074835710227489 2.9259175546467304
leaf_count=29 174 35 114 26 46 84 26 14 38 20 35 13 19 44 37 17 48 16 33 19 12 35 33 13 74 27 14 16 110 58
internal_value=0.000457841 -0.000515646 0.00232384 0.000365138 0.000752197 0.00300059 -0.000236708 -0.00247183 0 0.000824024 0.00414369 -0.00531178 -0.00309954 -0.00367221 -0.00209181 0 -0.000630387 0 -0.00210856 -0.00538432 0 0.00276586 0.0059721 0.00585719 -0.00399195 0.00173433 0.00325565 0.0041947 -0.00480157 0.0053428
internal_weight=60.9364 38.3317 22.6047 24.7246 15.2918 6.96228 19.1081 13.6071 17.4502 15.534 3.09143 1.65787 12.9109 12.0708 10.341 12.4425 11.1983 8.57563 4.25694 2.3823 1.87464 4.3187 2.20656 1.17268 7.77981 2.56116 5.61656 4.88405 6.75506 4.04834
internal_count=1279 861 418 507 304 130 393 354 354 316 70 39 340 321 277 246 229 181 97 52 45 84 49 25 213 64 114 100 184 84
is_linear=0
shrinkage=0.05


Tree=78
num_leaves=31
num_cat=0
split_feature=0 2 5 3 3 6 6 6 3 2 2 3 3 5 3 6 2 3 6 6 3 3 1 5 5 5 3 3 5 2
split_gain=0.0492031 0.0329063 0.0252552 0.0176052 0.0237375 0.020333 0.0196577 0.0154872 0.0136183 0.0122898 0.0341129 0.0216057 0.0161767 0.014322 0.0121223 0.0116755 0.011475 0.0109746 0.0250175 0.0264822 0.0179964 0.0216344 0.0151956 0.0139109 0.0226372 0.0211634 0.011717 0.010129 0.0220695 0.0212629
threshold=0.54512450000000012 0.91677150000000018 0.36240000000000006 0.18503750000000002 0.5429965000000001 0.5031500000000001 0.78055000000000019 0.60455000000000003 0.35469750000000005 0.36613800000000007 0.27084350000000007 0.22884350000000001 0.36883600000000005 0.86015000000000008 0.12596700000000002 0.81745000000000012 0.67024650000000008 0.62664650000000011 0.8902000000000001 0.74860000000000015 0.60843000000000014 0.43348150000000008 0.057800500000000012 0.60820000000000018 0.73135000000000006 0.78520000000000012 0.7793095000000001 0.2681360000000001 0.099300000000000013 0.70258500000000013
decision_type=2 2 2 2 2 2 2 2 2 2 2 2 2 2 2 2 2 2 2 2 2 2 2 2 2 2 2 2 2 2
left_child=1 2 3 14 5 -5 -6 -7 -3 10 12 -12 -4 -14 -1 -8 -16 18 19 20 21 -11 -20 -21 -25 -26 -19 -9 -29 -30
right_child=-2 8 9 4 6 7 15 27 -10 17 11 -13 13 -15 16 -17 -18 26 22 23 -22 -23 -24 24 25 -27 -28 28 29 -31
leaf_value=0 0.0032829359565215497 0 -0.0020644827048951165 0.0068990898692785274 -0.0066023440504292168 -0.0048913522719233066 0.0056977010862646268 -0.0011230515011613426 0.0076572013156974835 0.00090372940125207034 0 -0.009347891396178136 0.0060077161635183618 0 -0.0098786539742838353 -0.0022010198467295574 0 -0.0038514447927261611 -0.0059366279549731013 0.011020026507647412 0.0077280291387451091 -0.0050954434613014049 0 -0.00026416396207948426 0.011547591981118339 0 0 -0.00014918261050262844 0.0079524196844897102 0
leaf_weight=0.50700807385146562 12.300498019903896 1.4271977320313447 1.8071440476924205 0.97251421958207895 2.6712347529828548 1.4918140601366756 0.50323607586324248 1.7380470987409351 1.6168368402868507 8.4292908534407633 0.58974741213023696 1.6971887722611425 1.7873165085911753 0.54180504754185665 1.6472571231424811 1.8827405422925947 0.43903428688645352 2.0293976068496695 1.3615190982818597 1.326974719762801 0.68470280990004617 1.7148487363010652 1.0277827493846414 1.5229498222470286 0.81850613653659854 1.3020722940564153 3.7704445980489254 0.88144346140325103 1.9880672115832569 0.45423541031777848
leaf_count=14 210 28 46 28 67 43 11 46 29 187 15 39 34 9 49 42 11 40 28 26 12 39 18 29 12 22 61 22 51 11
internal_value=0.000445725 -0.000174549 -0.000612377 -0.00229038 -0.000998054 0.000205214 -0.00372753 -0.000125404 0.00460309 6.59033e-05 -0.00164944 -0.00656993 0 0.00364725 -0.00643472 0 -0.00805416 0.000737716 0.00144623 0.00234292 0.000414035 0 -0.0023305 0.00546808 0.00187006 0.00559735 -0.000623584 0.000378112 0.00263336 0.00557069
internal_weight=60.9329 48.6324 45.5883 15.1766 12.5833 7.52612 5.05721 6.55361 3.04403 30.4117 6.4232 2.28694 4.13627 2.32912 2.5933 2.38598 2.08629 23.9885 18.1886 15.7993 10.8288 10.1441 2.3893 4.9705 3.64353 2.12058 5.79984 5.06179 3.32375 2.4423
internal_count=1279 1069 1012 395 321 201 120 173 57 617 143 54 89 43 74 53 60 474 373 327 238 226 46 89 63 34 101 130 84 62
is_linear=0
shrinkage=0.05


Tree=79
num_leaves=31
num_cat=0
split_feature=0 4 5 2 5 0 1 0 0 4 4 5 4 5 4 2 2 6 4 6 0 6 2 2 2 6 5 4 4 4
split_gain=0.0451039 0.0292348 0.0206865 0.0190097 0.0155118 0.0143552 0.0140786 0.0139364 0.0222886 0.0121761 0.0176397 0.00915542 0.00968524 0.00899162 0.0152917 0.00886162 0.0136275 0.008502 0.00935636 0.0180783 0.00840482 0.0171721 0.0132694 0.0091791 0.00826579 0.00815149 0.00805883 0.00721446 0.00680534 0.0158146
threshold=0.54512450000000012 0.48575000000000007 0.15270000000000003 0.36613800000000007 0.66820000000000013 0.49720550000000002 0.31689950000000006 0.71209150000000021 0.63861050000000008 0.50360000000000016 0.84565000000000012 0.13945000000000005 0.94225000000000014 0.78520000000000012 0.58695000000000008 0.39709400000000006 0.74037600000000003 0.88230000000000008 0.9658500000000001 0.45355000000000006 0.0067865000000000009 0.88535000000000019 0.49225850000000004 0.49876600000000004 0.84061350000000001 0.68320000000000014 0.60470000000000013 0.75600000000000012 0.54495000000000016 0.72480000000000011
decision_type=2 2 2 2 2 2 2 2 2 2 2 2 2 2 2 2 2 2 2 2 2 2 2 2 2 2 2 2 2 2
left_child=1 2 5 6 25 -1 11 8 -6 -5 15 -3 13 14 -13 -11 20 18 19 -12 23 22 -22 -17 -21 -2 -27 -18 -25 -30
right_child=4 3 -4 9 7 -7 -8 -9 -10 10 17 12 -14 -15 -16 16 27 -19 -20 24 21 -23 -24 28 -26 26 -28 -29 29 -31
leaf_value=-0.0092479768526631239 0 0 -0.00075828157381558085 0.0073124456329256848 0 0 0.00059141036776425623 0 0.015570639291592381 0.004692858434165505 0 0 0 0 -0.0078907338922944766 -0.0055285223157582834 0 0 0 0.0059460004415851512 0 0.00060156515962889764 -0.0056433335277525564 -0.0024041520538054502 0 0.0036014691613594552 0 0.0044907115107650662 0.0036186356713227529 0
leaf_weight=1.6325354035943735 3.7297307178378087 0.72046474367380042 9.14344356022775 0.87159434892237442 1.2200333923101423 0.30770580284297455 1.5463023073971269 1.8534996286034582 0.9111645258963107 0.82510624825955048 0.82816453278064539 0.48208151571452651 0.52892897464334954 1.5114839449524877 2.4779049288481474 0.63205796293914396 3.2009596433490506 1.711524464190006 0.67429432272911061 4.7160225361585617 1.9854952637106169 0.69406327605247486 3.6641416735947132 0.84928895719349373 0.89612512663006771 3.8517152890563011 0.75264696031808842 1.4291026443243025 3.8433088008314371 3.4440292362123728
leaf_count=50 71 19 250 18 19 9 32 28 12 18 18 13 11 27 62 14 64 31 11 84 42 12 81 20 16 68 12 25 81 61
internal_value=0.000484231 -0.000104418 -0.00242719 0.000453282 0.00319208 -0.00741864 -0.00156653 0.00615191 0.00921416 0.00110649 0.000728776 -0.00300892 -0.00384969 -0.00467241 -0.00632148 0 -0.000299553 0.00258754 0.00335109 0.0039955 -0.00123091 -0.00261492 -0.00388328 0 0.00511769 0.00112794 0.00257153 0.00164505 0.000263691 0.00127978
internal_weight=60.9349 48.6161 11.0837 37.5324 12.3188 1.94024 7.26717 3.9847 2.1312 30.2653 29.3937 5.72086 5.0004 4.47147 2.95999 20.5676 19.7424 8.82613 7.11461 6.44031 15.1124 6.3437 5.64964 8.76868 5.61215 8.33409 4.60436 4.63006 8.13663 7.28734
internal_count=1279 1069 309 760 210 59 164 59 31 596 578 132 113 102 75 418 400 160 129 118 311 135 123 176 100 151 80 89 162 142
is_linear=0
shrinkage=0.05


Tree=80
num_leaves=31
num_cat=0
split_feature=1 3 6 5 6 6 3 5 6 3 2 6 4 5 3 1 4 2 6 6 4 5 5 6 4 3 4 6 3 4
split_gain=0.0454144 0.0368225 0.0440574 0.03624 0.035958 0.0336041 0.0327703 0.0246745 0.0322291 0.0230972 0.0229817 0.0174356 0.0173205 0.0288134 0.0207372 0.016478 0.0149279 0.0229691 0.0128496 0.0119027 0.0111053 0.0198927 0.0155961 0.0129985 0.0101589 0.00987181 0.0155768 0.00796267 0.0078595 0.00762307
threshold=0.28624650000000007 0.61449250000000011 0.6392500000000001 0.54560000000000008 0.72800000000000009 0.77265000000000017 0.5260585000000001 0.53190000000000015 0.49485000000000007 0.43348150000000008 0.53778300000000012 0.82025000000000015 0.90490000000000015 0.13945000000000005 0.15008850000000004 0.012606000000000001 0.82055000000000011 0.51074100000000011 0.76845000000000019 0.79455000000000009 0.70325000000000015 0.76750000000000018 0.87455000000000005 0.67410000000000014 0.73410000000000009 0.14883850000000001 0.37435000000000007 0.74860000000000015 0.22663200000000003 0.96020000000000005
decision_type=2 2 2 2 2 2 2 2 2 2 2 2 2 2 2 2 2 2 2 2 2 2 2 2 2 2 2 2 2 2
left_child=1 4 7 11 6 16 20 8 -3 10 12 19 13 -7 -15 18 17 27 -5 -4 25 23 -23 24 -22 -1 -27 -6 -25 -26
right_child=-2 2 3 15 5 9 -8 -9 -10 -11 -12 -13 -14 14 -16 -17 -18 -19 -20 -21 21 22 -24 28 29 26 -28 -29 -30 -31
leaf_value=0 0.0017438952371254741 0 -0.0035058990190928682 0 0 0 -0.012074927017535979 0 0.013539207820775083 0.0011131580429655681 0 -0.0084161415325258344 0 0 -0.0098652208063477586 0 0 0 0.010216911322597357 0.0051190321095764026 0 0.0078347318138444668 0 0 -0.0057918443641220823 0 -0.0059082732590119702 0.016578668848292899 0.0055143134746246337 0
leaf_weight=1.6351966895163075 22.724834863096476 0.81844174861907815 1.1827356219291689 0.83966921269893668 0.48462013341486387 0.52995956875383665 1.3148942310363043 2.0490553919225931 1.3269655331969259 3.1153105404227972 1.7263130843639372 1.6848386917263267 0.82319352589547623 0.66346899606287513 2.9525017626583576 1.5424787253141401 0.57864151149988163 0.78274958208203305 0.72110122814774513 0.43389098346233357 0.56648613139986981 0.89608898013830163 0.70401405170559883 0.52941507101058938 3.0193685181438927 0.77221999689936627 5.032848808914423 0.55479943193495274 0.54617747291922569 0.44211675599217404
leaf_count=46 422 20 28 12 12 15 33 39 29 59 38 38 16 15 73 26 12 18 10 10 13 13 12 11 73 24 142 10 9 10
internal_value=0 -0.00107234 0.00113571 -0.000843274 -0.00209923 0 -0.00369368 0.00527107 0.00897836 -0.00137311 -0.00326509 -0.00493481 -0.00506217 -0.00638687 -0.00812371 0.00196686 0.00511089 0.00730753 0.00568033 0 -0.00248418 -0.000127365 0.00360974 -0.00230678 -0.00381837 -0.00391471 -0.0048732 0.0118525 0 -0.00490205
internal_weight=60.9944 38.2696 10.5992 6.40471 27.6704 12.2116 15.4588 4.19446 2.14541 9.81075 6.69544 3.30147 4.96912 4.14593 3.61597 3.10325 2.40081 1.82217 1.56077 1.61663 14.1439 6.70367 1.6001 5.10356 4.02797 7.44027 5.80507 1.03942 1.07559 3.46149
internal_count=1288 866 212 124 654 268 386 88 49 216 157 76 119 103 88 48 52 40 22 38 353 141 25 116 96 212 166 22 20 83
is_linear=0
shrinkage=0.05


Tree=81
num_leaves=31
num_cat=0
split_feature=0 2 5 4 4 4 4 6 0 6 5 5 1 2 6 6 6 6 2 2 5 1 5 0 5 6 1 5 4 4
split_gain=0.0394691 0.0295774 0.0348168 0.0137706 0.00996978 0.0218242 0.017199 0.0150751 0.0194345 0.0126072 0.0101172 0.0199656 0.0129287 0.0118177 0.0139644 0.00994419 0.0129241 0.00930787 0.0129138 0.0119146 0.0103185 0.0203236 0.00928615 0.0179235 0.00879084 0.0164391 0.00662116 0.00649739 0.00607973 0.0148136
threshold=0.33767400000000009 0.69514100000000012 0.82500000000000007 0.92930000000000013 0.82055000000000011 0.48575000000000007 0.50360000000000016 0.91635000000000011 0.019409000000000006 0.72505000000000008 0.16890000000000002 0.26150000000000001 0.14044900000000002 0.60476200000000013 0.86660000000000015 0.69575000000000009 0.63155000000000017 0.8721000000000001 0.39048150000000004 0.23839850000000004 0.77995000000000014 0.0062970000000000014 0.42475000000000007 0.10048900000000001 0.45905000000000007 0.7652500000000001 0.18968350000000003 0.20765000000000003 0.76210000000000011 0.71825000000000017
decision_type=2 2 2 2 2 2 2 2 2 2 2 2 2 2 2 2 2 2 2 2 2 2 2 2 2 2 2 2 2 2
left_child=1 3 24 4 5 10 -7 8 9 -6 -1 27 13 14 -13 16 22 18 19 -17 21 -19 23 -8 25 -3 -26 -12 29 -2
right_child=28 2 -4 -5 7 6 15 -9 -10 -11 11 12 -14 -15 -16 17 -18 20 -20 -21 -22 -23 -24 -25 26 -27 -28 -29 -30 -31
leaf_value=-0.0087193741614125641 0.0013739554955963852 0 0.0094584982125689287 0.0004525286567044224 0 0.0063479449590468431 -0.0072754860067649864 0 -0.01032509860715514 -0.0050528841884983494 0 -0.007162460434331489 0 0 0 0 -0.0064971742875165181 -0.008094579584253964 0 0.0088259660088983033 0 0 0.00035834696922545716 0 -0.0040303281631128285 0.0055048020140532885 0 0.0072177860436749538 0.0028662658553619755 -0.0033479130339617567
leaf_weight=1.3026358466595507 12.151811443269255 2.0759092234075065 1.0669478513300417 2.7024019230157128 1.8838414177298539 0.80301620624959369 1.1757237911224354 0.65583529695868481 1.7310423683375118 1.2819417677819727 0.32763847894966591 2.7900798749178657 0.97638000361621369 0.3156719859689473 0.58509381487965573 0.57121500372886458 1.4106646496802566 1.1986612230539324 4.4039803296327591 0.88661357946693897 0.49785516038537014 0.4436984285712241 3.8422517683357 0.67026375234127034 1.6390570327639582 1.5955259539186952 1.1192573159933088 0.39685697108507156 9.0610337909311038 1.4332930743694294
leaf_count=42 241 51 17 48 35 18 34 10 40 24 10 82 26 8 14 14 32 28 90 19 7 11 84 17 38 33 21 12 155 27
internal_value=0 -0.000958563 0.00151155 -0.00172323 -0.00210994 -0.00129386 0 -0.00446503 -0.00548594 -0.00107374 -0.00369093 -0.00142895 -0.00328635 -0.00470193 -0.0057112 -0.000659384 -0.0020908 3.48115e-06 0.00157473 0.00549674 -0.00194626 -0.00443573 -4.08422e-05 -0.00341682 0 0.00165111 -0.00202281 0.00341953 0.00166877 0.000489592
internal_weight=60.9962 38.3501 7.4967 30.8534 28.151 22.5983 15.9039 5.55266 4.89683 3.16578 6.69436 5.39172 4.66723 3.69085 3.37517 15.1009 7.0989 8.00202 5.86181 1.45783 2.14021 1.64236 5.68824 1.84599 6.42975 3.67144 2.75831 0.724495 22.6461 13.5851
internal_count=1288 865 160 705 657 548 354 109 99 59 194 152 130 104 96 336 167 169 123 33 46 39 135 51 143 84 59 22 423 268
is_linear=0
shrinkage=0.05


Tree=82
num_leaves=31
num_cat=0
split_feature=0 3 4 4 4 4 6 6 2 6 2 4 3 0 2 6 0 6 4 6 4 4 2 0 4 0 0 6 6 3
split_gain=0.0409157 0.0402795 0.0134943 0.0112917 0.0278471 0.0437783 0.0330466 0.0350614 0.0241093 0.0269274 0.0268947 0.0261196 0.0240599 0.0217342 0.0186463 0.0144689 0.0120772 0.0114101 0.00901826 0.0101059 0.00990922 0.00816767 0.00747948 0.00693574 0.00661491 0.00618822 0.0140188 0.0126245 0.0116187 0.0054134
threshold=0.33767400000000009 0.20599450000000002 0.90490000000000015 0.4532000000000001 0.5839000000000002 0.61750000000000005 0.83795000000000008 0.58385000000000009 0.59790450000000017 0.85990000000000011 0.93534600000000012 0.87195000000000011 0.89712000000000014 0.13445650000000001 0.54853150000000006 0.80685000000000018 0.14513150000000002 0.84265000000000012 0.76210000000000011 0.44555000000000006 0.71825000000000017 0.37435000000000007 0.70802250000000011 0.0060380000000000008 0.95500000000000007 0.54763950000000017 0.46685700000000002 0.59300000000000008 0.86660000000000015 0.4148245000000001
decision_type=2 2 2 2 2 2 2 2 2 2 2 2 2 2 2 2 2 2 2 2 2 2 2 2 2 2 2 2 2 2
left_child=1 2 22 13 6 -6 7 -5 12 10 11 16 17 15 -9 -3 -10 -7 20 -20 25 -15 -1 -8 -21 26 29 -28 -29 -2
right_child=18 3 -4 4 5 8 23 14 9 -11 -12 -13 -14 21 -16 -17 -18 -19 19 24 -22 -23 -24 -25 -26 -27 27 28 -30 -31
leaf_value=-0.0056675180971377005 0 -0.0071298363525941714 0 0 -0.008916953395779588 -0.0025440832091800434 -0.0048938896875799802 0.012212546545604566 0.014146757397382081 0 0 0 0.0042656136142692888 0.0058054027316976411 0 0 0 0 0 0.0040246470636763673 -0.0026167053009567755 0 0 0 0 0.0021557875370543304 0 -0.0082401370866948386 0 0.0038995199687748595
leaf_weight=5.9058726616203767 1.5018153376877328 2.1980683486908705 1.1870211996138094 1.4750498197972803 1.3082803655415798 10.247672095894815 0.6359959654510019 1.8145741540938618 1.3135922811925413 1.1327989771962164 0.68557375669479359 0.65513598918914784 1.5008139722049225 0.50705951452255227 0.62124750018119801 1.1227820105850694 0.76992855221033085 2.3531021419912568 0.73917079344391723 7.6145982015877944 1.4280395954847325 0.96696571819484234 1.33916250616312 0.59598707035183907 0.72185803577303875 6.7163214795291424 0.63784710317850146 1.113097885623574 0.52292919531464566 1.663700873032212
leaf_count=159 37 66 25 38 33 208 15 39 24 21 12 14 22 14 14 31 15 44 14 129 27 26 34 11 12 122 16 23 11 32
internal_value=0 -0.00101732 -0.00405769 0 0.000272736 -0.000355708 0.00362657 0.00614151 2.23693e-05 0.00336894 0.00583948 0.00812534 -0.000723134 -0.00232034 0.00970692 -0.00485549 0.010758 -0.0017399 0.00165726 0.00301046 0.000372373 0.000160164 -0.00487018 -0.000464896 0.00358492 0.00114998 0 -0.0030277 -0.00554213 0.00201706
internal_weight=60.9961 38.3367 8.43206 29.9046 25.1098 19.9669 5.14285 3.91087 18.6586 4.55703 3.42423 2.73866 14.1016 4.79488 2.43582 3.32085 2.08352 12.6008 22.6594 9.07563 13.5838 1.47403 7.24504 1.23198 8.33646 12.1557 5.43939 2.27387 1.63603 3.16552
internal_count=1288 865 218 647 510 393 117 91 360 86 65 53 274 137 53 97 39 252 423 155 268 40 193 26 141 241 119 50 34 69
is_linear=0
shrinkage=0.05


Tree=83
num_leaves=31
num_cat=0
split_feature=0 3 0 4 2 3 3 4 5 6 5 2 3 4 4 6 5 5 6 5 5 3 6 0 5 3 3 3 3 6
split_gain=0.043326 0.0345383 0.0350899 0.0350383 0.0190303 0.0281214 0.0407196 0.016451 0.0187304 0.0163441 0.019 0.0134003 0.0130957 0.0127814 0.0109371 0.0345551 0.0101309 0.0227982 0.0111347 0.0107919 0.009035 0.0142138 0.0082229 0.00778427 0.00744923 0.0068744 0.00542849 0.0123195 0.00668354 0.00512629
threshold=0.33767400000000009 0.58435000000000015 0.011439000000000001 0.5464500000000001 0.70258500000000013 0.5429965000000001 0.43106800000000006 0.77300000000000013 0.32950000000000007 0.59010000000000018 0.31690000000000007 0.50824700000000012 0.39035900000000007 0.9567500000000001 0.72480000000000011 0.72800000000000009 0.24370000000000003 0.20765000000000003 0.42890000000000006 0.22190000000000001 0.49590000000000006 0.13433050000000005 0.88890000000000013 0.2376365 0.63340000000000007 0.50202400000000014 0.14883850000000001 0.19898900000000005 0.23455700000000004 0.44555000000000006
decision_type=2 2 2 2 2 2 2 2 2 2 2 2 2 2 2 2 2 2 2 2 2 2 2 2 2 2 2 2 2 2
left_child=1 4 3 9 5 6 13 12 -9 -3 -11 23 -6 16 15 -8 17 26 -18 -19 -20 -22 -5 -4 -23 -16 -1 -28 -29 -2
right_child=29 2 11 22 7 -7 14 8 -10 10 -12 -13 -14 -15 25 -17 18 19 20 -21 21 24 -24 -25 -26 -27 27 28 -30 -31
leaf_value=0 0 0.0031808394380049365 -0.0056155419862915137 0.006924630308048259 0 -0.011626856519349117 0 0 0.0080283198528391768 -0.011418626477759057 0 0 -0.0068110359404913653 0 -0.0036314208944242046 0.011300018188275439 0 0.01102711439848137 -0.0079833532318271568 0 0 0 0 0 -0.0046268566261640698 0.0015850802909812103 -0.01092701689986246 0.0023963178534781309 -0.0029917910307583557 0.0019955867056217253
leaf_weight=0.52746494300664704 1.5928280111402298 0.45878104120492746 1.8879113085567953 4.0286025330424309 2.2669561412185426 0.99477425403892894 1.4215325415134423 0.73007594421505917 1.1786056868731973 0.53434119746088959 0.69329872727394104 2.4965968783944845 0.72520774044096459 0.96959201991558153 1.0214050151407716 0.88473940081894387 0.80466634780168433 0.36263479478657235 3.4517819751054031 0.40802936814725399 0.91208649426698674 1.8007328286767004 0.68398603051900853 1.0048161558806894 4.8740261234343052 0.85435184836387623 0.50377247668802771 0.39346567355096329 1.4501598235219715 21.078289818018675
leaf_count=16 34 11 41 70 56 25 35 16 19 15 16 51 17 18 20 17 21 10 93 11 20 43 12 20 110 13 17 10 42 389
internal_value=0 -0.000978515 0.000997077 0.00371755 -0.00204431 -0.00270378 -0.00197867 0 0.004209 -3.33536e-05 -0.00514972 -0.0013311 -0.00133879 -0.00321348 0.00167482 0.0040441 -0.00360811 0 -0.00437182 0.00579863 -0.00479507 -0.00260905 0.00607157 -0.00380052 -0.00360121 0 -0.00305256 -0.0041075 0 0.00177229
internal_weight=60.9955 38.3244 11.7883 6.39901 26.5361 21.6352 20.6404 4.90085 1.90868 1.68642 1.22764 5.38932 2.99216 16.4584 4.18203 2.30627 15.4888 3.64553 11.8433 0.770664 11.0386 7.58685 4.71259 2.89273 6.67476 1.87576 2.87486 2.3474 1.84363 22.6711
internal_count=1288 865 236 124 629 521 496 108 35 42 31 112 73 411 85 52 393 106 287 21 266 173 82 61 153 33 85 69 52 423
is_linear=0
shrinkage=0.05


Tree=84
num_leaves=31
num_cat=0
split_feature=0 2 3 3 3 4 0 5 5 4 0 5 4 5 5 4 5 5 3 4 4 4 3 6 3 5 3 3 2 2
split_gain=0.0361592 0.026764 0.0247604 0.0210923 0.059388 0.0325597 0.0271372 0.0238951 0.0243983 0.0194943 0.0171229 0.0163328 0.0129534 0.0135722 0.0185983 0.0153143 0.0147805 0.0143255 0.0126098 0.0123452 0.0221964 0.0354427 0.00973658 0.00757688 0.00554719 0.00605417 0.00523801 0.0174564 0.0161582 0.013638
threshold=0.33767400000000009 0.69514100000000012 0.43106800000000006 0.5260585000000001 0.58435000000000015 0.72480000000000011 0.011439000000000001 0.23620000000000002 0.085900000000000018 0.77180000000000015 0.24299750000000003 0.84265000000000001 0.9567500000000001 0.24370000000000003 0.49350000000000005 0.88365000000000016 0.5726500000000001 0.20765000000000003 0.77350200000000013 0.80625000000000013 0.47085000000000005 0.55070000000000008 0.49598800000000004 0.8581000000000002 0.13543150000000001 0.91130000000000011 0.55771300000000013 0.4148245000000001 0.89411150000000006 0.8365220000000001
decision_type=2 2 2 2 2 2 2 2 2 2 2 2 2 2 2 2 2 2 2 2 2 2 2 2 2 2 2 2 2 2
left_child=1 2 12 5 9 10 7 8 -6 -5 -4 26 13 17 15 -15 23 19 -8 20 -1 -22 -7 -16 -18 -26 27 29 -28 -3
right_child=-2 11 3 4 6 22 18 -9 -10 -11 -12 -13 -14 14 16 -17 24 -19 -20 -21 21 -23 -24 -25 25 -27 28 -29 -30 -31
leaf_value=-0.0062820792703708857 0.0015108104547052817 0.0043940443878929909 0.0094782903099117511 -0.014986220153804741 0.0024790875647512861 -0.0048652294024530548 -0.0062425125574074175 0.0046520824922656476 -0.0073390449047535033 0 0 0.0071628854362942281 0 -0.0092492544523184138 0 0 0 0.0047968464182955644 0 -0.0075921853817517765 0.01406707726857589 0 0.00045276723402638114 0.0058794788063289824 -0.0042743738067475686 0 0 -0.007626750756583759 0.0069408315728382844 -0.0015010347001140358
leaf_weight=0.82647767290473551 22.689300274476409 1.4004017449915402 1.6635208278894422 0.8604819681495417 0.63886166922747889 0.92253652960062005 1.6075752303004267 4.1534730680286884 0.95761249400675297 0.74041688442230225 0.4199392981827258 0.95044148340821255 0.97004055604338724 3.0645323861390348 0.94269741512834826 0.50955021940171707 0.82701981440186489 0.77495723217725743 1.9063159842044113 0.70748279802501191 0.44342685677111127 0.86328727006912231 0.57089056447148323 0.44946163892745972 5.3955420441925526 0.57073258236050595 1.3414185326546433 0.68068047985434521 0.973612431436777 2.1750188302248716
leaf_count=28 423 33 35 25 15 18 38 74 22 13 10 15 18 87 23 11 19 21 37 18 12 26 9 9 126 11 28 16 18 50
internal_value=0 -0.000999633 -0.001728 0 -0.00129914 0.00305092 0 0.0023688 -0.000548292 -0.00990804 0.00727698 0.00130918 -0.00306141 -0.00347165 -0.00431135 -0.00795384 -0.00204063 0 -0.00311284 -0.00230923 0 0.00366818 0 0.000186199 -0.00321841 -0.00374918 0 -0.000637291 0.00216558 0
internal_weight=60.9977 38.3084 30.7868 14.4416 10.8647 3.57689 9.26384 5.74995 1.59647 1.6009 2.08346 7.52157 16.3452 15.3752 11.7595 3.57408 8.18545 3.61563 3.51389 2.84067 2.13319 1.30671 1.49343 1.39216 6.79329 5.96627 6.57113 4.2561 2.31503 3.57542
internal_count=1288 865 705 296 224 72 186 111 37 38 45 160 409 391 286 98 188 105 75 84 66 38 27 32 156 137 145 99 46 83
is_linear=0
shrinkage=0.05


Tree=85
num_leaves=31
num_cat=0
split_feature=1 2 6 6 2 2 1 5 2 6 6 3 3 6 0 6 1 3 5 0 5 0 3 3 6 2 5 6 3 5
split_gain=0.0246511 0.0135436 0.0197015 0.0194694 0.0238525 0.0139094 0.0249713 0.0318104 0.0193148 0.0145549 0.0306547 0.0410503 0.0135091 0.0155794 0.0126919 0.0110299 0.0246693 0.0225481 0.0105035 0.0122948 0.0103819 0.0100387 0.00922708 0.00870746 0.00758647 0.00724818 0.0114953 0.00788917 0.00659675 0.00637063
threshold=0.6233660000000002 0.66474300000000008 0.86660000000000015 0.92095000000000005 0.46848250000000008 0.49362450000000008 0.10507100000000001 0.80600000000000016 0.54373650000000018 0.80945000000000011 0.61325000000000018 0.68802500000000011 0.58776050000000013 0.60455000000000003 0.47204700000000005 0.58755000000000013 0.032545000000000011 0.60170900000000016 0.54900000000000004 0.38048150000000008 0.81310000000000004 0.39275650000000006 0.19706400000000004 0.21093850000000003 0.79790000000000016 0.25485150000000006 0.79335000000000011 0.48790000000000006 0.89712000000000014 0.7743500000000002
decision_type=2 2 2 2 2 2 2 2 2 2 2 2 2 2 2 2 2 2 2 2 2 2 2 2 2 2 2 2 2 2
left_child=1 2 5 4 20 6 7 24 9 10 29 -12 13 23 15 -3 -17 22 19 -6 -4 -10 -18 -2 -1 26 27 -8 -13 -7
right_child=12 14 3 -5 18 8 25 -9 21 -11 11 28 -14 -15 -16 16 17 -19 -20 -21 -22 -23 -24 -25 -26 -27 -28 -29 -30 -31
leaf_value=-0.0078418323614256307 0.0082157247485505468 0 0.0094353348270949204 -0.00062977858215733113 -0.0052877181539036618 0 0 0 -0.0049414398048144344 -0.0023378215469757714 0.0063904909555813627 -0.004488341133516525 0.0076915958392881935 -0.00095030534544283886 -0.00015548369149518928 0 0 0 0.0037401887972583823 0 0 0 0.0087498810234459354 0 0 0.00022102800369871515 0 -0.0058465739025449683 0 -0.0038741324277958978
leaf_weight=3.7559270020574322 0.77289483696222239 3.5308780875056964 1.5972570665180676 2.5985523778945208 1.2245315685868265 4.0557461995631474 0.49871319159865279 1.4404616598039863 2.5555455796420565 1.7800985723733891 5.0981490015983582 0.76401518099009968 1.5882456898689268 2.0696085020899773 3.9297006577253333 1.8030745312571523 0.75437000766396556 1.5251387655735014 1.3269563876092432 0.50180133804678906 0.50921655073761929 1.6419836170971391 2.826375350356102 0.77981862798333168 0.8804411869496106 6.9936061631888151 0.54777091741561879 1.8392508402466772 0.65132007375359535 1.0089561976492403
leaf_count=105 13 80 32 50 30 97 11 30 64 39 98 16 24 36 70 41 16 27 22 9 9 33 52 13 21 158 11 42 9 22
internal_value=0.000275855 0 -0.000494904 0.00150967 0.00352924 -0.00111085 -0.00217921 -0.00473738 0 0.00079664 0.00172259 0.00408891 0.00353243 0.000207916 0.00128052 0.00229179 0.00343983 0.00527044 0 -0.00185684 0.00753107 -0.00304115 0.00738933 0.00474112 -0.00678666 -7.29282e-05 -0.00244351 -0.00437037 -0.000776589 -0.000372758
internal_weight=60.8504 55.6398 41.2703 7.75832 5.15976 33.512 15.9562 6.07683 17.5558 13.3583 11.5782 6.51348 5.21057 3.62232 14.3695 10.4398 6.90896 5.10588 3.05329 1.72633 2.10647 4.19753 3.58075 1.55271 4.63637 9.87934 2.88573 2.33796 1.41534 5.0647
internal_count=1280 1194 908 152 102 756 378 156 378 281 242 123 86 62 286 216 136 95 61 39 41 97 68 26 126 222 64 53 25 119
is_linear=0
shrinkage=0.05


Tree=86
num_leaves=31
num_cat=0
split_feature=4 4 5 0 2 4 6 6 5 6 4 5 6 4 4 3 2 6 5 6 6 5 6 6 5 3 0 3 2 6
split_gain=0.0262258 0.0371463 0.0302322 0.0243605 0.0155138 0.0184588 0.0150838 0.0141383 0.0197264 0.0139177 0.0169311 0.0135835 0.0139921 0.0133575 0.010859 0.0107351 0.0149026 0.0107054 0.0095558 0.0227989 0.0275771 0.0271051 0.0221331 0.0219623 0.00898846 0.0103942 0.0102028 0.00879364 0.0200713 0.017253
threshold=0.46810000000000007 0.50360000000000016 0.16890000000000002 0.62468500000000005 0.59209450000000008 0.92830000000000013 0.69575000000000009 0.59300000000000008 0.26150000000000001 0.62235000000000007 0.96020000000000005 0.76750000000000018 0.48095000000000004 0.55960000000000021 0.39790000000000009 0.26081350000000009 0.58091250000000005 0.45075000000000004 0.13945000000000005 0.77795000000000014 0.86940000000000006 0.72395000000000009 0.75365000000000004 0.80435000000000012 0.86685000000000001 0.48560650000000005 0.32721500000000003 0.36217450000000007 0.91677150000000018 0.7763500000000001
decision_type=2 2 2 2 2 2 2 2 2 2 2 2 2 2 2 2 2 2 2 2 2 2 2 2 2 2 2 2 2 2
left_child=2 15 3 -1 5 6 11 14 -9 10 -7 12 17 -14 -4 -2 -17 -3 23 22 21 -21 -20 -8 25 -13 -26 -6 29 -29
right_child=1 4 7 -5 27 9 18 8 -10 -11 -12 24 13 -15 -16 16 -18 -19 19 20 -22 -23 -24 -25 26 -27 -28 28 -30 -31
leaf_value=-0.0097750487225005105 0 -0.0023344109807265537 0 0 0.0028548993435103492 0.010067504052760197 0 0.00868380866970999 0 0 0 0.0058186819963121708 0 -0.005105202889944177 -0.0059783170103643313 0.012110861920110016 0 0.0037054728230651356 0 -0.0076906313920477656 0 0 0.0090735750671445334 0.0066546418305872771 -0.0058724323296365719 0 0 -0.0040401709286527433 0.0046315504005465368 0.00034914813443381778
leaf_weight=1.7436596062034362 0.74936679005622808 1.9474682286381777 1.5079119596630319 0.3731582686305045 7.7980648409575206 0.95324453338980564 0.89117716811597292 0.60117624700069416 5.5441118106245995 2.5305500738322735 0.65941563993692398 1.1314856298267835 0.6216926909983157 5.9477980956435204 1.5492518860846756 1.1278890520334242 0.60671515762805928 1.0365772936493156 2.8051870726048942 2.8052761796861869 3.9796301368623972 1.562221949920058 0.84681690111756314 1.6623530704528091 0.83572896569967248 0.83888422325253476 0.57405490428209305 2.9367923475801945 1.9228595979511736 2.7587930206209421
leaf_count=55 18 49 45 8 150 17 22 16 136 43 13 21 15 136 46 23 11 23 54 59 73 25 13 35 17 13 10 57 30 47
internal_value=0.000178162 0.000748514 -0.00186439 -0.00721075 0.000314671 -0.00018313 -0.000798339 -3.27918e-05 0.000754869 0.00264248 0.00613319 -0.00205966 -0.00304062 -0.00431587 -0.00317355 0.00670027 0.00882381 0 0 -0.000249112 -0.0020393 -0.00482653 0.00245527 0.00295296 0 0.00275455 -0.00211634 0.00165283 0 -0.00108203
internal_weight=60.8493 49.53 11.3193 2.11682 47.0461 31.6296 27.4864 9.20245 6.14529 4.14321 1.61266 12.9337 9.55354 6.56949 3.05716 2.48397 1.7346 2.98405 14.5527 11.9991 8.34713 4.3675 3.652 2.55353 3.38015 1.97037 1.40978 15.4165 7.61844 5.69559
internal_count=1280 974 306 63 922 638 565 243 152 73 30 284 223 151 91 52 34 72 281 224 157 84 67 57 61 34 27 284 134 104
is_linear=0
shrinkage=0.05


Tree=87
num_leaves=31
num_cat=0
split_feature=4 4 3 6 0 0 6 4 4 4 3 4 3 3 6 5 4 3 6 4 3 2 2 3 2 2 0 2 3 3
split_gain=0.0306143 0.0250653 0.0221385 0.0221252 0.0173078 0.0165741 0.015221 0.013927 0.0397406 0.0463037 0.0267842 0.0191242 0.0123944 0.0358719 0.0278613 0.0101471 0.00784913 0.015297 0.0204889 0.0138189 0.0128676 0.0116284 0.0140223 0.0223604 0.00784144 0.0205206 0.00686469 0.00664836 0.0203973 0.00686119
threshold=0.4532000000000001 0.50360000000000016 0.25079700000000005 0.78920000000000012 0.72840000000000016 0.24218950000000003 0.5707500000000002 0.70325000000000015 0.5839000000000002 0.54825000000000013 0.35696900000000004 0.72660000000000002 0.49598800000000004 0.40952500000000008 0.57740000000000014 0.85385000000000011 0.75395000000000012 0.36064450000000009 0.56840000000000013 0.91800000000000015 0.21636650000000004 0.91677150000000018 0.28389600000000009 0.89712000000000014 0.49225850000000004 0.53338600000000003 0.057800500000000012 0.5266455000000001 0.22047700000000003 0.50053000000000003
decision_type=2 2 2 2 2 2 2 2 2 2 2 2 2 2 2 2 2 2 2 2 2 2 2 2 2 2 2 2 2 2
left_child=3 2 -2 4 27 7 -4 8 9 26 -11 -9 13 -10 -14 16 -13 18 -18 20 -20 22 -19 -24 -8 -26 -3 28 -1 -29
right_child=1 5 6 -5 -6 -7 24 11 12 10 -12 15 14 -15 -16 -17 17 21 19 -21 -22 -23 23 -25 25 -27 -28 29 -30 -31
leaf_value=0 0 -0.0047761759771326592 0 0 0 0.0014639241533185054 0 0.0056162774965631103 -0.0046204751765382135 0 0.013031390390445131 -0.0026557141206975652 0 0.0069599497853897203 -0.010720355396654968 -0.0042021565288710592 0 0.0019621091481367599 8.3033770384509918e-05 0 0.011971384926663527 0.0052425858599124131 -0.0046258357957570063 0.00063548270682129327 0.016801495320729967 0 0 -0.0034550980762846012 -0.0091370318884668716 0.00063295073654110693
leaf_weight=1.2026113141328081 1.3128203786909574 1.2534479890018722 0.6075777001678947 3.6058838944882154 0.59077614545822132 21.466223865747452 0.56023387238383326 1.4655388407409216 2.5479450728744273 0.84726127050816991 0.92105076462030411 1.3385871369391669 0.47053131833672557 0.61631890386342991 1.8996520135551689 1.3156489320099343 1.4923382829874734 0.86739926040172566 1.5395996216684587 1.3459237106144426 1.0583567917346952 0.54295423999428738 4.4882609955966473 1.0353325381875036 0.80456249415874459 0.63994651846587658 0.53927476704120625 1.3089670687913897 2.4332429580390453 0.73152831569313992
leaf_count=36 33 31 16 88 12 389 13 31 69 23 16 28 11 11 43 23 36 16 32 26 17 9 82 14 15 12 15 41 72 20
internal_value=0.000269618 0.000835729 0.00475596 -0.00213108 -0.00397501 0.000393262 0.00734662 -0.000312564 -0.00197192 0.00109443 0.00754762 0.00030768 -0.0048167 -0.000689044 -0.00805213 0 0.000163712 0.000888612 0.00294701 0.00495546 0.00704358 -3.32917e-05 -0.00132567 -0.00275679 0.00936123 0.011494 -0.00269167 -0.00499075 -0.00655445 0
internal_weight=60.8498 50.9768 3.92514 9.87301 6.26713 47.0516 2.61232 25.5854 9.09548 3.56103 1.76831 16.4899 5.53445 3.16426 2.37018 15.0244 13.7088 12.3702 5.43622 3.94388 2.59796 6.93395 6.39099 5.52359 2.00474 1.44451 1.79272 5.67635 3.63585 2.0405
internal_count=1280 1011 89 269 181 922 56 533 219 85 39 314 134 80 54 283 260 232 111 75 49 121 112 96 40 27 46 169 108 61
is_linear=0
shrinkage=0.05


Tree=88
num_leaves=31
num_cat=0
split_feature=1 6 2 6 2 6 1 6 3 5 6 6 5 6 6 2 5 0 3 2 3 0 3 0 1 6 5 5 2 1
split_gain=0.0235133 0.0218392 0.0456868 0.0211866 0.0206158 0.0169084 0.0210877 0.0161478 0.018194 0.0150483 0.0205305 0.0333742 0.0181696 0.0126361 0.0162912 0.0120106 0.0111178 0.0100219 0.00965647 0.00934043 0.0134097 0.00861735 0.00814209 0.0200139 0.0072322 0.00690658 0.00662517 0.00494716 0.00494374 0.00457137
threshold=0.61624750000000017 0.85355000000000014 0.49362450000000008 0.55480000000000007 0.50388700000000008 0.92095000000000005 0.0097500000000000017 0.60455000000000003 0.58776050000000013 0.47235000000000005 0.55480000000000007 0.81270000000000009 0.65175000000000016 0.51975000000000005 0.76130000000000009 0.14698650000000005 0.5051500000000001 0.36411800000000005 0.17153750000000004 0.65315900000000016 0.33097950000000004 0.6324010000000001 0.46353700000000003 0.20180950000000003 0.38935350000000007 0.47010000000000002 0.18250000000000002 0.30810000000000004 0.54059750000000018 0.35571500000000006
decision_type=2 2 2 2 2 2 2 2 2 2 2 2 2 2 2 2 2 2 2 2 2 2 2 2 2 2 2 2 2 2
left_child=1 2 3 22 5 6 16 25 28 10 -4 21 13 -11 18 -5 26 -17 -15 -14 24 -12 23 -1 -21 -2 -3 -13 -9 -24
right_child=7 4 9 15 -6 -7 -8 8 -10 12 11 27 19 14 -16 17 -18 -19 -20 20 -22 -23 29 -25 -26 -27 -28 -29 -30 -31
leaf_value=-0.0061376632858489398 0 0 0 0 0 0 0.0092556520555685719 -0.0039511236026588247 0.0054617985328093317 0 0.005441265437581928 -0.0038284635651400093 0 0 0 -0.0058468172760885529 0.0045221417282442725 -0.00017712629097460595 -0.0079961057043690005 0.0075456332714433152 0 0 0.0038897028441309137 0 0 0.0091888489568626303 -0.0043041684262666051 0 0 0
leaf_weight=1.4372378382831805 0.61310409009456579 0.42365201190113866 4.4523426871746805 0.99929117225110431 5.5493177454918623 2.0134831108152866 2.1432952210307121 0.93387636542320329 1.2980009615421293 1.1866242997348297 6.7160902936011535 0.8933204188942907 6.0457791686058027 0.56248355098068792 0.60071665793657292 6.3486008457839471 1.2188787832856176 3.1313672363758087 2.0740592647343874 1.2774982415139677 2.0828321799635887 0.51221945881843556 1.4802813064306972 1.6385701317340133 0.61862965673208226 1.3883200176060198 0.83851376734673977 0.56566548906266689 1.3768107891082761 0.42406083457171906
leaf_count=46 11 11 113 21 109 39 36 17 19 27 151 22 110 14 11 156 22 64 41 23 35 9 34 38 10 22 22 13 23 11
internal_value=0.000389524 0 -0.000455472 -0.00268894 0.00192744 0.00379789 0.00543313 0.00345167 0 0.00062069 0.00189796 0.00335684 -0.000202252 -0.00306668 -0.00471322 -0.00395484 0 -0.00451736 -0.00647872 0.000585774 0.00256446 0.00495966 0 -0.00157463 0.00549848 0.0071822 -0.000777698 -0.00118558 -0.00125235 0.00249538
internal_weight=60.8449 55.2348 43.0477 15.4594 12.1871 6.63782 4.62434 5.61011 3.60869 27.5883 13.1396 8.6873 14.4486 4.42388 3.23726 10.4793 2.48104 9.47997 2.63654 10.0247 3.97896 7.22831 4.98015 3.07581 1.89613 2.00142 1.26217 1.45899 2.31069 1.90434
internal_count=1280 1188 949 370 239 130 91 92 59 579 308 195 271 93 66 241 55 220 55 178 68 160 129 84 33 33 33 35 40 45
is_linear=0
shrinkage=0.05


Tree=89
num_leaves=31
num_cat=0
split_feature=4 4 5 0 5 6 4 4 4 3 3 6 6 0 5 1 0 3 3 3 5 3 3 4 4 3 3 5 6 4
split_gain=0.0207521 0.0315147 0.0274721 0.0250979 0.0172459 0.0162248 0.023651 0.0136556 0.0160645 0.0114272 0.0155261 0.0118992 0.0184282 0.0169956 0.012076 0.0112587 0.0102897 0.0102709 0.0237704 0.0233501 0.0279644 0.026488 0.0168843 0.0289387 0.0164483 0.0170018 0.0138137 0.0132778 0.0102098 0.0100751
threshold=0.46810000000000007 0.50360000000000016 0.16890000000000002 0.62468500000000005 0.26150000000000001 0.78920000000000012 0.38355000000000006 0.92930000000000013 0.96020000000000005 0.92914200000000013 0.68597200000000014 0.92490000000000017 0.88775000000000015 0.0060380000000000008 0.42090000000000005 0.11226050000000001 0.78284950000000009 0.13433050000000005 0.18821700000000002 0.24879650000000003 0.50745000000000007 0.31079600000000007 0.36064450000000009 0.68425000000000014 0.58550000000000013 0.63888100000000014 0.23109650000000001 0.30265000000000003 0.8902000000000001 0.45720000000000005
decision_type=2 2 2 2 2 2 2 2 2 2 2 2 2 2 2 2 2 2 2 2 2 2 2 2 2 2 2 2 2 2
left_child=2 28 3 -1 -4 6 -6 9 -9 10 11 12 16 -14 -13 -12 17 27 -19 20 26 -21 23 -23 -24 -26 -20 -3 -2 -8
right_child=1 7 4 -5 5 -7 29 8 -10 -11 15 14 13 -15 -16 -17 -18 18 19 21 -22 22 24 -25 25 -27 -28 -29 -30 -31
leaf_value=-0.0093386239548013689 0.0078569443367085285 0 0.0056463911907122339 0 0 0.00064315634509071477 -0.0069749757173740686 0.0048427753124114731 0 0.0038343514987217958 -0.0049283507843742667 0 0 0.007499887033664933 -0.0067212274515541627 0 0.0037333782407706637 -0.0036472289907655297 0.00010712474159338051 -0.0047226128983388523 0 0 0.0031573439971868018 0.0091832321838884821 -0.0027412603529085714 0.0020153928664443884 0.013762320437799319 0.0059757439567819058 0 0
leaf_weight=1.7232634313404553 1.952068638056516 0.65541273914278564 0.94317186623811622 0.37279463559389103 2.1078671347349864 3.0618010628968477 2.6425505932420497 3.2948603685945264 2.2558601070195436 1.7755693644285191 2.6684549674391738 0.88716050237417121 0.75172971934080068 1.6294517237693069 1.0495727285742757 3.9090999700129032 1.7351842969655979 4.8945696819573667 1.4129149969667225 3.1304768864065435 1.8639987669885156 0.84219829551875536 1.7776771206408728 1.2419645339250562 8.0574409216642362 1.1344557739794243 0.72868866845965374 1.3562959022819994 0.55645399540662754 0.4277970828115939
leaf_count=55 41 16 27 8 60 70 75 57 39 26 55 19 16 29 18 69 27 112 33 69 40 19 35 23 156 23 15 26 11 11
internal_value=0.000235679 0.000746624 -0.00155687 -0.00662072 0 -0.00108713 -0.00305031 0.000335816 0.00264246 0 -0.0001579 0.000146432 0.000527688 0.00469916 -0.00326724 -0.00241966 0 -7.3087e-05 -0.000527709 0 0.00357686 -0.000599283 3.78169e-05 0.00432327 -0.000356408 -0.00160072 0.00739058 0.00298447 0.00622719 -0.00584301
internal_weight=60.8408 49.5616 11.2792 2.09606 9.18319 8.24002 5.17821 47.053 5.55072 41.5023 39.7267 33.1492 31.2125 2.38118 1.93673 6.57755 28.8313 27.0961 25.0844 20.1898 4.0056 16.1842 13.0537 2.08416 10.9696 9.1919 2.1416 2.01171 2.50852 3.07035
internal_count=1280 974 306 63 243 216 146 922 96 826 800 676 639 45 37 124 594 567 525 413 88 325 256 42 214 179 48 42 52 86
is_linear=0
shrinkage=0.05


Tree=90
num_leaves=31
num_cat=0
split_feature=1 3 6 6 5 6 3 6 6 3 3 6 3 0 5 5 3 6 6 6 3 3 4 6 5 6 5 4 3 5
split_gain=0.0560909 0.0333582 0.0208311 0.0251322 0.0172229 0.0136795 0.0127491 0.0108755 0.0157986 0.0196794 0.0174876 0.0104752 0.0101058 0.0126622 0.00927814 0.00686417 0.00643186 0.00664004 0.0138745 0.0482066 0.00779939 0.00866602 0.00596231 0.00454306 0.00861818 0.0102637 0.00388886 0.00363418 0.00342192 0.00975774
threshold=0.111111 0.5866260000000002 0.63255000000000006 0.72325000000000006 0.70300000000000018 0.92710000000000015 0.83315150000000016 0.72325000000000006 0.6018 0.18111400000000002 0.29633250000000005 0.51375000000000015 0.25871600000000006 0.23463850000000003 0.53790000000000016 0.85065000000000013 0.15696150000000003 0.48640000000000005 0.67410000000000014 0.76295000000000013 0.29068750000000004 0.40169950000000004 0.4915000000000001 0.88535000000000019 0.80005000000000015 0.76845000000000019 0.1193 0.51415000000000011 0.74666700000000008 0.76750000000000018
decision_type=2 2 2 2 2 2 2 2 2 2 2 2 2 2 2 2 2 2 2 2 2 2 2 2 2 2 2 2 2 2
left_child=1 4 6 -4 5 16 14 8 10 -10 22 -6 -9 -14 -3 26 27 -18 -19 20 -20 -22 -2 24 25 -13 -15 -1 29 -12
right_child=7 2 3 -5 11 -7 -8 12 9 -11 28 23 13 15 -16 -17 17 18 19 -21 21 -23 -24 -25 -26 -27 -28 -29 -30 -31
leaf_value=-0.0040419127592942342 0 0.0097510529044849952 -0.0066836358529953803 0.00026510830888758127 -0.0052553595375422202 0 0 0 -0.0062433444323029968 0 -0.0027934627885965731 0 0 0 0 0 0 -0.010012592422145477 0 -0.006423313212874239 0.0086437919164039402 0 0.0041139494642950551 -0.0018482539250558134 0 0.0079364481034442779 0.0046717863233705697 0 0.0013654151660668469 0.00038428012323070334
leaf_weight=0.45612557232380346 0.80197312310338187 1.0068955607712262 1.3755431789904831 3.2686880603432655 0.8484520148485889 0.61432440765202123 0.9771403595805167 4.9762801583856335 1.5712754167616356 5.1129289902746677 3.6630456000566483 0.99405466392636277 1.4042930919677008 1.0600232519209365 0.91381305456161488 1.232526659965514 1.465143859386443 2.5438632350414974 0.82863106578588475 3.9405565895140171 0.52430777996778466 0.60022852942347527 4.7633264269679785 0.78636023774743069 3.0490871127694845 0.78168071806430817 7.2775985784828663 1.5078187733888624 1.7237018607556818 1.1490214262157676
leaf_count=16 22 22 25 64 24 15 21 101 35 105 85 21 29 22 17 18 44 73 21 96 13 13 92 15 56 12 122 37 33 20
internal_value=-3.50108e-05 -0.00184143 0.0004313 -0.000836579 -0.00300653 -0.00413548 0.00409125 0.0012 8.46287e-05 -0.00153316 0.00139328 -3.31978e-05 0.00219337 0.00304203 0.00637224 0.00372442 -0.00456486 -0.00515139 -0.00574763 -0.00293623 0.00163398 0.0045166 0.0034493 0 0.00130054 0.00399089 0.00423455 0 0 -0.00102441
internal_weight=61.2187 26.4827 7.54208 4.64423 18.9406 12.481 2.89785 34.736 18.7853 6.6842 12.1011 6.45963 15.9507 10.9744 1.92071 9.57015 11.8667 9.90273 8.43759 5.89372 1.95317 1.12454 5.5653 5.61118 4.82482 1.77574 8.33762 1.96394 6.53577 4.81207
internal_count=1289 605 149 89 456 328 60 684 392 140 252 128 292 191 39 162 313 260 216 143 47 26 114 104 89 33 144 53 138 105
is_linear=0
shrinkage=0.05


Tree=91
num_leaves=31
num_cat=0
split_feature=1 3 4 5 1 4 3 0 5 5 4 5 3 3 5 2 3 4 3 5 0 5 5 4 3 4 5 2 4 2
split_gain=0.042395 0.0245971 0.0218025 0.0241509 0.0195317 0.0189925 0.0159383 0.0298837 0.0272448 0.0146097 0.025557 0.0145605 0.0231096 0.0237469 0.018614 0.0246522 0.0140425 0.0139742 0.0134107 0.0138226 0.0129597 0.0119556 0.011399 0.0104284 0.00903118 0.00841562 0.00770177 0.0137018 0.00595126 0.00506799
threshold=0.111111 0.57405750000000011 0.5676500000000001 0.31400000000000006 0.044141500000000007 0.65405000000000013 0.68597200000000014 0.0060380000000000008 0.77620000000000011 0.12870000000000001 0.32635000000000008 0.66295000000000004 0.47060150000000006 0.57405750000000011 0.12870000000000001 0.57509200000000005 0.30744100000000002 0.67675000000000007 0.17501250000000004 0.82820000000000016 0.0060380000000000008 0.22565000000000004 0.13945000000000005 0.49625000000000002 0.4148245000000001 0.62035000000000007 0.85065000000000013 0.76197250000000005 0.82405000000000006 0.60476200000000013
decision_type=2 2 2 2 2 2 2 2 2 2 2 2 2 2 2 2 2 2 2 2 2 2 2 2 2 2 2 2 2 2
left_child=1 2 4 5 9 -4 7 -3 22 -1 -11 12 14 21 16 -16 23 -15 20 -20 -5 -14 -8 -2 -12 -24 27 -13 -7 -17
right_child=11 6 3 18 -6 28 8 -9 -10 10 24 26 13 17 15 29 -18 -19 19 -21 -22 -23 25 -25 -26 -27 -28 -29 -30 -31
leaf_value=0 0 0.0071872145029671227 0 0.0058992880830069563 0 -0.0085919816821919785 0 -0.001064284271858805 0.0048320955676605833 0 -0.010235300806185553 0.005078942343951582 0 -0.001306733213541463 -0.0042741372082380413 0.0049353540149787538 -0.00055618814027617088 0.0027504974988436367 0 -0.0047385144646704506 0 0.010717446060724962 0 0.0053698174584659898 0 -0.006619600116089858 0 0 0 0
leaf_weight=0.8947286494076313 0.64868585579097615 2.0983826685696836 0.6191903762519354 1.7342154681682571 0.75788501277565945 1.6912943441420796 0.78313385508954514 0.44693519361317147 1.0919834002852438 0.45362147130072106 3.1204538829624657 5.1391393411904556 0.62013128586113264 3.0609462913125753 5.8185414336621744 0.42016252130269993 0.9542248249053954 3.8634502645581961 5.4416938629001379 1.5322056934237478 0.54814795218408097 1.1058765333145855 1.430689672008157 2.3203353639692068 0.65905294008553017 1.9781631864607332 4.3269724119454622 1.9600720293819902 1.1882161945104597 4.512985073029995
leaf_count=28 19 41 18 35 24 48 19 11 16 13 91 85 15 66 137 8 22 68 106 26 14 20 33 49 17 36 73 31 29 91
internal_value=0 -0.00150182 -0.00253624 -0.000859682 -0.00525911 -0.00440653 0.000331376 0.00386273 -0.000481165 -0.00640376 -0.00760952 0.00114961 0.000187418 0.00238326 -0.000775918 -0.00206983 0.0014906 0.000252114 0 -0.000543858 0.00363245 0.00771273 -0.00311053 0.0037743 -0.00900803 -0.00446726 0.00266136 0.00374358 -0.00627604 0
internal_weight=61.2215 26.47 18.6407 12.755 5.88574 3.4987 7.82929 2.54532 5.28397 5.12786 4.23313 34.7515 23.3253 8.6504 14.6749 10.7517 3.92325 6.9244 9.25626 6.9739 2.28236 1.72601 4.19199 2.96902 3.77951 3.40885 11.4262 7.09921 2.87951 4.93315
internal_count=1289 605 449 276 173 95 156 52 104 149 121 684 495 169 326 236 90 134 181 132 49 35 88 68 108 69 189 116 77 99
is_linear=0
shrinkage=0.05


Tree=92
num_leaves=31
num_cat=0
split_feature=1 3 5 6 6 4 5 3 5 3 6 5 6 2 3 3 3 5 4 3 3 1 3 4 6 6 5 2 6 6
split_gain=0.0362175 0.0349906 0.0173097 0.0254068 0.0152601 0.0138813 0.0129425 0.0228333 0.0191094 0.0178827 0.0128433 0.0218595 0.0151516 0.0122946 0.0112387 0.0378831 0.0112198 0.0101205 0.00949038 0.00939751 0.0116404 0.0112417 0.00934947 0.013601 0.00894562 0.00887412 0.00840657 0.00762678 0.0131721 0.0137293
threshold=0.111111 0.41854950000000007 0.75825000000000009 0.78390000000000015 0.59010000000000018 0.9567500000000001 0.66295000000000004 0.47060150000000006 0.52350000000000008 0.57405750000000011 0.48640000000000005 0.37825000000000003 0.8902000000000001 0.41115850000000004 0.58435000000000015 0.66457650000000013 0.38260250000000007 0.22565000000000004 0.54495000000000016 0.42677500000000007 0.59125400000000006 0.23297550000000003 0.25172600000000006 0.47575000000000006 0.57940000000000014 0.87800000000000011 0.13075000000000003 0.30474850000000003 0.86545000000000016 0.53465000000000007
decision_type=2 2 2 2 2 2 2 2 2 2 2 2 2 2 2 2 2 2 2 2 2 2 2 2 2 2 2 2 2 2
left_child=1 5 4 -4 14 10 7 8 22 17 -1 16 13 -13 -3 -16 -12 -9 -10 27 -21 -22 23 -2 -25 -24 -26 -8 29 -29
right_child=6 2 3 -5 -6 -7 19 9 18 -11 11 12 -14 -15 15 -17 -18 -19 -20 20 21 -23 25 24 26 -27 -28 28 -30 -31
leaf_value=0 -0.0013619447982512519 0 0 0.0093901446932597617 -0.0020985808099165172 0 0 0 0 0.00034379514558929847 -0.0081951063384817294 -0.0047165344968556561 -0.0068507692509430663 0.00058359193581676127 0.015082478410979296 0 0 0.0097877070863145038 -0.0061439105482007789 -0.0025896884309724111 0 0.0039481934136395454 -0.002734918129134927 0.0050548058264136995 0.0038032370395518766 0 -0.0011223696333751594 0 0 0.0068059733681544027
leaf_weight=2.0075609870255002 1.1909391004592196 0.69915471039712285 1.8872275948524468 1.1005384698510168 6.546710817143321 0.83331426233053285 0.78495039418339541 0.61960478313267042 0.8423563633114094 6.9259691759943962 3.9430618863552791 1.2039801515638826 1.0716144815087316 4.9756192080676556 0.48560104519128788 1.3191564995795486 0.38092151656746853 1.115386616438627 2.0650978125631809 1.5214468874037264 0.81639003194868598 2.8721764218062162 4.4776085130870342 2.4553301930427551 1.179299343377352 0.55316593125462521 1.8939877357333896 0.68693267926573742 0.97370160371065129 3.7872819695621729
leaf_count=60 34 20 31 14 140 14 16 15 18 134 115 31 23 108 10 30 9 20 41 24 16 43 107 49 25 11 41 13 16 61
internal_value=0 -0.00140273 0.000221725 0.003703 -0.000409002 -0.00309589 0.00104807 0.000130722 -0.000832493 0.00232247 -0.00356434 -0.00419991 -0.00152555 0 0.00199931 0.00449615 -0.00741867 0.00704723 -0.00439157 0.00246698 0 0.0021934 0 0.00128835 0.00276163 -0.00153277 0 0.00384743 0.00450931 0.00564459
internal_weight=61.2161 26.4545 12.0384 2.98777 9.05062 14.4161 34.7616 23.3187 14.6578 8.66096 13.5828 11.5752 7.25121 6.1796 2.50391 1.80476 4.32398 1.73499 2.90745 11.4429 5.21001 3.68857 11.7503 6.71956 5.52862 5.03077 3.07329 6.23287 5.44792 4.47421
internal_count=1289 605 245 45 200 360 684 495 326 169 346 286 162 139 60 40 124 35 59 189 83 59 267 149 115 118 66 106 90 74
is_linear=0
shrinkage=0.05


Tree=93
num_leaves=31
num_cat=0
split_feature=1 3 4 5 5 3 3 5 5 6 6 3 6 4 5 6 5 5 3 4 5 3 4 4 3 4 3 1 6 6
split_gain=0.03421 0.0306081 0.0317964 0.0218574 0.0152964 0.0254842 0.0206928 0.0141984 0.0115271 0.019915 0.0112337 0.00907756 0.0123391 0.00806629 0.00840955 0.00742598 0.0105396 0.0153456 0.00880795 0.00618209 0.0101546 0.00568572 0.00556649 0.0112934 0.011567 0.00556089 0.0061219 0.0090144 0.00541398 0.0104596
threshold=0.11226050000000001 0.29068750000000004 0.81955000000000011 0.31400000000000006 0.66295000000000004 0.47060150000000006 0.57405750000000011 0.45905000000000007 0.12870000000000001 0.56840000000000013 0.49485000000000007 0.30744100000000002 0.64720000000000011 0.5464500000000001 0.56005000000000005 0.47575000000000006 0.77620000000000011 0.81695000000000018 0.31079600000000007 0.79515000000000013 0.085900000000000018 0.21636650000000004 0.69750000000000012 0.67280000000000018 0.85590850000000007 0.41535000000000005 0.2743695000000001 0.22519500000000001 0.5455000000000001 0.82945000000000013
decision_type=2 2 2 2 2 2 2 2 2 2 2 2 2 2 2 2 2 2 2 2 2 2 2 2 2 2 2 2 2 2
left_child=1 2 3 -1 5 8 -7 -5 11 21 -6 12 -2 -8 28 -3 18 -18 -17 20 -20 -10 23 24 -22 -11 27 -27 -15 -30
right_child=4 15 -4 7 10 6 13 -9 9 25 -12 -13 -14 14 -16 16 17 -19 19 -21 22 -23 -24 -25 -26 26 -28 -29 29 -31
leaf_value=-0.010505863113191224 0 0.0030789039604007286 0 0.00056417433581637522 0 0.007388354442205221 -0.00098706001826970899 -0.0036162970592133583 0.0027867330648076996 0 0.0031858394194302416 -0.0012834107893108391 0.0053496774306177105 0 0 0.001055995531492527 0.006027767722178794 0 0 0 -0.0039468669494206682 -0.00037265980650509037 -0.0071664468656915704 0.002148674800607256 0 0 0 -0.0064300794678971256 0.006567985092693478 0
leaf_weight=2.070184890180828 1.2430165559053454 1.631237512454393 3.3556355591863394 0.62671547569334496 1.3461400400847185 1.7438029237091521 2.1983889993280172 4.1596003379672766 1.6929838694632038 0.87830950878560532 9.9960453528910858 0.95025664567947377 1.7401477210223673 0.79205720499157894 0.57340215519070614 0.72782671079039474 1.1672011613845819 1.9980303756892679 1.2171502467244844 2.9726764354854813 3.9222587496042252 1.9897234756499527 1.6247236169874666 0.46179815381765354 0.79142815060913552 0.64398777671158303 2.0935835260897875 3.3764034230262041 1.7371677290648224 1.4950802959501741
leaf_count=69 30 38 67 17 26 35 51 107 35 24 161 22 38 15 10 17 16 31 32 54 102 44 34 10 16 16 45 71 30 26
internal_value=0 -0.00135585 -0.00349324 -0.00543285 0.00102313 5.23104e-05 0.00239444 -0.0020453 -0.0009839 -0.00197912 0.00254972 0.000459505 0.00266002 0.000299454 0.00198687 0 -0.00037911 0.00153348 -0.00132743 -0.00194423 -0.00265863 0 -0.00346326 -0.00123915 -0.0026475 -0.00360149 -0.00412811 -0.00542351 0.00309742 0.00399203
internal_weight=61.217 26.7265 10.2121 6.8565 34.4905 23.1483 8.5399 4.78632 14.6084 10.675 11.3422 3.93342 2.98316 6.7961 4.59771 16.5143 14.8831 3.16523 11.7179 10.99 8.01736 3.68271 6.80021 5.17549 4.71369 6.99228 6.11397 4.02039 4.02431 3.23225
internal_count=1289 610 260 193 679 492 167 124 325 235 187 90 68 132 81 350 312 47 265 248 194 79 162 128 118 156 132 87 71 56
is_linear=0
shrinkage=0.05


Tree=94
num_leaves=31
num_cat=0
split_feature=1 5 3 4 3 4 2 4 2 6 6 2 4 4 2 2 4 6 2 5 2 6 4 3 6 4 4 6 6 4
split_gain=0.0358166 0.0271271 0.0227478 0.0406332 0.0157534 0.0242541 0.0204833 0.0165548 0.0146442 0.0150404 0.0177748 0.0217753 0.0130063 0.012925 0.0285588 0.0355574 0.0277994 0.00975931 0.0152013 0.0129641 0.00917592 0.0166793 0.00958861 0.00906141 0.00830493 0.00655197 0.00643676 0.00630101 0.0113277 0.0244814
threshold=0.11226050000000001 0.31400000000000006 0.29068750000000004 0.81955000000000011 0.53647900000000004 0.5676500000000001 0.66474300000000008 0.34210000000000007 0.84820250000000008 0.69575000000000009 0.61050000000000015 0.68809350000000002 0.91190000000000004 0.72030000000000005 0.49876600000000004 0.61148500000000017 0.78195000000000003 0.52880000000000005 0.70802250000000011 0.38080000000000008 0.39393900000000004 0.92260000000000009 0.84275000000000011 0.21093850000000003 0.63255000000000006 0.80415000000000014 0.85625000000000007 0.80685000000000018 0.71010000000000006 0.69750000000000012
decision_type=2 2 2 2 2 2 2 2 2 2 2 2 2 2 2 2 2 2 2 2 2 2 2 2 2 2 2 2 2 2
left_child=1 2 3 -1 5 6 7 -3 9 10 17 12 -12 14 -7 -16 -15 23 19 -19 21 22 -11 -2 -6 -21 -25 28 -4 -30
right_child=8 4 27 -5 24 13 -8 -9 -10 20 11 -13 -14 16 15 -17 -18 18 -20 25 -22 -23 -24 26 -26 -27 -28 -29 29 -31
leaf_value=-0.011321279470728501 0.0012196409093540076 0 -0.0012389046760526979 0 0.004097859937769956 -0.00062598109941130325 0 -0.0081653850099917182 0.0035128423447288201 0.0068249108253752343 -0.0066356266752672938 0 0 -0.0073050076648483496 0.010576311193946116 0 0 0 0 0.008175682372478307 0.00033416890559446593 0 0 -0.0033678755152687849 0 0 0 -0.0031454959938305043 0.011692306735578632 0
leaf_weight=2.0516133680939697 1.6532154250890032 0.64623467251658784 2.4231077041476969 0.81064512766897667 2.2217387426644555 0.91329304873943185 0.49228056147694577 2.5164091549813747 5.5637950468808404 2.5950858183205128 2.9593565426766868 0.81313099898397911 0.5253370739519595 1.3652436807751653 1.5405944138765333 0.44649172946810711 4.7998056598007679 1.1344833783805373 0.68501777946948994 1.5515644643455746 10.837862100452183 0.4397471323609351 0.5747195929288863 3.1940710563212633 3.683809420093894 0.65756507962942112 1.3236066959798334 1.7354601453989742 0.52650884352624394 0.53180844895541668
leaf_count=69 35 19 63 20 43 24 13 71 97 53 69 13 9 27 29 12 85 28 13 32 196 9 11 76 64 11 27 47 12 12
internal_value=0 -0.00139241 -0.00382603 -0.00766837 -5.4997e-05 -0.00128638 -0.00466884 -0.0063861 0.00104193 0.000384367 -0.000506492 -0.00329523 -0.00533929 0 0.00280582 0.00673322 -0.00117784 0.000203739 0.00239085 0.00422956 0.00161934 0.00401725 0.00557325 -0.000442127 0.00174206 0.00638074 -0.00214628 -0.000672945 0 0.00459403
internal_weight=61.2136 26.705 8.07914 2.86226 18.6259 12.7204 3.65492 3.16264 34.5086 28.9448 14.4973 4.29782 3.48469 9.06543 2.90038 1.98709 6.16505 10.1995 4.02863 3.34361 14.4474 3.60955 3.16981 6.17089 5.90555 2.20913 4.51768 5.21689 3.48142 1.05832
internal_count=1289 610 223 89 387 280 103 90 679 582 313 91 78 177 65 41 112 222 84 71 269 73 64 138 107 43 103 134 87 24
is_linear=0
shrinkage=0.05


Tree=95
num_leaves=31
num_cat=0
split_feature=4 4 4 0 5 2 6 0 1 6 4 5 6 2 0 6 0 5 2 5 6 2 5 4 4 5 1 2 0 4
split_gain=0.0248558 0.0157429 0.0255893 0.0234969 0.0226883 0.0219065 0.0140236 0.012547 0.0111099 0.0243321 0.0155308 0.0109732 0.010677 0.0168873 0.0145067 0.0116611 0.0100551 0.00994639 0.00969256 0.00802014 0.0104402 0.0135896 0.00782325 0.0194575 0.00763618 0.0198139 0.0205254 0.016023 0.0149015 0.00789445
threshold=0.81675000000000009 0.33030000000000009 0.5839000000000002 0.11226050000000001 0.77995000000000014 0.44910700000000009 0.88535000000000019 0.61465000000000014 0.14044900000000002 0.51030000000000009 0.71825000000000017 0.073900000000000007 0.71010000000000006 0.49876600000000004 0.48470100000000005 0.45075000000000004 0.30358400000000002 0.15850000000000003 0.60234750000000015 0.16890000000000002 0.58385000000000009 0.77958450000000012 0.13075000000000003 0.74785000000000013 0.90300000000000014 0.65955000000000019 0.31018950000000006 0.46363900000000008 0.25094200000000005 0.92830000000000013
decision_type=2 2 2 2 2 2 2 2 2 2 2 2 2 2 2 2 2 2 2 2 2 2 2 2 2 2 2 2 2 2
left_child=1 16 5 4 11 17 8 12 10 -10 -5 -4 13 -2 15 -15 -1 -3 -9 -7 -21 -22 -11 -24 27 26 29 -14 -29 -26
right_child=7 2 3 6 -6 19 -8 18 9 22 -12 -13 24 14 -16 -17 -18 -19 -20 20 21 -23 23 -25 25 -27 -28 28 -30 -31
leaf_value=-0.0076283535382786101 0 -0.0057136874239970496 0 0 0 0 0.0036430185859172605 0.00027136231624154292 0.0014590384842439246 0 0.0075420550598574027 -0.0052139210997473803 0 0 0 0.0058599915721481701 0 0 0.009734466589896594 0 0.0048464440701704286 0 -0.0064097492438579626 0 0.012866077591831008 -0.0019492640571657116 0 -0.0073331116335386571 0 0
leaf_weight=1.1517182309180487 2.4145845379680413 0.87565114535391586 0.81564824841916728 0.43472627364098915 2.1019468307495117 2.9404688142240039 2.1202973201870909 2.2526888735592361 2.117442172020672 1.5153134595602749 0.70059735327959061 6.8061523642390966 0.67788614332675967 0.85181673616170872 0.62576464563608158 3.9931522402912378 0.35117704607546318 4.6458583381026983 0.97980906441807736 3.1868636365979901 6.2001495603471977 1.9807558450847862 3.5744777880609035 1.5299530327320097 0.59210190922021932 1.6046685874462125 0.51628962904214848 1.6896878927946093 0.6944834105670451 0.92476485855877399
leaf_count=38 52 28 20 12 35 80 35 37 42 33 11 162 11 19 10 70 8 118 14 82 138 39 69 26 11 24 9 31 12 18
internal_value=9.70299e-05 -0.000464041 -0.000150765 -0.00143376 -0.00324728 0.00100357 0 0.00172671 -0.00074884 -0.0017367 0.00233113 -0.0045564 0.000666578 0.00203038 0.00367258 0.00474645 -0.00545527 -0.00111472 0.00484615 0.0021701 0.00276862 0.0037104 -0.00350948 -0.00443402 -0.000209475 0.000351013 0.00451672 -0.00244664 -0.00487285 0.00765843
internal_weight=60.8669 43.0492 41.5463 21.7166 9.72375 19.8297 11.9928 17.8177 9.87251 8.73719 1.13532 7.6218 14.5852 7.88532 5.47073 4.84497 1.5029 5.52151 3.2325 14.3082 11.3678 8.18091 6.61974 5.10443 6.69988 3.63782 2.03316 3.06206 2.38417 1.51687
internal_count=1294 976 930 445 217 485 228 318 193 170 23 182 267 151 99 89 46 146 51 339 259 177 128 95 116 62 38 54 43 29
is_linear=0
shrinkage=0.05


Tree=96
num_leaves=31
num_cat=0
split_feature=1 3 3 6 2 3 3 6 5 0 3 6 3 3 5 6 0 1 5 5 3 6 1 2 5 6 0 6 0 3
split_gain=0.0237729 0.0205793 0.0429221 0.0224831 0.0194871 0.014166 0.0136622 0.0166266 0.0188524 0.0164397 0.0139126 0.0115656 0.0108563 0.00944162 0.00942647 0.0153583 0.00711136 0.0104888 0.0103865 0.00960454 0.00818417 0.0123777 0.0110582 0.00728792 0.00654604 0.00534545 0.0103444 0.00965094 0.0108206 0.0050048
threshold=0.10507100000000001 0.5866260000000002 0.46828850000000005 0.63255000000000006 0.3857890000000001 0.82210850000000002 0.13543150000000001 0.87465000000000015 0.44140000000000007 0.27472200000000008 0.64220600000000017 0.83400000000000019 0.23109650000000001 0.14551050000000001 0.83860000000000012 0.79965000000000008 0.64369950000000009 0.31453500000000006 0.085900000000000018 0.82500000000000007 0.25871600000000006 0.58580000000000021 0.71511550000000013 0.51074100000000011 0.75540000000000007 0.74390000000000012 0.26728000000000002 0.52405000000000013 0.25836450000000005 0.29068750000000004
decision_type=2 2 2 2 2 2 2 2 2 2 2 2 2 2 2 2 2 2 2 2 2 2 2 2 2 2 2 2 2 2
left_child=1 2 4 5 14 24 9 13 10 -2 12 -4 -9 -8 15 -1 17 25 -18 -19 -20 -22 23 -23 -3 27 -27 -15 -29 -6
right_child=6 3 11 -5 29 -7 7 8 -10 -11 -12 -13 -14 16 -16 -17 18 19 20 -21 21 22 -24 -25 -26 26 -28 28 -30 -31
leaf_value=-0.009157794373773058 0 0.0090292602310552816 -0.0096607560284936722 -0.00063726979940901456 -0.00062380141055658981 0 -0.0046380488816694871 0 0 0.0072273137490439024 0 0 0.011109883152848445 0 0 0 -0.00025334521447790097 -0.0023826586483486362 0 0 0 0.012603958003493655 0 0 0 -0.0034553455834940594 0.0018522466916593046 0.0050068996045208687 0 0.0013284034209524286
leaf_weight=1.2989939842373197 0.50847276300191824 1.2417320329695933 2.131939902901649 4.7208295129239559 8.2440015282481891 1.0621157288551328 0.98110745847225445 0.73283412680029814 3.4216384869068861 1.7582370974123476 0.54666131362318982 0.79966064542531956 1.1768247522413728 2.5000405274331623 0.6549085397273301 0.58800894580781449 0.57272575050592323 7.9361605476587993 1.7450815699994562 1.6179579887539146 1.3000982142984869 0.78750985488295577 0.78593669459223736 0.88959770277142525 0.60569830052554596 1.750362001359463 0.99846923351287831 2.6716872621327639 1.6838891021907327 5.1503867488354436
leaf_count=43 11 27 50 94 204 24 23 16 57 33 10 18 20 60 14 18 13 164 31 25 23 12 12 13 10 36 19 59 41 114
internal_value=0 -0.00107338 -0.0020374 0.000659085 -0.000643825 0.00437513 0.000913917 0.000465539 0.00284967 0.00486275 0.00611777 -0.0076925 0.00805699 0 -0.00457782 -0.00630268 0.000117158 -0.000130818 0.00169684 -0.00149615 0.00279206 0.00407596 0.00609211 0.00831168 0.00691137 0.000713553 0 0.00162223 0.00308599 0
internal_weight=60.8636 26.4983 18.8679 7.63038 15.9363 2.90955 34.3653 32.0986 5.87796 2.26671 2.45632 2.9316 1.90966 26.2206 2.54191 1.887 25.2395 19.1586 6.08095 9.55412 5.50822 3.76314 2.46304 1.67711 1.84743 9.60445 2.74883 6.85562 4.35558 13.3944
internal_count=1294 616 461 155 393 61 678 634 103 44 46 68 36 531 75 61 508 404 104 189 91 60 37 25 37 215 55 160 100 318
is_linear=0
shrinkage=0.05


Tree=97
num_leaves=31
num_cat=0
split_feature=4 1 4 4 6 5 1 1 2 5 5 4 3 3 5 2 2 1 6 6 5 3 2 3 2 3 5 6 3 1
split_gain=0.030029 0.0225688 0.0220371 0.0203886 0.0153914 0.0139866 0.0148386 0.01942 0.013875 0.0117064 0.0171902 0.0169898 0.0176611 0.0177797 0.0114052 0.0106569 0.0135973 0.0124464 0.010372 0.00821764 0.00994599 0.00828802 0.00652438 0.00614162 0.00549546 0.0055244 0.00550503 0.00516993 0.00516648 0.00470138
threshold=0.81675000000000009 0.073900000000000007 0.5839000000000002 0.57160000000000011 0.93190000000000006 0.67545000000000011 0.12217850000000001 0.10507100000000001 0.34618400000000005 0.21310000000000004 0.66295000000000004 0.36300000000000004 0.20753950000000002 0.63066500000000014 0.12210000000000001 0.74037600000000003 0.18003350000000004 0.81394100000000014 0.8791000000000001 0.45075000000000004 0.20425000000000001 0.66457650000000013 0.33973750000000008 0.75482900000000008 0.91677150000000018 0.15696150000000003 0.86345000000000016 0.52405000000000013 0.7918670000000001 0.39820000000000005
decision_type=2 2 2 2 2 2 2 2 2 2 2 2 2 2 2 2 2 2 2 2 2 2 2 2 2 2 2 2 2 2
left_child=1 2 3 9 14 6 7 -3 29 -1 11 -11 -13 -14 -4 16 -8 18 28 -10 -21 -22 -7 -24 25 -16 -27 -17 -18 -2
right_child=8 5 4 -5 -6 22 15 -9 19 10 -12 12 13 -15 24 27 17 -19 -20 20 21 -23 23 -25 -26 26 -28 -29 -30 -31
leaf_value=-0.0039668814131344271 -0.0025929400032987031 0 0 0.0081153125818557107 0 0.0055758625098987144 0.0009856546785571112 0.010954970335949485 0 -0.0005289552100949228 -0.0029344888492183136 0 0.0090371268131609669 0 0 0.0036094815020120265 -0.0043953548151047421 0 0 0 0.0043274632494036029 0 0 0.0034581914013469594 0 -0.0061735355397116738 0 0 0 0
leaf_weight=2.0864859838038683 1.648157488554719 0.43658445775509491 0.95981211960315338 0.59589871205389577 0.50379713997244913 1.5288392975926379 1.0847676023840893 0.50904769636690617 1.4877977184951294 0.57356222532689605 2.3315143063664436 0.58266183733940158 1.7724833693355324 0.87060393020510662 0.89271814562380303 0.9412800744175901 7.2891521863639301 0.55862269550561983 1.8048733603209264 2.5009431652724734 8.6879163756966573 2.3931745588779441 5.1952639110386372 1.2922975923866031 0.50527910143136967 5.9269064348191023 0.60506973043084133 3.3419532254338264 0.83606010861694802 1.1225610561668871
leaf_count=65 35 16 24 13 9 30 24 11 32 19 58 19 46 21 22 19 183 10 36 54 142 36 96 19 10 135 10 64 17 19
internal_value=0.000100589 -0.000526077 -0.00190311 0 -0.00357593 0.000287034 -0.000287071 0.00484474 0.00188511 -0.000786187 0 0.0023773 0.00439784 0.00628849 -0.00421712 -0.000934904 -0.00184989 -0.00262189 -0.00321861 0.00254741 0.00294898 0.00358686 0.0020951 0.000443641 -0.00484362 -0.00518284 -0.00570615 0.000382518 -0.00397305 0
internal_weight=60.8661 43.0255 18.2068 8.81321 9.39358 24.8187 16.8023 0.945632 17.8406 8.21731 6.13083 3.79931 3.22575 2.64309 8.88979 15.8567 11.5735 10.4887 9.93009 15.0698 13.582 11.0811 8.0164 6.48756 7.92997 7.42469 6.53198 4.28323 8.12521 2.77072
internal_count=1294 976 451 241 210 525 380 27 318 228 163 105 86 67 201 353 270 246 236 264 232 178 145 115 177 167 145 83 200 54
is_linear=0
shrinkage=0.05


Tree=98
num_leaves=31
num_cat=0
split_feature=4 0 3 6 4 6 4 4 3 0 4 3 3 6 0 1 6 6 4 3 6 2 0 4 4 3 4 4 2 2
split_gain=0.0334978 0.0232585 0.026176 0.0216909 0.0382262 0.0254649 0.0174965 0.0166404 0.0162407 0.0176833 0.0208558 0.0155176 0.0148453 0.0200526 0.0121465 0.0114885 0.0206102 0.0109 0.0153267 0.0119817 0.0104868 0.01554 0.0126258 0.0139658 0.00982842 0.00905363 0.00814986 0.00699799 0.0142786 0.00890895
threshold=0.81675000000000009 0.11226050000000001 0.5866260000000002 0.74780000000000013 0.69750000000000012 0.80945000000000011 0.46810000000000007 0.41885000000000006 0.13955550000000003 0.25836450000000005 0.71825000000000017 0.76384500000000011 0.18607300000000002 0.8721000000000001 0.61465000000000014 0.79546900000000009 0.75780000000000014 0.63255000000000006 0.55435000000000012 0.7604390000000002 0.71010000000000006 0.49876600000000004 0.48470100000000005 0.86545000000000016 0.65575000000000017 0.64962700000000007 0.57645000000000013 0.90300000000000014 0.46363900000000008 0.42913650000000009
decision_type=2 2 2 2 2 2 2 2 2 2 2 2 2 2 2 2 2 2 2 2 2 2 2 2 2 2 2 2 2 2
left_child=1 2 3 7 6 -6 -5 -1 24 10 -10 15 -8 -14 20 16 25 19 -19 -4 21 -2 23 -23 -3 -11 -13 28 -22 -29
right_child=14 8 17 4 5 -7 12 -9 9 11 -12 26 13 -15 -16 -17 -18 18 -20 -21 27 22 -24 -25 -26 -27 -28 29 -30 -31
leaf_value=0 0 0.0075606487184982406 0.0068039794853641915 0 0 -0.010489652042122214 0 -0.0062417041566746045 0 -0.004533816042648426 0.0078645320334391616 0.0042728924606149328 0.011509320779499599 0 0.0050114043194629939 0.00092996724648869748 0 -0.0056437930563953105 0 0 0 0.0087858673005498412 0 0.00063657749987724868 0 0 0 -0.0010768492049006663 -0.0045791609088139023 0.0027617489691950494
leaf_weight=1.3859765175730006 2.4146331734955329 1.0504764150828148 1.0958073232322925 1.3712635282427075 0.63625660724937905 1.2168064434081314 0.6233889497816566 6.0338934194296598 3.9842482600361135 7.2316976673901081 1.1778143495321272 1.426344629377126 0.99706403538584687 0.89289681427180767 3.2504395321011534 0.81967818737030107 6.0712247826159 1.161274563521147 2.165188992395997 1.1923404559493063 0.67902573943138156 1.7139958292245863 0.62582513689994801 3.1624911054968834 0.89829637855291355 0.4538877885788678 1.1117019839584825 0.79939696937799487 2.37647351808846 2.8489383608102798
leaf_count=46 52 24 23 40 12 28 16 163 104 162 21 23 20 21 51 15 115 31 41 27 11 31 10 58 17 9 18 16 43 46
internal_value=0 -0.000684047 -0.00202926 -0.00328588 -6.42754e-06 -0.0064491 0.00189679 -0.00512311 0.000156867 -1.65774e-05 0.00226076 -0.00100306 0.00471416 0.00691632 0.0018809 -0.00182013 -0.00235035 4.65571e-05 -0.000736338 0.00326156 0.000815965 0.00211961 0.00365565 0.00462462 0.00448405 -0.00405585 0.00168531 0 -0.00226805 0.000580448
internal_weight=60.8687 42.9975 18.7722 13.1575 5.73768 1.85306 3.88461 7.41987 24.2254 22.2766 5.16206 17.1145 2.51335 1.88996 17.8712 14.5765 13.7568 5.61461 3.32646 2.28815 14.6208 7.91695 5.50231 4.87649 1.94877 7.68559 2.53805 6.70383 3.0555 3.64834
internal_count=1294 976 468 346 137 40 97 209 508 467 125 342 57 41 318 301 286 122 72 50 267 151 99 89 41 171 41 116 54 62
is_linear=0
shrinkage=0.05


Tree=99
num_leaves=31
num_cat=0
split_feature=4 0 4 4 4 5 6 6 6 4 5 5 2 6 4 4 4 6 0 4 5 5 2 4 5 5 6 4 2 6
split_gain=0.0288098 0.0201937 0.0135842 0.0192898 0.0319764 0.0169863 0.0146369 0.0230873 0.0127083 0.0198614 0.0125643 0.015132 0.0128232 0.0113307 0.0111627 0.0108476 0.00965679 0.00912641 0.00822018 0.00854951 0.00786599 0.00655 0.00622967 0.00615396 0.0060692 0.00959521 0.00543954 0.00528326 0.0051732 0.00476049
threshold=0.81675000000000009 0.11226050000000001 0.5839000000000002 0.45485000000000003 0.41885000000000006 0.7743500000000002 0.85990000000000011 0.7420500000000001 0.71010000000000006 0.86545000000000016 0.68265000000000009 0.41370000000000001 0.33973750000000008 0.56840000000000013 0.33665000000000006 0.75930000000000009 0.87895000000000012 0.8791000000000001 0.0097500000000000017 0.90300000000000014 0.073900000000000007 0.81695000000000018 0.44910700000000009 0.96935000000000004 0.20765000000000003 0.78770000000000018 0.92405000000000015 0.92830000000000013 0.89411150000000006 0.86270000000000013
decision_type=2 2 2 2 2 2 2 2 2 2 2 2 2 2 2 2 2 2 2 2 2 2 2 2 2 2 2 2 2 2
left_child=1 2 3 4 14 20 7 -5 9 -2 11 17 -12 -13 -1 28 -11 -3 19 -10 -4 -7 -16 27 -20 -26 -22 -18 -15 -14
right_child=8 10 5 6 -6 21 -8 -9 18 16 12 13 29 15 22 -17 23 -19 24 -21 26 -23 -24 -25 25 -27 -28 -29 -30 -31
leaf_value=-0.0038611172117335828 0.0066572392977977532 0 0 0 -0.0089325807294992777 0.0043880924634734286 -0.00022935537733813295 0.010241327950662665 -0.0042990290298437562 -0.0022827895557441902 0.0064802447828775454 0 0 -0.0052286204891324999 0 0 0 0.0040656513373342846 0 0 -0.0051957583446222665 -0.00096870263509344062 0.0035306076967014047 0 0.004095529220716993 0 0 0.0045524716920629866 0 0.0026818511813189467
leaf_weight=1.1154868751764317 3.0339961312711257 8.3013495188206488 0.81492723897099306 2.570742448791862 1.293295484036207 0.67375779338181052 0.84888560883700837 0.96072334982454766 1.5124714672565445 0.86100821942090977 1.410549784079193 1.681370174512266 4.6816895268857479 3.7056672740727663 0.38200620375573668 0.80701825954020012 2.8433227650821209 1.4931545983999956 0.94961045123636711 1.4980727247893808 6.2416889369487762 1.4729275926947591 1.9344735033810136 0.61274574138224114 2.957474160939455 1.3103872798383234 0.44047123938798893 2.3216339461505413 0.56714047864079464 1.5703585930168626
leaf_count=36 58 205 20 66 41 11 20 21 28 17 26 36 84 77 12 14 52 31 20 25 151 25 55 11 48 18 10 41 10 25
internal_value=7.68725e-05 -0.000537725 -0.00180644 0 -0.00254411 -0.00313019 0.00194752 0.00383955 0.00182467 0.00306326 0.000242274 -0.000284738 0.00201404 -0.00227985 0 -0.00351476 0.000604356 0.000596286 0 -0.00164599 -0.00426103 0 0.00201238 0.0019168 0.00150992 0.00249986 -0.00482053 0.00265025 -0.00456455 0.0001331
internal_weight=60.8684 42.9677 18.7494 9.10561 4.72526 9.64377 4.38035 3.53147 17.9007 9.67271 24.2183 16.5557 7.6626 6.7612 3.43197 5.07983 6.63871 9.7945 8.22802 3.01054 7.49709 2.14669 2.31648 5.7777 5.21747 4.26786 6.68216 5.16496 4.27281 6.25205
internal_count=1294 976 468 251 144 217 107 87 318 179 508 373 135 137 103 101 121 236 139 53 181 36 67 104 86 66 161 93 87 109
is_linear=0
shrinkage=0.05


end of trees

feature_importances:
Column_5=575
Column_3=556
Column_6=555
Column_4=482
Column_2=378
Column_1=239
Column_0=215

parameters:
[boosting: gbdt]
[objective: rank_xendcg]
[metric: ndcg]
[tree_learner: serial]
[device_type: cpu]
[data_sample_strategy: bagging]
[data: ]
[valid: ]
[num_iterations: 100]
[learning_rate: 0.05]
[num_leaves: 31]
[num_threads: 0]
[seed: 42]
[deterministic: 0]
[force_col_wise: 1]
[force_row_wise: 0]
[histogram_pool_size: -1]
[max_depth: -1]
[min_data_in_leaf: 10]
[min_sum_hessian_in_leaf: 0.001]
[bagging_fraction: 0.8]
[pos_bagging_fraction: 1]
[neg_bagging_fraction: 1]
[bagging_freq: 5]
[bagging_seed: 400]
[bagging_by_query: 0]
[feature_fraction: 0.9]
[feature_fraction_bynode: 1]
[feature_fraction_seed: 30056]
[extra_trees: 0]
[extra_seed: 12879]
[early_stopping_round: 0]
[early_stopping_min_delta: 0]
[first_metric_only: 0]
[max_delta_step: 0]
[lambda_l1: 0.1]
[lambda_l2: 0.1]
[linear_lambda: 0]
[min_gain_to_split: 0]
[drop_rate: 0.1]
[max_drop: 50]
[skip_drop: 0.5]
[xgboost_dart_mode: 0]
[uniform_drop: 0]
[drop_seed: 17869]
[top_rate: 0.2]
[other_rate: 0.1]
[min_data_per_group: 100]
[max_cat_threshold: 32]
[cat_l2: 10]
[cat_smooth: 10]
[max_cat_to_onehot: 4]
[top_k: 20]
[monotone_constraints: ]
[monotone_constraints_method: basic]
[monotone_penalty: 0]
[feature_contri: ]
[forcedsplits_filename: ]
[refit_decay_rate: 0.9]
[cegb_tradeoff: 1]
[cegb_penalty_split: 0]
[cegb_penalty_feature_lazy: ]
[cegb_penalty_feature_coupled: ]
[path_smooth: 0]
[interaction_constraints: ]
[verbosity: -1]
[saved_feature_importance_type: 0]
[use_quantized_grad: 0]
[num_grad_quant_bins: 4]
[quant_train_renew_leaf: 0]
[stochastic_rounding: 1]
[linear_tree: 0]
[max_bin: 255]
[max_bin_by_feature: ]
[min_data_in_bin: 3]
[bin_construct_sample_cnt: 200000]
[data_random_seed: 175]
[is_enable_sparse: 1]
[enable_bundle: 1]
[use_missing: 1]
[zero_as_missing: 0]
[feature_pre_filter: 1]
[pre_partition: 0]
[two_round: 0]
[header: 0]
[label_column: ]
[weight_column: ]
[group_column: ]
[ignore_column: ]
[categorical_feature: ]
[forcedbins_filename: ]
[precise_float_parser: 0]
[parser_config_file: ]
[objective_seed: 16083]
[num_class: 1]
[is_unbalance: 0]
[scale_pos_weight: 1]
[sigmoid: 1]
[boost_from_average: 1]
[reg_sqrt: 0]
[alpha: 0.9]
[fair_c: 1]
[poisson_max_delta_step: 0.7]
[tweedie_variance_power: 1.5]
[lambdarank_truncation_level: 30]
[lambdarank_norm: 1]
[label_gain: ]
[lambdarank_position_bias_regularization: 0]
[eval_at: 10]
[multi_error_top_k: 1]
[auc_mu_weights: ]
[num_machines: 1]
[local_listen_port: 12400]
[time_out: 120]
[machine_list_filename: ]
[machines: ]
[gpu_platform_id: -1]
[gpu_device_id: -1]
[gpu_device_id_list: ]
[gpu_use_dp: 0]
[num_gpu: 1]

end of parameters

pandas_categorical:null
